loan_id,customer_id,asset_type,loan_amount,interest_rate,loan_term_months,credit_score,annual_income,days_past_due,ltv,unemployment_rate,default_probability,default_flag,lgd,ead,ecl,stage
LN000001,CUST000001,Auto Loan,23911.58,6.62,120,796,1906778.19,120,64.84,5.83,0.17,0,0.25,23911.58,1016.24,3
LN000002,CUST000002,Structured Credit,6814.36,5.33,120,627,1693942.17,30,94.22,5.51,0.12,0,0.5,6814.36,408.86,2
LN000003,CUST000003,Mortgage,27212.87,11.62,36,684,1957572.34,0,51.74,8.43,0.05,0,0.25,27212.87,340.16,1
LN000004,CUST000004,Mortgage,68832.52,7.2,48,689,2095094.03,120,98.31,8.42,0.24,0,0.4,68832.52,6607.92,3
LN000005,CUST000005,Auto Loan,52909.65,8.1,180,802,2326707.55,60,88.61,8.95,0.09,0,0.4,52909.65,1904.75,2
LN000006,CUST000006,Auto Loan,49007.59,5.8,360,725,1219607.65,0,92.89,6.31,0.06,0,0.4,49007.59,1176.18,1
LN000007,CUST000007,Auto Loan,29851.93,10.86,240,609,2465569.13,0,95.77,5.07,0.12,0,0.4,29851.93,1432.89,1
LN000008,CUST000008,Structured Credit,14834.02,5.19,360,803,735236.83,0,85.19,4.44,0.06,0,0.5,14834.02,445.02,1
LN000009,CUST000009,Mortgage,52088.84,10.84,60,557,1857321.61,0,87.33,3.2,0.12,1,0.4,52088.84,2500.26,1
LN000010,CUST000010,Mortgage,20251.88,5.98,120,656,1451520.96,0,66.27,7.36,0.05,0,0.25,20251.88,253.15,1
LN000011,CUST000011,Auto Loan,167521.62,11.21,240,720,2088026.34,0,70.63,4.4,0.02,0,0.25,167521.62,837.61,1
LN000012,CUST000012,Structured Credit,54141.43,10.11,240,607,1322733.67,30,95.95,6.64,0.12,1,0.5,54141.43,3248.49,2
LN000013,CUST000013,Structured Credit,24186.41,6.15,180,839,2013861.93,120,62.7,8.5,0.2,0,0.35,24186.41,1693.05,3
LN000014,CUST000014,Auto Loan,23671.58,8.96,240,633,2342879.61,0,42.52,8.7,0.11,0,0.25,23671.58,650.97,1
LN000015,CUST000015,Auto Loan,34028.0,7.19,36,666,1897662.1,0,85.77,3.03,0.06,0,0.4,34028.0,816.67,1
LN000016,CUST000016,Auto Loan,30710.15,6.25,48,749,1996212.14,30,74.39,4.9,0.02,0,0.25,30710.15,153.55,2
LN000017,CUST000017,Auto Loan,79362.69,11.01,60,571,401144.72,120,88.89,8.02,0.3,0,0.4,79362.69,9523.52,3
LN000018,CUST000018,Mortgage,41377.45,7.82,36,768,711154.74,60,44.53,6.22,0.02,0,0.25,41377.45,206.89,2
LN000019,CUST000019,Mortgage,21760.63,7.79,48,775,2442183.42,0,77.27,7.85,0.05,0,0.25,21760.63,272.01,1
LN000020,CUST000020,Auto Loan,136394.74,6.19,36,820,1809670.76,60,54.86,8.12,0.05,0,0.25,136394.74,1704.93,2
LN000021,CUST000021,Mortgage,37590.85,7.68,120,651,1513260.29,120,94.2,5.66,0.21,0,0.4,37590.85,3157.63,3
LN000022,CUST000022,Auto Loan,62204.82,11.1,120,694,1075696.84,30,46.59,5.15,0.02,0,0.25,62204.82,311.02,2
LN000023,CUST000023,Auto Loan,23723.98,7.54,180,696,349875.25,0,90.58,5.73,0.06,0,0.4,23723.98,569.38,1
LN000024,CUST000024,Auto Loan,46825.39,11.66,36,810,1080555.79,120,45.31,6.92,0.17,0,0.25,46825.39,1990.08,3
LN000025,CUST000025,Mortgage,45151.42,11.62,360,828,1372553.96,120,41.51,5.2,0.17,0,0.25,45151.42,1918.94,3
LN000026,CUST000026,Mortgage,9674.47,6.01,240,563,725783.9,0,54.1,7.65,0.11,0,0.25,9674.47,266.05,1
LN000027,CUST000027,Auto Loan,148849.73,6.24,120,815,639557.78,120,59.98,8.42,0.2,0,0.25,148849.73,7442.49,3
LN000028,CUST000028,Mortgage,89630.52,11.04,48,836,1393937.24,0,77.59,4.69,0.02,0,0.25,89630.52,448.15,1
LN000029,CUST000029,Mortgage,27500.6,7.75,180,690,1568284.53,0,47.9,8.79,0.05,0,0.25,27500.6,343.76,1
LN000030,CUST000030,Auto Loan,16787.86,5.03,240,842,789815.32,0,66.24,6.74,0.02,0,0.25,16787.86,83.94,1
LN000031,CUST000031,Mortgage,46318.33,6.92,60,580,1571626.32,0,52.26,8.27,0.11,0,0.25,46318.33,1273.75,1
LN000032,CUST000032,Auto Loan,38587.68,9.18,36,720,2275764.92,0,91.32,3.62,0.06,0,0.4,38587.68,926.1,1
LN000033,CUST000033,Auto Loan,46581.94,10.59,360,754,1314639.83,0,42.7,4.51,0.02,0,0.25,46581.94,232.91,1
LN000034,CUST000034,Structured Credit,41527.21,5.93,120,840,2179127.88,30,61.36,4.93,0.02,0,0.35,41527.21,290.69,2
LN000035,CUST000035,Structured Credit,51759.78,5.77,360,660,2336360.75,0,77.88,4.82,0.02,0,0.35,51759.78,362.32,1
LN000036,CUST000036,Structured Credit,100018.85,11.45,240,617,457886.57,90,94.79,4.03,0.27,1,0.5,100018.85,13502.54,3
LN000037,CUST000037,Auto Loan,54050.4,10.26,48,732,465576.05,60,92.08,8.21,0.09,0,0.4,54050.4,1945.81,2
LN000038,CUST000038,Auto Loan,17417.68,9.13,36,745,1321099.41,60,93.71,5.51,0.06,0,0.4,17417.68,418.02,2
LN000039,CUST000039,Mortgage,94258.28,10.38,360,675,1573230.5,30,43.77,8.78,0.05,0,0.25,94258.28,1178.23,2
LN000040,CUST000040,Mortgage,114511.46,8.0,48,724,1208237.8,0,90.46,6.5,0.06,0,0.4,114511.46,2748.28,1
LN000041,CUST000041,Auto Loan,329865.32,10.31,180,811,984514.23,60,86.79,3.83,0.06,0,0.4,329865.32,7916.77,2
LN000042,CUST000042,Mortgage,16540.28,7.6,120,835,1692236.76,0,94.15,6.28,0.06,0,0.4,16540.28,396.97,1
LN000043,CUST000043,Auto Loan,43045.69,6.71,120,704,254683.4,60,58.69,8.96,0.05,0,0.25,43045.69,538.07,2
LN000044,CUST000044,Structured Credit,8455.15,10.1,180,618,2428164.88,90,94.71,6.39,0.27,0,0.5,8455.15,1141.45,3
LN000045,CUST000045,Auto Loan,53487.56,7.94,48,657,772177.95,90,64.16,3.01,0.17,1,0.25,53487.56,2273.22,3
LN000046,CUST000046,Mortgage,24742.06,11.87,360,584,2313472.23,0,78.05,8.6,0.11,0,0.25,24742.06,680.41,1
LN000047,CUST000047,Auto Loan,139582.63,7.45,36,593,495283.18,60,65.45,4.41,0.08,0,0.25,139582.63,2791.65,2
LN000048,CUST000048,Mortgage,21115.65,11.45,48,692,785696.16,30,65.66,7.13,0.05,0,0.25,21115.65,263.95,2
LN000049,CUST000049,Mortgage,11131.92,11.53,36,760,778465.83,30,72.8,6.09,0.02,0,0.25,11131.92,55.66,2
LN000050,CUST000050,Auto Loan,26111.09,6.69,240,834,2491344.03,60,61.36,4.95,0.02,0,0.25,26111.09,130.56,2
LN000051,CUST000051,Structured Credit,9110.28,10.59,180,555,260351.23,90,87.56,4.7,0.27,0,0.5,9110.28,1229.89,3
LN000052,CUST000052,Mortgage,61437.13,8.03,60,767,1689185.97,0,78.02,8.57,0.05,0,0.25,61437.13,767.96,1
LN000053,CUST000053,Structured Credit,8556.46,11.42,36,576,2206794.81,120,81.39,8.47,0.3,0,0.5,8556.46,1283.47,3
LN000054,CUST000054,Structured Credit,37046.17,8.15,120,776,1762615.72,0,53.86,6.08,0.02,0,0.35,37046.17,259.32,1
LN000055,CUST000055,Mortgage,8480.56,10.21,240,833,1066151.09,90,98.17,4.55,0.21,0,0.4,8480.56,712.37,3
LN000056,CUST000056,Structured Credit,29021.48,8.27,120,605,2406196.07,60,79.61,3.61,0.08,0,0.35,29021.48,812.6,2
LN000057,CUST000057,Auto Loan,114733.2,6.59,240,654,2260421.7,90,51.83,3.94,0.17,0,0.25,114733.2,4876.16,3
LN000058,CUST000058,Auto Loan,46744.58,6.4,120,567,1226398.57,120,85.03,6.13,0.27,0,0.4,46744.58,5048.41,3
LN000059,CUST000059,Auto Loan,19841.97,7.98,48,754,1539989.11,90,50.42,4.85,0.17,1,0.25,19841.97,843.28,3
LN000060,CUST000060,Auto Loan,35530.88,10.29,360,592,2426918.17,0,43.8,3.25,0.08,0,0.25,35530.88,710.62,1
LN000061,CUST000061,Auto Loan,36776.41,9.24,48,638,2460760.81,0,71.65,5.73,0.08,0,0.25,36776.41,735.53,1
LN000062,CUST000062,Auto Loan,50556.22,9.82,48,623,1262102.37,90,73.21,7.48,0.26,0,0.25,50556.22,3286.15,3
LN000063,CUST000063,Structured Credit,13949.5,6.98,360,706,2156537.56,60,51.34,8.35,0.05,0,0.35,13949.5,244.12,2
LN000064,CUST000064,Auto Loan,54983.98,8.37,240,815,929455.51,90,60.9,6.51,0.17,1,0.25,54983.98,2336.82,3
LN000065,CUST000065,Auto Loan,5469.41,5.31,240,683,1086578.96,0,96.75,7.34,0.09,0,0.4,5469.41,196.9,1
LN000066,CUST000066,Mortgage,23367.02,10.72,360,638,620849.24,0,57.1,5.18,0.08,0,0.25,23367.02,467.34,1
LN000067,CUST000067,Auto Loan,25802.03,11.93,120,785,720665.33,120,49.33,5.98,0.17,0,0.25,25802.03,1096.59,3
LN000068,CUST000068,Structured Credit,56575.36,7.85,36,681,1727964.93,0,99.55,7.38,0.09,0,0.5,56575.36,2545.89,1
LN000069,CUST000069,Auto Loan,36895.38,5.08,240,778,1399258.64,0,58.14,7.37,0.05,0,0.25,36895.38,461.19,1
LN000070,CUST000070,Structured Credit,13576.64,6.19,120,583,770046.69,0,80.82,5.55,0.12,1,0.5,13576.64,814.6,1
LN000071,CUST000071,Mortgage,18224.18,9.57,36,632,1156546.64,0,53.89,6.26,0.08,0,0.25,18224.18,364.48,1
LN000072,CUST000072,Auto Loan,41734.19,9.28,360,681,1089662.78,0,73.01,8.54,0.05,0,0.25,41734.19,521.68,1
LN000073,CUST000073,Auto Loan,34360.15,10.52,48,753,2471560.46,90,63.18,6.79,0.17,1,0.25,34360.15,1460.31,3
LN000074,CUST000074,Structured Credit,24212.23,6.78,240,836,2170523.13,60,97.69,6.86,0.06,0,0.5,24212.23,726.37,2
LN000075,CUST000075,Mortgage,25936.75,10.35,60,807,1122924.25,0,65.97,7.71,0.05,0,0.25,25936.75,324.21,1
LN000076,CUST000076,Mortgage,59119.59,9.82,48,841,2306312.3,60,75.05,3.69,0.02,0,0.25,59119.59,295.6,2
LN000077,CUST000077,Mortgage,25276.12,7.26,180,674,1020929.63,0,96.69,6.14,0.06,0,0.4,25276.12,606.63,1
LN000078,CUST000078,Auto Loan,34143.79,8.82,36,700,1752778.4,90,99.35,8.76,0.24,0,0.4,34143.79,3277.8,3
LN000079,CUST000079,Auto Loan,165869.33,6.03,60,796,2424962.49,60,46.1,5.17,0.02,0,0.25,165869.33,829.35,2
LN000080,CUST000080,Auto Loan,13405.52,8.17,48,724,1128127.44,0,90.06,4.77,0.06,0,0.4,13405.52,321.73,1
LN000081,CUST000081,Structured Credit,9933.92,11.17,240,629,1779741.17,30,62.93,6.61,0.08,0,0.35,9933.92,278.15,2
LN000082,CUST000082,Mortgage,62850.41,7.95,60,656,915828.57,0,75.69,4.33,0.02,0,0.25,62850.41,314.25,1
LN000083,CUST000083,Auto Loan,22582.94,10.88,120,849,849202.71,90,62.5,6.34,0.17,0,0.25,22582.94,959.77,3
LN000084,CUST000084,Auto Loan,29063.37,9.13,36,607,1541852.5,0,64.07,3.93,0.08,0,0.25,29063.37,581.27,1
LN000085,CUST000085,Auto Loan,21019.18,6.34,180,640,2453345.35,0,49.53,6.48,0.08,0,0.25,21019.18,420.38,1
LN000086,CUST000086,Auto Loan,30276.89,9.07,120,684,1269551.16,0,74.37,6.61,0.02,0,0.25,30276.89,151.38,1
LN000087,CUST000087,Mortgage,111187.88,8.54,60,718,2359683.18,120,72.8,5.51,0.17,0,0.25,111187.88,4725.48,3
LN000088,CUST000088,Mortgage,63671.35,7.79,48,671,2307317.92,60,51.36,5.3,0.02,0,0.25,63671.35,318.36,2
LN000089,CUST000089,Structured Credit,66406.91,5.84,36,785,820965.88,30,72.5,4.47,0.02,0,0.35,66406.91,464.85,2
LN000090,CUST000090,Mortgage,13475.67,7.92,240,625,1154093.67,0,98.39,4.99,0.12,1,0.4,13475.67,646.83,1
LN000091,CUST000091,Auto Loan,16223.12,5.51,180,572,1697430.58,0,82.86,5.99,0.12,1,0.4,16223.12,778.71,1
LN000092,CUST000092,Mortgage,4977.31,5.69,48,622,1415603.24,0,68.86,4.49,0.08,0,0.25,4977.31,99.55,1
LN000093,CUST000093,Mortgage,20607.98,7.91,180,637,465906.69,90,94.97,7.7,0.3,1,0.4,20607.98,2472.96,3
LN000094,CUST000094,Mortgage,70947.27,7.14,240,652,2485820.57,60,74.52,7.25,0.05,0,0.25,70947.27,886.84,2
LN000095,CUST000095,Mortgage,52149.12,11.48,360,643,1943471.5,0,48.1,4.62,0.08,0,0.25,52149.12,1042.98,1
LN000096,CUST000096,Mortgage,31099.3,7.63,36,815,1234811.59,90,72.85,3.58,0.17,1,0.25,31099.3,1321.72,3
LN000097,CUST000097,Mortgage,35753.01,10.31,60,802,1640879.24,0,50.86,3.0,0.02,0,0.25,35753.01,178.77,1
LN000098,CUST000098,Mortgage,22421.6,8.71,180,607,447038.84,60,86.05,6.58,0.12,0,0.4,22421.6,1076.24,2
LN000099,CUST000099,Auto Loan,41912.16,9.93,36,558,1364428.72,0,98.03,4.27,0.12,0,0.4,41912.16,2011.78,1
LN000100,CUST000100,Auto Loan,62076.0,6.82,180,562,2344372.94,30,61.65,3.08,0.08,1,0.25,62076.0,1241.52,2
LN000101,CUST000101,Auto Loan,11717.97,11.59,48,680,2267352.16,0,66.1,5.15,0.02,0,0.25,11717.97,58.59,1
LN000102,CUST000102,Mortgage,44790.59,8.71,180,771,1009106.9,0,65.29,8.77,0.05,0,0.25,44790.59,559.88,1
LN000103,CUST000103,Auto Loan,69752.21,10.82,360,702,1445577.69,0,57.12,7.14,0.05,0,0.25,69752.21,871.9,1
LN000104,CUST000104,Mortgage,27158.08,7.56,48,620,1819112.93,0,87.65,8.15,0.15,0,0.4,27158.08,1629.48,1
LN000105,CUST000105,Structured Credit,59307.46,5.7,48,569,1015020.85,0,77.06,3.87,0.08,0,0.35,59307.46,1660.61,1
LN000106,CUST000106,Auto Loan,260473.94,9.72,36,630,395978.24,90,43.84,3.44,0.23,0,0.25,260473.94,14977.25,3
LN000107,CUST000107,Mortgage,33757.57,5.05,120,777,1387243.73,60,90.33,3.07,0.06,0,0.4,33757.57,810.18,2
LN000108,CUST000108,Mortgage,47825.53,8.33,240,568,1603680.41,120,51.23,8.73,0.26,0,0.25,47825.53,3108.66,3
LN000109,CUST000109,Auto Loan,21662.98,6.35,180,714,263143.6,90,98.75,4.8,0.21,0,0.4,21662.98,1819.69,3
LN000110,CUST000110,Auto Loan,41228.12,9.39,60,656,465044.59,60,62.6,5.76,0.02,0,0.25,41228.12,206.14,2
LN000111,CUST000111,Auto Loan,50120.74,11.86,48,763,716403.95,120,76.99,5.37,0.17,0,0.25,50120.74,2130.13,3
LN000112,CUST000112,Auto Loan,41622.23,8.25,120,788,1033117.65,0,44.67,7.38,0.05,0,0.25,41622.23,520.28,1
LN000113,CUST000113,Structured Credit,17786.82,10.72,48,696,1467365.25,0,60.68,4.86,0.02,0,0.35,17786.82,124.51,1
LN000114,CUST000114,Structured Credit,41959.21,8.55,120,730,911146.57,60,88.14,6.21,0.06,0,0.5,41959.21,1258.78,2
LN000115,CUST000115,Mortgage,101066.82,8.47,120,747,871413.58,90,68.63,8.97,0.2,0,0.25,101066.82,5053.34,3
LN000116,CUST000116,Structured Credit,49714.16,11.51,60,836,2206036.02,120,94.28,5.66,0.21,1,0.5,49714.16,5219.99,3
LN000117,CUST000117,Structured Credit,71210.18,11.23,120,602,576363.94,120,74.51,6.31,0.23,0,0.35,71210.18,5732.42,3
LN000118,CUST000118,Auto Loan,30763.73,10.5,60,789,1364785.3,90,95.71,6.02,0.21,0,0.4,30763.73,2584.15,3
LN000119,CUST000119,Structured Credit,61385.58,7.07,36,839,2393855.61,0,98.96,7.82,0.09,0,0.5,61385.58,2762.35,1
LN000120,CUST000120,Mortgage,44156.15,8.82,48,836,1656279.81,0,67.23,4.6,0.02,0,0.25,44156.15,220.78,1
LN000121,CUST000121,Structured Credit,18664.2,6.57,60,737,1863712.33,0,73.91,4.02,0.02,0,0.35,18664.2,130.65,1
LN000122,CUST000122,Structured Credit,45386.26,8.11,240,555,1220283.23,30,90.1,7.52,0.15,0,0.5,45386.26,3403.97,2
LN000123,CUST000123,Auto Loan,18138.87,8.39,360,832,294847.38,60,53.29,5.49,0.02,0,0.25,18138.87,90.69,2
LN000124,CUST000124,Auto Loan,23318.07,10.82,48,812,1703793.33,0,91.7,8.48,0.09,0,0.4,23318.07,839.45,1
LN000125,CUST000125,Auto Loan,41461.88,11.27,360,598,1671829.63,30,75.52,6.86,0.08,0,0.25,41461.88,829.24,2
LN000126,CUST000126,Mortgage,44715.3,7.9,240,749,498462.18,0,83.53,6.39,0.06,0,0.4,44715.3,1073.17,1
LN000127,CUST000127,Structured Credit,15796.4,5.12,180,609,1289859.36,30,44.79,3.42,0.08,0,0.35,15796.4,442.3,2
LN000128,CUST000128,Structured Credit,75946.93,11.03,240,582,2309490.13,90,85.97,7.38,0.3,0,0.5,75946.93,11392.04,3
LN000129,CUST000129,Auto Loan,54198.28,6.22,36,793,711440.87,30,58.65,7.12,0.05,0,0.25,54198.28,677.48,2
LN000130,CUST000130,Mortgage,22174.32,9.35,180,721,1287472.2,0,88.31,6.84,0.06,0,0.4,22174.32,532.18,1
LN000131,CUST000131,Mortgage,12378.18,5.17,180,756,1287482.17,0,70.55,4.61,0.02,0,0.25,12378.18,61.89,1
LN000132,CUST000132,Auto Loan,32812.56,7.8,120,832,2074213.3,120,56.48,8.68,0.2,0,0.25,32812.56,1640.63,3
LN000133,CUST000133,Auto Loan,26578.01,11.9,240,571,2105295.71,0,97.17,4.93,0.12,0,0.4,26578.01,1275.74,1
LN000134,CUST000134,Auto Loan,39308.59,5.7,120,596,1958356.19,0,85.9,3.91,0.12,0,0.4,39308.59,1886.81,1
LN000135,CUST000135,Structured Credit,28164.52,7.97,240,707,1072271.86,30,99.14,8.92,0.09,0,0.5,28164.52,1267.4,2
LN000136,CUST000136,Auto Loan,8908.67,7.15,180,807,412083.08,0,61.87,7.48,0.05,0,0.25,8908.67,111.36,1
LN000137,CUST000137,Mortgage,27671.47,11.34,120,692,1036336.7,60,78.95,5.49,0.02,0,0.25,27671.47,138.36,2
LN000138,CUST000138,Mortgage,29321.22,11.09,360,596,1779530.2,0,76.7,8.62,0.11,0,0.25,29321.22,806.33,1
LN000139,CUST000139,Auto Loan,56588.59,6.66,48,576,1831179.79,0,81.25,3.55,0.12,0,0.4,56588.59,2716.25,1
LN000140,CUST000140,Structured Credit,22275.89,5.57,240,576,2421250.47,30,42.3,3.53,0.08,0,0.35,22275.89,623.72,2
LN000141,CUST000141,Structured Credit,117603.29,9.39,240,694,1270692.77,0,57.5,7.09,0.05,0,0.35,117603.29,2058.06,1
LN000142,CUST000142,Auto Loan,9526.68,7.35,120,624,1672980.06,0,94.56,4.07,0.12,0,0.4,9526.68,457.28,1
LN000143,CUST000143,Mortgage,90927.45,9.7,240,736,1463179.46,120,65.43,8.5,0.2,0,0.25,90927.45,4546.37,3
LN000144,CUST000144,Auto Loan,31038.28,5.22,180,559,588891.76,30,97.64,8.04,0.15,0,0.4,31038.28,1862.3,2
LN000145,CUST000145,Auto Loan,66284.37,5.93,120,670,1287705.56,60,52.81,4.84,0.02,0,0.25,66284.37,331.42,2
LN000146,CUST000146,Auto Loan,38401.85,9.8,120,838,1475879.1,120,99.85,8.33,0.24,0,0.4,38401.85,3686.58,3
LN000147,CUST000147,Mortgage,80635.06,6.49,60,714,2389186.61,30,81.85,3.26,0.06,0,0.4,80635.06,1935.24,2
LN000148,CUST000148,Mortgage,27690.55,11.0,360,813,1074712.87,0,86.58,6.29,0.06,1,0.4,27690.55,664.57,1
LN000149,CUST000149,Auto Loan,16830.8,5.41,360,710,2455222.98,120,63.81,8.61,0.2,0,0.25,16830.8,841.54,3
LN000150,CUST000150,Auto Loan,98159.89,6.51,60,846,1470175.17,0,94.42,8.13,0.09,0,0.4,98159.89,3533.76,1
LN000151,CUST000151,Structured Credit,33542.33,11.99,180,667,795555.8,30,72.73,5.14,0.02,0,0.35,33542.33,234.8,2
LN000152,CUST000152,Auto Loan,42407.94,8.03,48,812,681244.87,0,80.86,4.1,0.06,0,0.4,42407.94,1017.79,1
LN000153,CUST000153,Auto Loan,86191.46,9.92,240,633,568813.56,30,45.69,4.26,0.08,0,0.25,86191.46,1723.83,2
LN000154,CUST000154,Mortgage,17634.83,6.28,36,695,1269098.96,0,77.9,6.09,0.02,0,0.25,17634.83,88.17,1
LN000155,CUST000155,Structured Credit,55096.62,9.27,240,720,299334.47,0,92.74,6.58,0.06,0,0.5,55096.62,1652.9,1
LN000156,CUST000156,Auto Loan,24030.37,10.08,36,563,1251351.89,60,50.7,3.2,0.08,0,0.25,24030.37,480.61,2
LN000157,CUST000157,Mortgage,33106.39,7.2,360,698,2473910.56,0,84.26,5.48,0.06,0,0.4,33106.39,794.55,1
LN000158,CUST000158,Mortgage,38200.17,10.8,180,800,1757740.29,0,41.52,7.98,0.05,0,0.25,38200.17,477.5,1
LN000159,CUST000159,Auto Loan,12706.19,9.22,48,606,1959518.77,0,95.57,5.67,0.12,0,0.4,12706.19,609.9,1
LN000160,CUST000160,Mortgage,21053.33,7.72,48,682,517762.13,120,98.98,4.02,0.21,0,0.4,21053.33,1768.48,3
LN000161,CUST000161,Auto Loan,93503.21,8.9,48,719,1314476.94,90,61.25,8.73,0.2,0,0.25,93503.21,4675.16,3
LN000162,CUST000162,Mortgage,67530.45,9.04,60,651,894001.98,0,46.42,4.6,0.02,0,0.25,67530.45,337.65,1
LN000163,CUST000163,Mortgage,34757.56,6.16,180,655,2261719.44,120,79.51,7.79,0.2,0,0.25,34757.56,1737.88,3
LN000164,CUST000164,Mortgage,43052.97,7.82,36,720,657908.06,120,41.79,4.16,0.17,0,0.25,43052.97,1829.75,3
LN000165,CUST000165,Auto Loan,29555.65,7.4,48,677,1282149.99,60,68.95,5.54,0.02,0,0.25,29555.65,147.78,2
LN000166,CUST000166,Structured Credit,93864.58,7.81,180,799,1573107.37,30,56.31,5.94,0.02,0,0.35,93864.58,657.05,2
LN000167,CUST000167,Auto Loan,31563.39,10.33,240,581,1406592.46,0,68.4,6.0,0.08,0,0.25,31563.39,631.27,1
LN000168,CUST000168,Auto Loan,42714.32,8.38,36,765,2118047.94,90,41.1,6.1,0.17,0,0.25,42714.32,1815.36,3
LN000169,CUST000169,Auto Loan,81001.35,11.58,360,811,770769.64,0,43.1,4.35,0.02,0,0.25,81001.35,405.01,1
LN000170,CUST000170,Mortgage,21074.94,7.06,60,793,1099130.0,30,40.96,6.1,0.02,0,0.25,21074.94,105.37,2
LN000171,CUST000171,Mortgage,108136.81,7.91,120,834,2032189.67,60,77.15,5.89,0.02,0,0.25,108136.81,540.68,2
LN000172,CUST000172,Auto Loan,12440.06,10.51,36,839,1438160.68,0,73.61,4.25,0.02,0,0.25,12440.06,62.2,1
LN000173,CUST000173,Mortgage,113635.3,8.82,360,812,1154764.12,30,53.99,8.93,0.05,0,0.25,113635.3,1420.44,2
LN000174,CUST000174,Auto Loan,27976.69,8.83,360,634,316245.66,120,78.8,8.19,0.26,0,0.25,27976.69,1818.48,3
LN000175,CUST000175,Mortgage,30641.51,5.37,360,594,1945117.2,0,93.05,8.33,0.15,0,0.4,30641.51,1838.49,1
LN000176,CUST000176,Auto Loan,9672.02,7.79,240,749,2437409.68,90,56.64,7.11,0.2,0,0.25,9672.02,483.6,3
LN000177,CUST000177,Mortgage,26413.85,6.9,36,750,1645645.77,120,89.92,3.96,0.21,0,0.4,26413.85,2218.76,3
LN000178,CUST000178,Auto Loan,17538.18,12.0,36,717,2177217.75,0,79.75,6.41,0.02,0,0.25,17538.18,87.69,1
LN000179,CUST000179,Structured Credit,23733.61,7.16,120,789,1412970.42,0,42.03,7.93,0.05,0,0.35,23733.61,415.34,1
LN000180,CUST000180,Auto Loan,32987.45,11.19,48,835,771282.17,0,62.51,3.23,0.02,0,0.25,32987.45,164.94,1
LN000181,CUST000181,Auto Loan,71001.35,9.73,240,739,282494.73,0,70.47,5.98,0.02,0,0.25,71001.35,355.01,1
LN000182,CUST000182,Auto Loan,41995.69,7.39,360,620,1720146.1,90,83.9,5.38,0.27,0,0.4,41995.69,4535.53,3
LN000183,CUST000183,Structured Credit,45043.04,8.8,120,694,1359494.91,90,57.23,4.27,0.17,0,0.35,45043.04,2680.06,3
LN000184,CUST000184,Structured Credit,16867.37,10.88,36,758,2009720.83,0,98.96,5.27,0.06,0,0.5,16867.37,506.02,1
LN000185,CUST000185,Auto Loan,19603.67,11.18,240,757,1813035.44,120,81.07,8.9,0.24,1,0.4,19603.67,1881.95,3
LN000186,CUST000186,Mortgage,127913.24,6.12,60,771,2472892.83,60,62.37,7.34,0.05,0,0.25,127913.24,1598.92,2
LN000187,CUST000187,Structured Credit,21706.33,7.38,36,836,1398203.31,90,45.82,4.8,0.17,0,0.35,21706.33,1291.53,3
LN000188,CUST000188,Mortgage,115768.27,7.35,60,712,1211143.28,60,50.88,6.63,0.02,0,0.25,115768.27,578.84,2
LN000189,CUST000189,Mortgage,30633.74,5.29,180,621,895164.3,90,69.26,4.48,0.23,0,0.25,30633.74,1761.44,3
LN000190,CUST000190,Auto Loan,36373.71,9.19,60,789,1322937.91,30,69.68,6.67,0.02,0,0.25,36373.71,181.87,2
LN000191,CUST000191,Auto Loan,76822.71,10.98,36,676,2213960.83,0,86.06,8.38,0.09,0,0.4,76822.71,2765.62,1
LN000192,CUST000192,Structured Credit,88461.68,7.67,120,634,345489.38,0,83.57,6.34,0.12,0,0.5,88461.68,5307.7,1
LN000193,CUST000193,Structured Credit,33605.04,10.18,36,564,2450275.11,0,52.08,7.4,0.11,0,0.35,33605.04,1293.79,1
LN000194,CUST000194,Mortgage,27673.48,9.39,36,797,2484941.19,0,75.7,5.72,0.02,0,0.25,27673.48,138.37,1
LN000195,CUST000195,Auto Loan,34921.42,7.63,180,832,1595098.1,0,41.24,6.14,0.02,0,0.25,34921.42,174.61,1
LN000196,CUST000196,Auto Loan,46007.99,5.99,360,551,995974.46,60,63.91,7.17,0.11,0,0.25,46007.99,1265.22,2
LN000197,CUST000197,Mortgage,67772.55,9.97,48,623,751860.18,90,85.85,7.87,0.3,1,0.4,67772.55,8132.71,3
LN000198,CUST000198,Structured Credit,36423.19,10.98,36,613,872103.39,30,63.97,6.96,0.08,0,0.35,36423.19,1019.85,2
LN000199,CUST000199,Structured Credit,56006.35,9.8,180,810,362737.21,60,90.14,8.86,0.09,1,0.5,56006.35,2520.29,2
LN000200,CUST000200,Mortgage,114330.86,5.13,120,788,1318999.66,0,98.57,7.92,0.09,0,0.4,114330.86,4115.91,1
LN000201,CUST000201,Mortgage,47425.57,6.51,180,828,378979.61,120,76.43,7.66,0.2,0,0.25,47425.57,2371.28,3
LN000202,CUST000202,Auto Loan,45168.58,5.49,180,750,1866566.98,0,48.7,8.07,0.05,0,0.25,45168.58,564.61,1
LN000203,CUST000203,Auto Loan,12541.05,8.99,60,842,1086841.27,120,62.78,4.69,0.17,1,0.25,12541.05,532.99,3
LN000204,CUST000204,Structured Credit,5758.83,10.3,48,835,698570.65,60,40.57,5.59,0.02,0,0.35,5758.83,40.31,2
LN000205,CUST000205,Mortgage,47660.73,5.77,48,770,1475920.51,0,76.16,6.39,0.02,0,0.25,47660.73,238.3,1
LN000206,CUST000206,Auto Loan,33983.25,10.87,240,711,2440958.44,30,89.29,5.77,0.06,0,0.4,33983.25,815.6,2
LN000207,CUST000207,Auto Loan,25327.65,8.89,360,732,1814044.86,0,77.8,8.08,0.05,0,0.25,25327.65,316.6,1
LN000208,CUST000208,Mortgage,43065.23,9.83,120,814,1356430.41,120,87.17,3.16,0.21,0,0.4,43065.23,3617.48,3
LN000209,CUST000209,Auto Loan,34812.0,11.8,240,681,1998057.17,30,87.99,4.26,0.06,0,0.4,34812.0,835.49,2
LN000210,CUST000210,Auto Loan,79973.15,5.59,360,669,1909322.06,120,91.06,8.29,0.24,1,0.4,79973.15,7677.42,3
LN000211,CUST000211,Mortgage,38571.83,11.31,360,768,2256404.79,0,56.0,3.35,0.02,0,0.25,38571.83,192.86,1
LN000212,CUST000212,Mortgage,21528.95,5.88,180,709,710505.13,120,92.28,4.36,0.21,0,0.4,21528.95,1808.43,3
LN000213,CUST000213,Mortgage,72628.77,7.75,120,849,2182474.55,30,79.25,5.11,0.02,0,0.25,72628.77,363.14,2
LN000214,CUST000214,Auto Loan,31194.85,10.96,360,658,927308.7,90,57.38,7.5,0.2,0,0.25,31194.85,1559.74,3
LN000215,CUST000215,Mortgage,52500.38,11.34,120,787,2367247.59,0,99.24,6.36,0.06,0,0.4,52500.38,1260.01,1
LN000216,CUST000216,Auto Loan,25998.98,8.54,48,842,882396.59,0,97.01,8.73,0.09,1,0.4,25998.98,935.96,1
LN000217,CUST000217,Auto Loan,23043.09,9.16,48,616,2335409.22,120,74.47,4.37,0.23,0,0.25,23043.09,1324.98,3
LN000218,CUST000218,Mortgage,38519.42,9.96,48,736,2418529.11,0,90.59,8.23,0.09,0,0.4,38519.42,1386.7,1
LN000219,CUST000219,Mortgage,36643.09,10.83,36,585,577355.55,30,55.69,4.7,0.08,0,0.25,36643.09,732.86,2
LN000220,CUST000220,Structured Credit,50811.55,5.85,180,598,2442624.74,30,64.96,4.47,0.08,0,0.35,50811.55,1422.72,2
LN000221,CUST000221,Mortgage,30089.99,10.67,120,805,442876.68,0,51.04,5.99,0.02,0,0.25,30089.99,150.45,1
LN000222,CUST000222,Mortgage,10042.17,8.37,180,656,741777.52,0,71.21,3.43,0.02,0,0.25,10042.17,50.21,1
LN000223,CUST000223,Auto Loan,26824.16,8.15,360,557,1249379.76,0,69.76,5.31,0.08,0,0.25,26824.16,536.48,1
LN000224,CUST000224,Auto Loan,63302.05,7.97,120,785,2485594.07,0,52.77,5.13,0.02,0,0.25,63302.05,316.51,1
LN000225,CUST000225,Auto Loan,29490.89,8.56,120,727,1349266.87,0,80.37,3.96,0.06,0,0.4,29490.89,707.78,1
LN000226,CUST000226,Auto Loan,30562.58,11.62,240,791,1488421.25,0,47.07,8.16,0.05,0,0.25,30562.58,382.03,1
LN000227,CUST000227,Structured Credit,72436.35,8.84,120,590,1812456.14,0,43.7,5.32,0.08,0,0.35,72436.35,2028.22,1
LN000228,CUST000228,Auto Loan,22062.15,11.67,120,794,2428660.51,120,63.09,8.89,0.2,1,0.25,22062.15,1103.11,3
LN000229,CUST000229,Structured Credit,12333.05,6.26,60,662,2012540.65,0,64.59,8.4,0.05,1,0.35,12333.05,215.83,1
LN000230,CUST000230,Mortgage,32453.33,10.07,60,805,754346.51,0,59.18,4.17,0.02,0,0.25,32453.33,162.27,1
LN000231,CUST000231,Mortgage,25876.18,10.69,240,715,931729.59,60,55.48,6.03,0.02,0,0.25,25876.18,129.38,2
LN000232,CUST000232,Mortgage,18464.91,9.75,36,627,469663.54,0,60.33,6.61,0.08,0,0.25,18464.91,369.3,1
LN000233,CUST000233,Mortgage,32120.03,9.25,48,756,1700017.82,90,49.8,7.91,0.2,0,0.25,32120.03,1606.0,3
LN000234,CUST000234,Mortgage,51228.64,8.95,360,745,656665.69,30,64.21,8.31,0.05,1,0.25,51228.64,640.36,2
LN000235,CUST000235,Auto Loan,36080.15,11.03,360,613,829161.0,30,94.28,6.74,0.12,0,0.4,36080.15,1731.85,2
LN000236,CUST000236,Mortgage,45021.11,10.75,120,689,2248255.72,0,53.47,3.21,0.02,0,0.25,45021.11,225.11,1
LN000237,CUST000237,Auto Loan,129234.7,5.86,180,591,985200.27,120,81.07,5.89,0.27,0,0.4,129234.7,13957.35,3
LN000238,CUST000238,Auto Loan,28566.35,10.94,360,758,1524955.12,60,48.51,8.31,0.05,0,0.25,28566.35,357.08,2
LN000239,CUST000239,Mortgage,44127.75,7.9,60,622,1144523.52,0,61.23,7.28,0.11,0,0.25,44127.75,1213.51,1
LN000240,CUST000240,Auto Loan,25426.59,6.78,48,702,416570.4,90,59.27,8.22,0.2,0,0.25,25426.59,1271.33,3
LN000241,CUST000241,Structured Credit,20081.38,11.09,36,684,1066443.62,90,96.22,7.04,0.24,0,0.5,20081.38,2409.77,3
LN000242,CUST000242,Structured Credit,24114.4,8.02,48,813,1168153.46,30,65.68,3.26,0.02,0,0.35,24114.4,168.8,2
LN000243,CUST000243,Structured Credit,25974.46,10.66,120,765,2265327.48,0,81.43,8.81,0.09,0,0.5,25974.46,1168.85,1
LN000244,CUST000244,Auto Loan,46706.24,6.84,48,758,980013.97,60,76.15,8.51,0.05,0,0.25,46706.24,583.83,2
LN000245,CUST000245,Auto Loan,188029.29,5.03,120,753,1103292.52,120,48.46,3.76,0.17,1,0.25,188029.29,7991.24,3
LN000246,CUST000246,Structured Credit,21999.38,8.47,240,659,2011517.73,0,96.37,3.68,0.06,0,0.5,21999.38,659.98,1
LN000247,CUST000247,Mortgage,27129.1,5.7,60,580,1957652.47,120,60.75,6.23,0.23,0,0.25,27129.1,1559.92,3
LN000248,CUST000248,Structured Credit,34745.8,10.28,60,561,2046141.87,90,42.69,7.54,0.26,0,0.35,34745.8,3161.87,3
LN000249,CUST000249,Structured Credit,47909.03,6.93,120,676,2395984.17,0,58.03,5.29,0.02,0,0.35,47909.03,335.36,1
LN000250,CUST000250,Structured Credit,43673.01,8.11,180,743,2040004.37,60,60.14,3.82,0.02,0,0.35,43673.01,305.71,2
LN000251,CUST000251,Auto Loan,89220.58,5.61,60,689,1167118.46,120,45.56,6.06,0.17,0,0.25,89220.58,3791.87,3
LN000252,CUST000252,Auto Loan,6644.37,7.01,180,576,2098394.16,90,77.2,5.03,0.23,0,0.25,6644.37,382.05,3
LN000253,CUST000253,Structured Credit,6830.47,10.47,120,595,1394517.92,120,60.81,5.11,0.23,0,0.35,6830.47,549.85,3
LN000254,CUST000254,Auto Loan,25665.05,6.06,240,684,874856.57,0,77.75,6.87,0.02,0,0.25,25665.05,128.33,1
LN000255,CUST000255,Auto Loan,78284.91,9.53,120,607,931563.4,60,40.4,8.31,0.11,0,0.25,78284.91,2152.84,2
LN000256,CUST000256,Mortgage,12137.39,11.42,240,562,753645.37,60,98.92,6.35,0.12,0,0.4,12137.39,582.59,2
LN000257,CUST000257,Structured Credit,4423.37,9.76,360,649,576234.16,0,50.23,7.13,0.11,0,0.35,4423.37,170.3,1
LN000258,CUST000258,Mortgage,54166.92,10.68,60,598,665103.43,0,79.56,6.96,0.08,0,0.25,54166.92,1083.34,1
LN000259,CUST000259,Mortgage,43069.06,5.76,180,840,392150.61,0,82.95,6.31,0.06,0,0.4,43069.06,1033.66,1
LN000260,CUST000260,Auto Loan,16930.2,6.76,120,643,2249014.45,0,50.3,4.86,0.08,0,0.25,16930.2,338.6,1
LN000261,CUST000261,Mortgage,18217.21,11.26,360,644,2344767.57,120,46.7,5.27,0.23,0,0.25,18217.21,1047.49,3
LN000262,CUST000262,Structured Credit,18419.76,10.01,60,694,1570233.38,0,49.15,4.89,0.02,0,0.35,18419.76,128.94,1
LN000263,CUST000263,Auto Loan,39236.97,9.48,360,621,2141101.5,90,54.81,8.5,0.26,1,0.25,39236.97,2550.4,3
LN000264,CUST000264,Mortgage,23425.47,9.65,240,559,663034.98,90,50.09,7.96,0.26,0,0.25,23425.47,1522.66,3
LN000265,CUST000265,Structured Credit,51320.46,7.9,120,711,2278766.11,0,80.44,6.48,0.06,0,0.5,51320.46,1539.61,1
LN000266,CUST000266,Mortgage,4923.43,5.31,360,763,1389313.51,120,65.25,8.47,0.2,0,0.25,4923.43,246.17,3
LN000267,CUST000267,Mortgage,19934.43,10.49,360,553,401121.23,0,72.27,8.32,0.11,0,0.25,19934.43,548.2,1
LN000268,CUST000268,Mortgage,16510.67,9.75,240,773,567953.68,90,42.84,8.57,0.2,0,0.25,16510.67,825.53,3
LN000269,CUST000269,Auto Loan,30350.3,8.31,48,578,945197.04,0,91.67,4.33,0.12,0,0.4,30350.3,1456.81,1
LN000270,CUST000270,Auto Loan,24918.52,11.3,240,752,348004.56,60,50.23,7.31,0.05,0,0.25,24918.52,311.48,2
LN000271,CUST000271,Structured Credit,63480.66,7.35,48,626,945910.1,60,61.61,6.66,0.08,0,0.35,63480.66,1777.46,2
LN000272,CUST000272,Structured Credit,9881.94,7.06,60,608,384843.47,0,44.31,7.4,0.11,0,0.35,9881.94,380.45,1
LN000273,CUST000273,Structured Credit,37490.54,11.11,120,745,781062.11,120,48.21,4.58,0.17,0,0.35,37490.54,2230.69,3
LN000274,CUST000274,Structured Credit,53682.13,10.58,360,656,847756.95,0,79.95,7.17,0.05,0,0.35,53682.13,939.44,1
LN000275,CUST000275,Mortgage,133206.15,8.6,60,558,2487330.2,90,81.56,5.46,0.27,0,0.4,133206.15,14386.26,3
LN000276,CUST000276,Mortgage,25919.84,5.92,36,569,779980.02,60,80.62,8.0,0.15,0,0.4,25919.84,1555.19,2
LN000277,CUST000277,Mortgage,45575.29,6.51,240,698,788169.51,0,73.13,7.77,0.05,0,0.25,45575.29,569.69,1
LN000278,CUST000278,Mortgage,10273.22,9.59,60,566,1795275.18,0,97.15,4.27,0.12,0,0.4,10273.22,493.11,1
LN000279,CUST000279,Mortgage,6806.48,7.7,60,561,2183554.33,30,70.43,4.1,0.08,1,0.25,6806.48,136.13,2
LN000280,CUST000280,Mortgage,65600.73,10.86,360,631,1120874.68,60,66.96,7.31,0.11,0,0.25,65600.73,1804.02,2
LN000281,CUST000281,Structured Credit,36174.43,11.65,48,616,2220140.54,60,54.85,6.3,0.08,0,0.35,36174.43,1012.88,2
LN000282,CUST000282,Auto Loan,82864.24,10.64,240,682,1015319.55,0,45.93,6.34,0.02,0,0.25,82864.24,414.32,1
LN000283,CUST000283,Auto Loan,13885.74,7.64,48,602,693285.73,120,72.89,7.52,0.26,1,0.25,13885.74,902.57,3
LN000284,CUST000284,Auto Loan,52257.12,10.52,120,755,991687.35,0,58.89,8.13,0.05,0,0.25,52257.12,653.21,1
LN000285,CUST000285,Mortgage,134345.82,7.46,60,782,1621051.84,120,71.44,4.43,0.17,0,0.25,134345.82,5709.7,3
LN000286,CUST000286,Auto Loan,48717.52,6.17,240,603,1076072.11,0,52.37,6.33,0.08,0,0.25,48717.52,974.35,1
LN000287,CUST000287,Mortgage,44073.2,5.23,60,617,1764011.06,0,90.29,7.97,0.15,0,0.4,44073.2,2644.39,1
LN000288,CUST000288,Mortgage,36533.66,7.7,120,840,783105.73,0,99.98,8.24,0.09,0,0.4,36533.66,1315.21,1
LN000289,CUST000289,Auto Loan,12093.01,11.32,180,718,1827234.01,0,59.34,4.72,0.02,0,0.25,12093.01,60.47,1
LN000290,CUST000290,Mortgage,93798.21,6.67,120,710,1031736.32,0,90.54,3.62,0.06,0,0.4,93798.21,2251.16,1
LN000291,CUST000291,Auto Loan,23680.32,6.45,48,564,1275703.84,30,92.38,4.4,0.12,0,0.4,23680.32,1136.66,2
LN000292,CUST000292,Auto Loan,51696.13,11.79,48,740,1504926.57,30,99.76,8.67,0.09,0,0.4,51696.13,1861.06,2
LN000293,CUST000293,Structured Credit,12159.62,5.18,60,564,1794006.26,0,60.56,5.77,0.08,0,0.35,12159.62,340.47,1
LN000294,CUST000294,Auto Loan,15904.83,10.5,48,836,787105.81,30,85.36,5.51,0.06,0,0.4,15904.83,381.72,2
LN000295,CUST000295,Auto Loan,99167.06,7.25,240,559,2130877.46,90,53.73,3.08,0.23,1,0.25,99167.06,5702.11,3
LN000296,CUST000296,Mortgage,28478.04,5.26,120,606,1874146.19,30,77.49,3.31,0.08,0,0.25,28478.04,569.56,2
LN000297,CUST000297,Mortgage,100437.69,11.42,60,748,776720.32,0,82.29,7.01,0.09,0,0.4,100437.69,3615.76,1
LN000298,CUST000298,Auto Loan,34380.28,5.98,120,710,2443692.77,0,84.47,6.54,0.06,0,0.4,34380.28,825.13,1
LN000299,CUST000299,Mortgage,10003.31,8.86,120,812,1745793.23,30,52.43,6.45,0.02,0,0.25,10003.31,50.02,2
LN000300,CUST000300,Auto Loan,67808.8,6.92,60,802,1267960.49,0,90.92,3.66,0.06,0,0.4,67808.8,1627.41,1
LN000301,CUST000301,Auto Loan,24030.41,5.46,360,668,604436.48,120,65.26,5.11,0.17,0,0.25,24030.41,1021.29,3
LN000302,CUST000302,Mortgage,59224.0,5.35,180,629,1449747.26,0,52.98,7.87,0.11,0,0.25,59224.0,1628.66,1
LN000303,CUST000303,Mortgage,36962.07,5.81,360,673,620745.75,120,72.55,4.05,0.17,0,0.25,36962.07,1570.89,3
LN000304,CUST000304,Mortgage,12330.33,5.5,48,621,1216356.28,60,91.8,8.3,0.15,0,0.4,12330.33,739.82,2
LN000305,CUST000305,Mortgage,40741.66,10.32,36,717,1169603.18,30,98.03,3.73,0.06,0,0.4,40741.66,977.8,2
LN000306,CUST000306,Structured Credit,168949.68,8.4,360,833,1869864.2,0,84.89,4.01,0.06,0,0.5,168949.68,5068.49,1
LN000307,CUST000307,Mortgage,51281.77,7.4,36,585,682862.16,30,40.34,5.87,0.08,0,0.25,51281.77,1025.64,2
LN000308,CUST000308,Auto Loan,34882.4,7.93,36,724,2099210.55,0,48.08,8.67,0.05,0,0.25,34882.4,436.03,1
LN000309,CUST000309,Mortgage,77090.89,11.5,48,748,983797.74,90,44.58,4.98,0.17,0,0.25,77090.89,3276.36,3
LN000310,CUST000310,Auto Loan,42085.89,11.38,180,665,1248974.41,0,46.07,6.95,0.02,0,0.25,42085.89,210.43,1
LN000311,CUST000311,Mortgage,42052.49,10.01,120,769,1987767.19,0,62.98,6.53,0.02,0,0.25,42052.49,210.26,1
LN000312,CUST000312,Auto Loan,16913.42,11.19,60,615,1657132.9,120,60.31,3.9,0.23,1,0.25,16913.42,972.52,3
LN000313,CUST000313,Auto Loan,42774.34,7.24,180,814,943057.04,120,46.82,4.49,0.17,0,0.25,42774.34,1817.91,3
LN000314,CUST000314,Structured Credit,74967.53,7.67,36,683,1118956.58,60,92.93,8.58,0.09,0,0.5,74967.53,3373.54,2
LN000315,CUST000315,Structured Credit,20226.65,9.3,240,668,938020.33,120,76.93,4.11,0.17,0,0.35,20226.65,1203.49,3
LN000316,CUST000316,Mortgage,98434.54,9.37,48,671,1588232.88,0,87.79,7.17,0.09,0,0.4,98434.54,3543.64,1
LN000317,CUST000317,Mortgage,34057.51,8.37,360,636,998405.2,0,62.29,8.79,0.11,0,0.25,34057.51,936.58,1
LN000318,CUST000318,Auto Loan,19507.64,7.8,48,838,1882819.81,120,64.61,3.72,0.17,1,0.25,19507.64,829.07,3
LN000319,CUST000319,Auto Loan,73009.33,11.9,360,686,1554521.11,90,59.06,5.4,0.17,0,0.25,73009.33,3102.9,3
LN000320,CUST000320,Auto Loan,29710.15,10.75,60,602,577839.88,0,66.31,4.34,0.08,0,0.25,29710.15,594.2,1
LN000321,CUST000321,Mortgage,61800.11,8.04,240,754,948104.39,30,76.62,4.33,0.02,0,0.25,61800.11,309.0,2
LN000322,CUST000322,Mortgage,29607.08,10.09,120,600,748256.74,0,69.58,3.71,0.08,0,0.25,29607.08,592.14,1
LN000323,CUST000323,Mortgage,34826.08,6.89,180,589,1128204.73,120,90.28,6.9,0.27,1,0.4,34826.08,3761.22,3
LN000324,CUST000324,Auto Loan,51302.37,5.7,240,799,1410964.19,0,94.01,7.48,0.09,1,0.4,51302.37,1846.89,1
LN000325,CUST000325,Structured Credit,44517.07,7.47,180,767,1390216.43,90,68.18,7.06,0.2,0,0.35,44517.07,3116.19,3
LN000326,CUST000326,Mortgage,8983.35,7.82,180,728,1947678.27,0,54.38,8.55,0.05,0,0.25,8983.35,112.29,1
LN000327,CUST000327,Mortgage,16566.36,5.12,120,588,675636.69,30,96.71,3.87,0.12,0,0.4,16566.36,795.19,2
LN000328,CUST000328,Mortgage,69604.67,10.7,120,732,2379563.87,0,84.1,4.92,0.06,0,0.4,69604.67,1670.51,1
LN000329,CUST000329,Mortgage,33107.14,7.51,360,773,1021401.49,90,78.41,5.07,0.17,0,0.25,33107.14,1407.05,3
LN000330,CUST000330,Auto Loan,25169.5,9.06,120,713,925559.91,0,84.72,4.39,0.06,0,0.4,25169.5,604.07,1
LN000331,CUST000331,Auto Loan,14030.63,5.52,60,783,1791651.8,120,44.56,3.85,0.17,0,0.25,14030.63,596.3,3
LN000332,CUST000332,Mortgage,17054.76,6.22,48,742,2062412.41,0,44.06,5.92,0.02,0,0.25,17054.76,85.27,1
LN000333,CUST000333,Auto Loan,8819.68,11.23,36,634,1101561.47,0,49.19,8.01,0.11,0,0.25,8819.68,242.54,1
LN000334,CUST000334,Auto Loan,33830.01,9.26,120,792,1930405.69,90,48.85,8.73,0.2,1,0.25,33830.01,1691.5,3
LN000335,CUST000335,Auto Loan,23887.1,11.65,48,722,2238405.9,60,65.24,3.78,0.02,0,0.25,23887.1,119.44,2
LN000336,CUST000336,Auto Loan,18460.5,11.99,360,586,1975308.25,60,49.44,7.94,0.11,0,0.25,18460.5,507.66,2
LN000337,CUST000337,Structured Credit,34624.39,7.6,120,636,326942.09,30,91.27,7.95,0.15,0,0.5,34624.39,2596.83,2
LN000338,CUST000338,Mortgage,46853.43,7.09,36,678,2111580.05,30,74.69,5.33,0.02,0,0.25,46853.43,234.27,2
LN000339,CUST000339,Mortgage,157194.4,11.01,240,743,1992582.16,0,62.1,3.66,0.02,0,0.25,157194.4,785.97,1
LN000340,CUST000340,Auto Loan,12602.89,11.99,120,592,1755903.04,0,44.18,8.94,0.11,1,0.25,12602.89,346.58,1
LN000341,CUST000341,Mortgage,81761.91,9.41,48,708,1960050.44,0,75.46,6.93,0.02,0,0.25,81761.91,408.81,1
LN000342,CUST000342,Mortgage,71766.36,10.57,360,654,2453707.14,0,46.99,8.89,0.05,0,0.25,71766.36,897.08,1
LN000343,CUST000343,Auto Loan,21049.56,10.47,360,778,1220004.0,0,84.59,5.9,0.06,0,0.4,21049.56,505.19,1
LN000344,CUST000344,Mortgage,41867.5,7.49,60,766,401252.28,0,88.17,5.37,0.06,1,0.4,41867.5,1004.82,1
LN000345,CUST000345,Auto Loan,26361.42,9.02,360,813,1287002.43,0,72.64,4.48,0.02,0,0.25,26361.42,131.81,1
LN000346,CUST000346,Mortgage,41356.38,10.83,240,598,354475.72,0,48.98,8.9,0.11,0,0.25,41356.38,1137.3,1
LN000347,CUST000347,Mortgage,104442.47,9.82,360,672,912063.42,90,87.21,4.52,0.21,0,0.4,104442.47,8773.17,3
LN000348,CUST000348,Auto Loan,55488.13,5.15,360,574,1570479.53,90,58.47,3.14,0.23,1,0.25,55488.13,3190.57,3
LN000349,CUST000349,Auto Loan,51845.63,7.36,240,680,946651.51,90,53.36,6.07,0.17,0,0.25,51845.63,2203.44,3
LN000350,CUST000350,Mortgage,26870.48,6.01,240,773,1792139.3,0,68.23,5.26,0.02,0,0.25,26870.48,134.35,1
LN000351,CUST000351,Mortgage,12850.79,6.63,36,648,2099469.24,120,95.36,4.57,0.27,0,0.4,12850.79,1387.89,3
LN000352,CUST000352,Structured Credit,31384.59,11.34,48,839,1195988.15,120,57.84,6.81,0.17,0,0.35,31384.59,1867.38,3
LN000353,CUST000353,Mortgage,84510.05,5.26,180,746,2275310.39,0,94.33,5.19,0.06,0,0.4,84510.05,2028.24,1
LN000354,CUST000354,Auto Loan,12468.77,6.54,360,658,429637.6,0,43.22,5.41,0.02,0,0.25,12468.77,62.34,1
LN000355,CUST000355,Auto Loan,17351.56,7.17,180,769,2140254.62,120,45.01,3.14,0.17,0,0.25,17351.56,737.44,3
LN000356,CUST000356,Mortgage,39671.46,9.32,180,813,2114289.58,0,81.91,6.53,0.06,0,0.4,39671.46,952.12,1
LN000357,CUST000357,Auto Loan,18228.5,8.74,60,757,974486.27,0,51.44,3.73,0.02,0,0.25,18228.5,91.14,1
LN000358,CUST000358,Mortgage,20852.59,6.53,120,631,922109.17,0,59.0,4.28,0.08,0,0.25,20852.59,417.05,1
LN000359,CUST000359,Structured Credit,26997.0,6.15,360,574,936463.71,0,48.18,7.3,0.11,0,0.35,26997.0,1039.38,1
LN000360,CUST000360,Mortgage,13961.63,6.66,120,735,2075635.85,0,59.93,4.88,0.02,0,0.25,13961.63,69.81,1
LN000361,CUST000361,Auto Loan,18363.4,8.52,120,557,2121220.35,0,56.83,3.98,0.08,0,0.25,18363.4,367.27,1
LN000362,CUST000362,Mortgage,59420.8,6.9,60,673,991875.53,90,84.18,6.46,0.21,0,0.4,59420.8,4991.35,3
LN000363,CUST000363,Mortgage,14542.65,11.63,180,698,1583328.28,0,82.12,4.29,0.06,0,0.4,14542.65,349.02,1
LN000364,CUST000364,Mortgage,11866.68,8.25,240,647,562599.77,60,97.3,4.63,0.12,0,0.4,11866.68,569.6,2
LN000365,CUST000365,Structured Credit,23364.72,5.41,120,765,1304752.16,0,83.47,6.73,0.06,0,0.5,23364.72,700.94,1
LN000366,CUST000366,Auto Loan,60619.32,10.1,240,650,2497283.91,30,81.69,7.44,0.09,0,0.4,60619.32,2182.3,2
LN000367,CUST000367,Structured Credit,31639.28,7.3,240,767,607388.08,90,81.65,7.44,0.24,0,0.5,31639.28,3796.71,3
LN000368,CUST000368,Structured Credit,26233.52,9.57,60,808,2382015.94,30,92.98,5.89,0.06,0,0.5,26233.52,787.01,2
LN000369,CUST000369,Auto Loan,37460.83,6.96,60,560,2104573.12,0,57.77,5.73,0.08,0,0.25,37460.83,749.22,1
LN000370,CUST000370,Auto Loan,10700.06,9.0,48,608,2437482.96,0,58.01,7.73,0.11,0,0.25,10700.06,294.25,1
LN000371,CUST000371,Auto Loan,51343.52,10.41,360,799,654052.21,120,84.47,4.16,0.21,0,0.4,51343.52,4312.86,3
LN000372,CUST000372,Auto Loan,47496.18,11.5,120,689,730416.6,0,53.72,3.91,0.02,0,0.25,47496.18,237.48,1
LN000373,CUST000373,Auto Loan,27268.41,6.83,180,587,287951.16,30,94.72,6.99,0.12,1,0.4,27268.41,1308.88,2
LN000374,CUST000374,Mortgage,73434.36,7.34,36,671,1880579.08,0,72.09,5.46,0.02,0,0.25,73434.36,367.17,1
LN000375,CUST000375,Auto Loan,16494.01,8.25,60,614,1699213.06,120,58.01,7.26,0.26,0,0.25,16494.01,1072.11,3
LN000376,CUST000376,Auto Loan,79980.35,11.49,240,695,650647.24,120,86.57,4.54,0.21,0,0.4,79980.35,6718.35,3
LN000377,CUST000377,Structured Credit,40463.09,11.31,48,674,2030076.17,30,58.74,4.95,0.02,0,0.35,40463.09,283.24,2
LN000378,CUST000378,Auto Loan,28693.14,5.63,36,740,923189.89,60,97.8,8.38,0.09,0,0.4,28693.14,1032.95,2
LN000379,CUST000379,Structured Credit,35813.8,5.92,60,812,553740.03,90,98.98,5.53,0.21,0,0.5,35813.8,3760.45,3
LN000380,CUST000380,Auto Loan,33688.6,8.47,48,845,1200766.0,120,80.01,6.55,0.21,0,0.4,33688.6,2829.84,3
LN000381,CUST000381,Auto Loan,85322.89,5.75,240,731,454682.16,120,46.82,3.64,0.17,0,0.25,85322.89,3626.22,3
LN000382,CUST000382,Mortgage,17091.3,7.42,120,708,842298.23,0,55.79,4.07,0.02,0,0.25,17091.3,85.46,1
LN000383,CUST000383,Mortgage,21295.19,6.04,360,836,1085500.06,60,70.93,3.22,0.02,0,0.25,21295.19,106.48,2
LN000384,CUST000384,Structured Credit,75012.65,9.45,360,711,2166694.39,0,91.09,5.55,0.06,0,0.5,75012.65,2250.38,1
LN000385,CUST000385,Mortgage,23935.68,11.65,48,812,2033234.67,60,51.09,8.93,0.05,0,0.25,23935.68,299.2,2
LN000386,CUST000386,Structured Credit,68211.82,11.98,60,766,1246197.14,120,46.26,8.24,0.2,0,0.35,68211.82,4774.83,3
LN000387,CUST000387,Auto Loan,119324.89,7.63,360,730,1880293.88,0,44.47,6.8,0.02,0,0.25,119324.89,596.62,1
LN000388,CUST000388,Auto Loan,27412.2,9.19,360,640,1529461.68,0,70.42,8.17,0.11,0,0.25,27412.2,753.84,1
LN000389,CUST000389,Mortgage,58510.04,10.99,120,566,1016894.17,60,93.08,6.57,0.12,0,0.4,58510.04,2808.48,2
LN000390,CUST000390,Structured Credit,16194.31,5.82,240,674,1883217.27,90,42.54,5.21,0.17,0,0.35,16194.31,963.56,3
LN000391,CUST000391,Structured Credit,61593.6,9.83,180,809,1787873.1,0,52.74,4.04,0.02,0,0.35,61593.6,431.16,1
LN000392,CUST000392,Mortgage,41755.93,7.86,360,763,1642962.49,0,81.6,6.92,0.06,1,0.4,41755.93,1002.14,1
LN000393,CUST000393,Auto Loan,50570.66,6.44,48,788,1640399.92,120,89.55,4.16,0.21,1,0.4,50570.66,4247.94,3
LN000394,CUST000394,Mortgage,23111.82,7.82,36,729,1786709.48,30,88.44,5.5,0.06,0,0.4,23111.82,554.68,2
LN000395,CUST000395,Auto Loan,11353.05,5.53,240,721,1115227.4,0,87.1,7.95,0.09,0,0.4,11353.05,408.71,1
LN000396,CUST000396,Structured Credit,51651.6,9.87,120,692,2205420.58,30,47.79,3.78,0.02,0,0.35,51651.6,361.56,2
LN000397,CUST000397,Structured Credit,8566.53,6.77,240,793,615192.65,120,63.83,3.77,0.17,0,0.35,8566.53,509.71,3
LN000398,CUST000398,Mortgage,29081.42,7.18,120,781,2238742.29,0,99.08,4.35,0.06,0,0.4,29081.42,697.95,1
LN000399,CUST000399,Mortgage,70180.61,5.85,240,721,1020134.15,120,99.33,6.31,0.21,1,0.4,70180.61,5895.17,3
LN000400,CUST000400,Mortgage,41536.52,11.05,180,826,531321.14,0,76.15,4.51,0.02,0,0.25,41536.52,207.68,1
LN000401,CUST000401,Auto Loan,142036.57,8.45,48,626,1600061.66,90,82.56,6.02,0.27,0,0.4,142036.57,15339.95,3
LN000402,CUST000402,Structured Credit,74427.17,9.01,36,598,1095970.01,90,97.08,4.81,0.27,1,0.5,74427.17,10047.67,3
LN000403,CUST000403,Mortgage,22977.51,8.99,360,797,2084874.39,0,67.0,6.04,0.02,0,0.25,22977.51,114.89,1
LN000404,CUST000404,Structured Credit,37016.51,7.87,180,832,1219267.3,0,48.21,4.67,0.02,0,0.35,37016.51,259.12,1
LN000405,CUST000405,Auto Loan,35131.05,6.35,48,836,1754265.68,0,80.14,8.88,0.09,1,0.4,35131.05,1264.72,1
LN000406,CUST000406,Structured Credit,11997.77,10.22,36,581,943580.48,90,97.61,5.96,0.27,0,0.5,11997.77,1619.7,3
LN000407,CUST000407,Auto Loan,18802.04,5.89,240,707,721267.84,90,81.83,7.46,0.24,1,0.4,18802.04,1805.0,3
LN000408,CUST000408,Auto Loan,24525.47,5.73,360,567,1123110.32,60,88.2,7.2,0.15,0,0.4,24525.47,1471.53,2
LN000409,CUST000409,Structured Credit,8731.09,9.97,36,612,1615317.63,0,65.36,5.94,0.08,0,0.35,8731.09,244.47,1
LN000410,CUST000410,Auto Loan,37543.12,6.46,60,677,1728130.16,0,45.79,4.43,0.02,0,0.25,37543.12,187.72,1
LN000411,CUST000411,Auto Loan,30505.12,7.15,36,565,1550965.0,90,50.13,6.06,0.23,1,0.25,30505.12,1754.04,3
LN000412,CUST000412,Structured Credit,11259.58,8.33,48,712,2473125.37,0,98.96,7.09,0.09,0,0.5,11259.58,506.68,1
LN000413,CUST000413,Structured Credit,48192.03,8.15,180,800,1804952.92,0,69.59,5.76,0.02,0,0.35,48192.03,337.34,1
LN000414,CUST000414,Mortgage,59940.69,9.96,360,686,2345919.16,60,40.72,3.49,0.02,0,0.25,59940.69,299.7,2
LN000415,CUST000415,Mortgage,42570.81,9.36,180,844,515349.69,120,97.32,3.11,0.21,1,0.4,42570.81,3575.95,3
LN000416,CUST000416,Mortgage,28944.99,9.51,360,728,388089.09,0,69.87,4.97,0.02,0,0.25,28944.99,144.72,1
LN000417,CUST000417,Auto Loan,54940.69,10.0,60,778,949738.08,90,90.18,3.9,0.21,0,0.4,54940.69,4615.02,3
LN000418,CUST000418,Auto Loan,58463.29,7.05,48,729,557325.11,0,72.91,8.44,0.05,0,0.25,58463.29,730.79,1
LN000419,CUST000419,Mortgage,45034.43,7.26,36,621,1433204.19,0,46.1,4.05,0.08,0,0.25,45034.43,900.69,1
LN000420,CUST000420,Mortgage,20389.42,8.07,60,632,1417707.82,120,76.93,5.37,0.23,0,0.25,20389.42,1172.39,3
LN000421,CUST000421,Mortgage,44073.79,7.15,240,685,1543856.12,120,99.84,7.27,0.24,0,0.4,44073.79,4231.08,3
LN000422,CUST000422,Mortgage,83854.33,11.89,120,767,1926762.73,90,42.08,7.89,0.2,0,0.25,83854.33,4192.72,3
LN000423,CUST000423,Auto Loan,23917.36,10.7,240,658,2435491.83,0,90.51,5.87,0.06,0,0.4,23917.36,574.02,1
LN000424,CUST000424,Mortgage,157717.0,6.15,48,668,2226082.06,0,54.13,4.09,0.02,0,0.25,157717.0,788.58,1
LN000425,CUST000425,Auto Loan,25136.05,5.04,60,567,516326.29,0,63.63,4.63,0.08,0,0.25,25136.05,502.72,1
LN000426,CUST000426,Mortgage,37148.73,5.3,180,703,1011655.8,90,62.36,5.51,0.17,0,0.25,37148.73,1578.82,3
LN000427,CUST000427,Mortgage,22680.48,6.71,60,560,825601.81,0,93.93,5.19,0.12,0,0.4,22680.48,1088.66,1
LN000428,CUST000428,Structured Credit,42458.8,5.8,120,687,647839.06,0,70.27,5.09,0.02,0,0.35,42458.8,297.21,1
LN000429,CUST000429,Auto Loan,10726.2,8.73,48,611,1475630.97,0,66.83,3.79,0.08,0,0.25,10726.2,214.52,1
LN000430,CUST000430,Auto Loan,24779.47,11.01,60,620,1494844.9,30,89.08,8.48,0.15,1,0.4,24779.47,1486.77,2
LN000431,CUST000431,Auto Loan,16907.54,10.16,360,610,761300.86,0,42.93,3.18,0.08,1,0.25,16907.54,338.15,1
LN000432,CUST000432,Mortgage,39924.16,6.51,240,681,1851768.81,90,45.19,5.64,0.17,1,0.25,39924.16,1696.78,3
LN000433,CUST000433,Mortgage,72846.75,7.8,36,610,1899057.17,60,41.3,8.88,0.11,0,0.25,72846.75,2003.29,2
LN000434,CUST000434,Auto Loan,57079.73,8.56,240,818,297204.99,0,81.28,6.96,0.06,0,0.4,57079.73,1369.91,1
LN000435,CUST000435,Auto Loan,6903.88,10.67,48,561,1140454.83,60,71.54,5.13,0.08,0,0.25,6903.88,138.08,2
LN000436,CUST000436,Mortgage,151667.93,10.87,60,584,2252816.44,120,92.56,3.88,0.27,0,0.4,151667.93,16380.14,3
LN000437,CUST000437,Auto Loan,44653.86,11.37,240,600,1420716.87,0,69.91,8.78,0.11,0,0.25,44653.86,1227.98,1
LN000438,CUST000438,Structured Credit,21087.81,8.56,60,592,1032162.55,90,53.31,3.08,0.23,0,0.35,21087.81,1697.57,3
LN000439,CUST000439,Mortgage,40537.78,9.86,240,777,820771.34,30,88.31,7.09,0.09,0,0.4,40537.78,1459.36,2
LN000440,CUST000440,Auto Loan,41082.31,5.78,48,660,797547.67,60,57.66,8.28,0.05,0,0.25,41082.31,513.53,2
LN000441,CUST000441,Auto Loan,22770.15,8.96,180,564,474478.08,90,96.14,3.15,0.27,1,0.4,22770.15,2459.18,3
LN000442,CUST000442,Structured Credit,41711.9,6.74,240,726,2088759.44,60,55.03,7.35,0.05,0,0.35,41711.9,729.96,2
LN000443,CUST000443,Auto Loan,23736.5,8.02,36,711,444979.16,0,50.06,8.99,0.05,0,0.25,23736.5,296.71,1
LN000444,CUST000444,Auto Loan,27362.99,9.44,240,588,907663.22,0,69.6,6.84,0.08,0,0.25,27362.99,547.26,1
LN000445,CUST000445,Structured Credit,22462.55,6.8,48,575,352770.41,0,43.03,5.49,0.08,0,0.35,22462.55,628.95,1
LN000446,CUST000446,Structured Credit,13321.44,5.37,240,661,2008119.78,0,42.18,8.25,0.05,0,0.35,13321.44,233.13,1
LN000447,CUST000447,Structured Credit,40218.63,5.07,36,600,338388.29,0,69.76,6.33,0.08,1,0.35,40218.63,1126.12,1
LN000448,CUST000448,Mortgage,54704.96,5.16,360,647,943677.48,30,52.91,7.5,0.11,0,0.25,54704.96,1504.39,2
LN000449,CUST000449,Auto Loan,52073.87,5.06,36,719,1539919.08,0,40.56,6.53,0.02,0,0.25,52073.87,260.37,1
LN000450,CUST000450,Auto Loan,64469.51,5.77,48,605,1171513.06,90,57.76,3.23,0.23,0,0.25,64469.51,3707.0,3
LN000451,CUST000451,Mortgage,45571.52,6.68,60,770,885109.9,0,68.64,4.28,0.02,0,0.25,45571.52,227.86,1
LN000452,CUST000452,Mortgage,25011.53,6.55,240,695,869175.41,0,63.66,3.47,0.02,0,0.25,25011.53,125.06,1
LN000453,CUST000453,Mortgage,65366.47,11.91,180,809,2045028.19,0,48.13,3.64,0.02,0,0.25,65366.47,326.83,1
LN000454,CUST000454,Structured Credit,14041.01,7.14,36,678,2441450.71,0,74.78,3.09,0.02,0,0.35,14041.01,98.29,1
LN000455,CUST000455,Auto Loan,19332.25,5.89,360,599,1033092.41,0,82.62,5.53,0.12,0,0.4,19332.25,927.95,1
LN000456,CUST000456,Mortgage,18491.38,8.82,36,569,338077.41,0,80.53,4.07,0.12,0,0.4,18491.38,887.59,1
LN000457,CUST000457,Auto Loan,77345.62,11.01,240,723,332273.0,0,63.63,8.13,0.05,0,0.25,77345.62,966.82,1
LN000458,CUST000458,Mortgage,70259.58,9.75,60,832,1958230.18,0,48.26,7.5,0.05,0,0.25,70259.58,878.24,1
LN000459,CUST000459,Auto Loan,51078.23,7.07,240,575,1492832.1,0,69.97,6.44,0.08,0,0.25,51078.23,1021.56,1
LN000460,CUST000460,Auto Loan,76906.9,8.93,360,709,2013083.48,90,93.43,5.93,0.21,0,0.4,76906.9,6460.18,3
LN000461,CUST000461,Auto Loan,19623.87,10.0,360,559,1819368.27,30,68.12,4.54,0.08,0,0.25,19623.87,392.48,2
LN000462,CUST000462,Mortgage,46351.85,10.1,48,631,2291889.29,30,51.74,5.85,0.08,0,0.25,46351.85,927.04,2
LN000463,CUST000463,Mortgage,33268.89,9.67,180,805,2243104.65,0,45.58,6.85,0.02,0,0.25,33268.89,166.34,1
LN000464,CUST000464,Mortgage,65697.59,11.1,240,654,2023736.64,120,96.64,7.69,0.24,0,0.4,65697.59,6306.97,3
LN000465,CUST000465,Structured Credit,33501.42,11.09,36,689,1319175.61,0,84.58,3.49,0.06,0,0.5,33501.42,1005.04,1
LN000466,CUST000466,Auto Loan,27737.48,9.05,36,751,943284.42,0,58.78,7.25,0.05,0,0.25,27737.48,346.72,1
LN000467,CUST000467,Auto Loan,53031.21,8.01,48,573,1390810.27,0,57.72,7.46,0.11,0,0.25,53031.21,1458.36,1
LN000468,CUST000468,Structured Credit,67058.35,9.49,60,595,1379661.12,30,93.71,6.35,0.12,0,0.5,67058.35,4023.5,2
LN000469,CUST000469,Auto Loan,22746.31,10.73,240,766,1623119.99,0,50.65,4.29,0.02,0,0.25,22746.31,113.73,1
LN000470,CUST000470,Structured Credit,34795.63,5.04,120,604,668719.53,0,72.1,6.24,0.08,0,0.35,34795.63,974.28,1
LN000471,CUST000471,Auto Loan,17310.9,11.94,60,627,1725144.73,60,82.81,6.02,0.12,0,0.4,17310.9,830.92,2
LN000472,CUST000472,Structured Credit,6319.26,6.28,36,708,1277352.08,120,63.78,5.85,0.17,0,0.35,6319.26,376.0,3
LN000473,CUST000473,Auto Loan,41786.21,8.29,360,821,1645460.87,0,42.39,5.76,0.02,0,0.25,41786.21,208.93,1
LN000474,CUST000474,Structured Credit,55616.42,11.1,240,697,789110.85,90,53.67,3.66,0.17,0,0.35,55616.42,3309.18,3
LN000475,CUST000475,Mortgage,43627.67,6.58,360,587,1227388.51,0,94.11,4.1,0.12,0,0.4,43627.67,2094.13,1
LN000476,CUST000476,Structured Credit,9277.12,8.34,36,660,722952.73,90,71.39,3.58,0.17,0,0.35,9277.12,551.99,3
LN000477,CUST000477,Auto Loan,28407.41,5.93,180,564,2219436.6,0,88.93,4.45,0.12,0,0.4,28407.41,1363.56,1
LN000478,CUST000478,Mortgage,7686.01,7.77,60,627,1347912.35,0,73.34,4.58,0.08,0,0.25,7686.01,153.72,1
LN000479,CUST000479,Structured Credit,94730.45,6.24,120,625,756208.19,30,96.62,4.47,0.12,0,0.5,94730.45,5683.83,2
LN000480,CUST000480,Mortgage,16979.5,7.55,180,824,342719.57,120,94.55,4.27,0.21,0,0.4,16979.5,1426.28,3
LN000481,CUST000481,Mortgage,87446.51,7.61,120,746,1770412.0,0,68.97,7.41,0.05,0,0.25,87446.51,1093.08,1
LN000482,CUST000482,Mortgage,70411.28,11.95,180,768,732950.61,0,59.1,7.91,0.05,0,0.25,70411.28,880.14,1
LN000483,CUST000483,Mortgage,19333.35,11.96,60,612,2476559.93,120,76.1,4.96,0.23,1,0.25,19333.35,1111.67,3
LN000484,CUST000484,Mortgage,16433.06,5.8,36,581,1450825.84,90,80.49,4.83,0.27,0,0.4,16433.06,1774.77,3
LN000485,CUST000485,Mortgage,46409.49,10.08,120,782,900198.24,0,69.9,8.06,0.05,0,0.25,46409.49,580.12,1
LN000486,CUST000486,Structured Credit,20110.01,5.36,60,659,1729774.23,0,89.34,6.74,0.06,0,0.5,20110.01,603.3,1
LN000487,CUST000487,Auto Loan,39016.47,5.21,120,714,869244.83,0,51.0,4.76,0.02,0,0.25,39016.47,195.08,1
LN000488,CUST000488,Auto Loan,25900.58,5.74,60,743,2095617.16,60,60.06,7.28,0.05,0,0.25,25900.58,323.76,2
LN000489,CUST000489,Structured Credit,10437.8,11.76,180,556,943531.11,0,81.18,5.07,0.12,0,0.5,10437.8,626.27,1
LN000490,CUST000490,Structured Credit,7621.07,11.59,60,688,2473557.4,0,54.8,6.52,0.02,0,0.35,7621.07,53.35,1
LN000491,CUST000491,Mortgage,42560.38,6.36,180,836,1611575.77,0,66.39,8.96,0.05,0,0.25,42560.38,532.0,1
LN000492,CUST000492,Mortgage,24511.79,6.13,36,850,2149925.09,60,97.82,4.81,0.06,0,0.4,24511.79,588.28,2
LN000493,CUST000493,Auto Loan,24657.52,6.68,180,605,413834.81,0,77.55,8.58,0.11,0,0.25,24657.52,678.08,1
LN000494,CUST000494,Auto Loan,59107.0,8.61,48,709,1033673.69,120,96.94,4.92,0.21,0,0.4,59107.0,4964.99,3
LN000495,CUST000495,Mortgage,82570.65,8.99,36,698,1909345.94,90,83.35,6.24,0.21,1,0.4,82570.65,6935.93,3
LN000496,CUST000496,Auto Loan,30007.98,6.55,360,836,1723882.79,0,83.48,5.76,0.06,0,0.4,30007.98,720.19,1
LN000497,CUST000497,Mortgage,28611.98,10.3,360,806,687047.02,60,75.51,7.7,0.05,0,0.25,28611.98,357.65,2
LN000498,CUST000498,Auto Loan,51539.31,7.17,360,688,1051456.59,0,48.53,3.37,0.02,0,0.25,51539.31,257.7,1
LN000499,CUST000499,Structured Credit,14046.73,11.45,240,841,842747.67,0,71.18,6.76,0.02,0,0.35,14046.73,98.33,1
LN000500,CUST000500,Structured Credit,42455.3,9.6,240,736,1630082.88,0,55.16,7.56,0.05,0,0.35,42455.3,742.97,1
LN000501,CUST000501,Mortgage,53440.29,8.05,60,733,1025278.52,60,99.92,5.83,0.06,0,0.4,53440.29,1282.57,2
LN000502,CUST000502,Mortgage,58463.69,10.53,60,811,945372.04,0,56.02,3.63,0.02,0,0.25,58463.69,292.32,1
LN000503,CUST000503,Auto Loan,9360.68,10.73,48,694,716600.46,90,53.84,4.47,0.17,1,0.25,9360.68,397.83,3
LN000504,CUST000504,Structured Credit,21312.55,7.03,60,810,1170311.02,90,77.43,7.08,0.2,0,0.35,21312.55,1491.88,3
LN000505,CUST000505,Mortgage,19637.88,7.38,36,551,689880.83,90,70.66,8.37,0.26,0,0.25,19637.88,1276.46,3
LN000506,CUST000506,Auto Loan,38945.59,11.55,36,561,2415781.57,30,41.28,5.53,0.08,0,0.25,38945.59,778.91,2
LN000507,CUST000507,Structured Credit,50844.19,6.15,360,810,597629.08,30,47.77,6.36,0.02,0,0.35,50844.19,355.91,2
LN000508,CUST000508,Structured Credit,103538.34,5.3,180,718,2304935.61,30,88.66,4.37,0.06,0,0.5,103538.34,3106.15,2
LN000509,CUST000509,Structured Credit,25681.45,8.18,120,697,1214064.47,90,69.02,5.47,0.17,0,0.35,25681.45,1528.05,3
LN000510,CUST000510,Mortgage,25634.62,10.61,60,749,1100198.48,0,48.76,5.02,0.02,0,0.25,25634.62,128.17,1
LN000511,CUST000511,Mortgage,81208.11,10.4,48,619,770469.55,120,67.91,6.93,0.23,0,0.25,81208.11,4669.47,3
LN000512,CUST000512,Mortgage,44694.42,11.44,360,603,1680451.75,90,55.19,8.91,0.26,1,0.25,44694.42,2905.14,3
LN000513,CUST000513,Structured Credit,88199.45,8.73,240,808,1792438.03,0,53.42,7.88,0.05,0,0.35,88199.45,1543.49,1
LN000514,CUST000514,Structured Credit,44449.53,5.7,36,577,1302034.67,0,97.46,4.15,0.12,1,0.5,44449.53,2666.97,1
LN000515,CUST000515,Auto Loan,16155.54,9.12,36,669,375340.52,90,61.72,6.47,0.17,0,0.25,16155.54,686.61,3
LN000516,CUST000516,Auto Loan,14282.78,10.45,36,682,2316647.84,0,42.79,3.4,0.02,0,0.25,14282.78,71.41,1
LN000517,CUST000517,Auto Loan,12258.09,5.65,120,639,2455740.55,60,98.22,4.48,0.12,0,0.4,12258.09,588.39,2
LN000518,CUST000518,Structured Credit,57724.46,6.21,120,565,1219847.68,0,87.69,4.03,0.12,0,0.5,57724.46,3463.47,1
LN000519,CUST000519,Structured Credit,83451.24,5.09,60,836,1630736.82,0,55.26,5.01,0.02,0,0.35,83451.24,584.16,1
LN000520,CUST000520,Auto Loan,132528.57,9.16,240,833,1263171.91,0,64.53,7.07,0.05,0,0.25,132528.57,1656.61,1
LN000521,CUST000521,Mortgage,65524.13,11.21,48,779,974229.21,120,91.74,6.0,0.21,0,0.4,65524.13,5504.03,3
LN000522,CUST000522,Auto Loan,81960.03,9.69,120,686,423967.28,90,61.44,8.6,0.2,0,0.25,81960.03,4098.0,3
LN000523,CUST000523,Structured Credit,24197.11,11.87,180,844,1276152.39,90,74.04,4.28,0.17,0,0.35,24197.11,1439.73,3
LN000524,CUST000524,Structured Credit,16163.47,5.44,120,776,2091365.25,120,72.09,5.19,0.17,1,0.35,16163.47,961.73,3
LN000525,CUST000525,Structured Credit,65844.79,11.32,36,576,288320.79,60,64.08,4.98,0.08,0,0.35,65844.79,1843.65,2
LN000526,CUST000526,Mortgage,48648.51,10.7,48,666,1559742.29,0,78.37,4.42,0.02,0,0.25,48648.51,243.24,1
LN000527,CUST000527,Mortgage,39152.17,7.2,60,638,2231737.24,120,68.4,8.96,0.26,1,0.25,39152.17,2544.89,3
LN000528,CUST000528,Auto Loan,47627.23,11.81,120,656,739486.22,0,41.27,5.32,0.02,0,0.25,47627.23,238.14,1
LN000529,CUST000529,Auto Loan,45534.69,7.02,36,770,662325.7,30,88.86,8.64,0.09,0,0.4,45534.69,1639.25,2
LN000530,CUST000530,Structured Credit,89203.17,11.23,360,772,1987622.41,90,46.79,5.34,0.17,0,0.35,89203.17,5307.59,3
LN000531,CUST000531,Structured Credit,89903.3,11.17,180,671,823944.47,0,67.85,4.22,0.02,0,0.35,89903.3,629.32,1
LN000532,CUST000532,Structured Credit,53154.3,10.3,180,582,681964.6,30,74.79,3.72,0.08,0,0.35,53154.3,1488.32,2
LN000533,CUST000533,Structured Credit,65647.97,8.94,360,640,1100475.81,90,82.33,8.13,0.3,0,0.5,65647.97,9847.2,3
LN000534,CUST000534,Mortgage,52043.95,5.84,60,733,1133129.53,0,64.65,3.19,0.02,0,0.25,52043.95,260.22,1
LN000535,CUST000535,Mortgage,26296.24,8.72,60,807,2216727.39,0,84.13,8.79,0.09,0,0.4,26296.24,946.66,1
LN000536,CUST000536,Structured Credit,61672.62,7.5,120,562,1641497.81,30,47.88,5.51,0.08,0,0.35,61672.62,1726.83,2
LN000537,CUST000537,Structured Credit,13682.23,10.55,60,573,1163413.28,60,79.21,4.48,0.08,0,0.35,13682.23,383.1,2
LN000538,CUST000538,Auto Loan,75941.92,10.31,240,583,1452372.92,0,89.58,6.7,0.12,0,0.4,75941.92,3645.21,1
LN000539,CUST000539,Mortgage,15738.01,11.37,240,796,2396421.77,30,93.37,3.8,0.06,0,0.4,15738.01,377.71,2
LN000540,CUST000540,Auto Loan,44358.62,5.1,36,568,504733.02,30,74.77,3.43,0.08,1,0.25,44358.62,887.17,2
LN000541,CUST000541,Structured Credit,20098.33,10.66,36,579,717359.92,120,58.77,7.97,0.26,0,0.35,20098.33,1828.95,3
LN000542,CUST000542,Mortgage,53496.54,11.57,36,598,2415689.59,60,49.8,5.55,0.08,0,0.25,53496.54,1069.93,2
LN000543,CUST000543,Auto Loan,35463.25,10.53,240,729,2403980.91,30,60.73,6.11,0.02,0,0.25,35463.25,177.32,2
LN000544,CUST000544,Mortgage,11892.59,5.91,120,775,648622.2,0,72.4,4.06,0.02,0,0.25,11892.59,59.46,1
LN000545,CUST000545,Mortgage,48751.43,5.57,120,627,576494.84,0,51.78,3.37,0.08,0,0.25,48751.43,975.03,1
LN000546,CUST000546,Auto Loan,24232.63,5.15,60,756,1197441.55,0,97.15,5.21,0.06,0,0.4,24232.63,581.58,1
LN000547,CUST000547,Auto Loan,67292.41,9.4,120,584,361866.16,60,93.83,6.04,0.12,0,0.4,67292.41,3230.04,2
LN000548,CUST000548,Mortgage,36349.22,9.41,36,799,1723532.95,30,41.98,7.59,0.05,0,0.25,36349.22,454.37,2
LN000549,CUST000549,Mortgage,47896.36,11.91,48,620,424366.05,0,73.72,6.01,0.08,0,0.25,47896.36,957.93,1
LN000550,CUST000550,Mortgage,18577.41,7.79,36,828,380566.66,0,87.36,7.7,0.09,0,0.4,18577.41,668.79,1
LN000551,CUST000551,Mortgage,24039.83,7.32,240,701,1341670.61,0,54.72,3.69,0.02,0,0.25,24039.83,120.2,1
LN000552,CUST000552,Structured Credit,26342.87,9.37,360,776,2405019.93,120,71.43,3.38,0.17,0,0.35,26342.87,1567.4,3
LN000553,CUST000553,Mortgage,66150.77,10.78,48,792,1210290.86,0,64.36,3.95,0.02,0,0.25,66150.77,330.75,1
LN000554,CUST000554,Mortgage,117496.52,11.56,60,559,1052082.61,120,51.79,7.63,0.26,0,0.25,117496.52,7637.27,3
LN000555,CUST000555,Structured Credit,20668.78,10.62,180,597,2495402.61,90,76.88,7.56,0.26,0,0.35,20668.78,1880.86,3
LN000556,CUST000556,Mortgage,77172.13,7.99,360,661,1446930.16,90,99.62,3.85,0.21,0,0.4,77172.13,6482.46,3
LN000557,CUST000557,Auto Loan,7952.37,9.44,120,753,1094293.17,60,61.92,3.19,0.02,0,0.25,7952.37,39.76,2
LN000558,CUST000558,Auto Loan,15741.68,10.99,120,706,1118186.83,120,73.14,7.11,0.2,0,0.25,15741.68,787.08,3
LN000559,CUST000559,Mortgage,18561.69,8.43,240,575,688658.87,0,59.67,8.13,0.11,0,0.25,18561.69,510.45,1
LN000560,CUST000560,Mortgage,14090.33,6.52,36,715,1402501.88,90,92.62,7.52,0.24,1,0.4,14090.33,1352.67,3
LN000561,CUST000561,Mortgage,11985.92,6.19,36,798,1237423.81,0,91.88,4.22,0.06,0,0.4,11985.92,287.66,1
LN000562,CUST000562,Auto Loan,48489.34,5.0,48,811,859289.42,0,50.73,6.5,0.02,0,0.25,48489.34,242.45,1
LN000563,CUST000563,Auto Loan,31261.81,10.03,120,813,611215.19,0,94.0,7.54,0.09,0,0.4,31261.81,1125.43,1
LN000564,CUST000564,Auto Loan,47362.39,5.78,360,566,950287.45,0,49.09,4.53,0.08,0,0.25,47362.39,947.25,1
LN000565,CUST000565,Auto Loan,58884.36,6.71,240,625,1394537.49,0,45.73,6.17,0.08,0,0.25,58884.36,1177.69,1
LN000566,CUST000566,Mortgage,43736.22,7.09,360,803,381249.86,90,79.18,4.89,0.17,0,0.25,43736.22,1858.79,3
LN000567,CUST000567,Auto Loan,57551.43,8.92,60,755,595924.06,120,63.15,4.35,0.17,1,0.25,57551.43,2445.94,3
LN000568,CUST000568,Mortgage,34590.26,7.79,36,583,2382228.85,0,71.84,8.82,0.11,0,0.25,34590.26,951.23,1
LN000569,CUST000569,Structured Credit,15821.18,9.72,360,696,1471424.54,90,79.15,8.48,0.2,0,0.35,15821.18,1107.48,3
LN000570,CUST000570,Auto Loan,76150.73,5.39,120,777,392760.93,0,43.17,5.67,0.02,0,0.25,76150.73,380.75,1
LN000571,CUST000571,Mortgage,24043.54,5.87,180,667,1809447.46,0,57.58,3.82,0.02,0,0.25,24043.54,120.22,1
LN000572,CUST000572,Mortgage,18865.36,8.49,240,714,389056.46,0,67.65,7.37,0.05,0,0.25,18865.36,235.82,1
LN000573,CUST000573,Auto Loan,32062.98,7.36,48,587,1912467.01,0,56.0,4.53,0.08,1,0.25,32062.98,641.26,1
LN000574,CUST000574,Mortgage,19168.67,7.07,36,845,1937416.12,90,42.94,4.01,0.17,0,0.25,19168.67,814.67,3
LN000575,CUST000575,Structured Credit,27113.82,5.47,36,686,1714927.7,120,45.2,5.29,0.17,0,0.35,27113.82,1613.27,3
LN000576,CUST000576,Structured Credit,46204.74,11.27,60,795,1897460.23,0,88.1,6.18,0.06,0,0.5,46204.74,1386.14,1
LN000577,CUST000577,Auto Loan,46343.63,9.84,36,747,447923.01,0,94.68,3.58,0.06,0,0.4,46343.63,1112.25,1
LN000578,CUST000578,Structured Credit,19370.74,5.85,240,615,1885256.24,0,49.13,6.43,0.08,0,0.35,19370.74,542.38,1
LN000579,CUST000579,Mortgage,25812.3,5.46,120,629,557548.72,0,54.96,3.09,0.08,0,0.25,25812.3,516.25,1
LN000580,CUST000580,Auto Loan,77036.38,11.82,120,601,1013888.29,120,79.13,8.35,0.26,0,0.25,77036.38,5007.36,3
LN000581,CUST000581,Mortgage,51404.45,9.77,120,678,2371176.82,30,97.26,8.52,0.09,0,0.4,51404.45,1850.56,2
LN000582,CUST000582,Structured Credit,155211.74,7.92,180,550,1381469.82,0,57.98,7.4,0.11,0,0.35,155211.74,5975.65,1
LN000583,CUST000583,Mortgage,82958.0,9.91,180,716,2426709.47,0,91.31,5.8,0.06,0,0.4,82958.0,1990.99,1
LN000584,CUST000584,Auto Loan,80902.92,10.29,36,565,450075.53,0,70.36,4.53,0.08,0,0.25,80902.92,1618.06,1
LN000585,CUST000585,Mortgage,13745.85,10.46,360,694,1324502.35,0,97.39,7.46,0.09,0,0.4,13745.85,494.85,1
LN000586,CUST000586,Auto Loan,61988.38,8.35,180,661,390405.22,30,48.18,8.59,0.05,0,0.25,61988.38,774.85,2
LN000587,CUST000587,Auto Loan,34990.27,8.01,360,651,1667973.09,60,98.42,3.95,0.06,0,0.4,34990.27,839.77,2
LN000588,CUST000588,Auto Loan,24693.93,5.08,360,631,427090.75,120,66.46,5.79,0.23,0,0.25,24693.93,1419.9,3
LN000589,CUST000589,Auto Loan,40847.9,11.49,180,648,644577.56,30,97.18,4.89,0.12,0,0.4,40847.9,1960.7,2
LN000590,CUST000590,Auto Loan,70378.85,9.22,60,708,832368.2,30,67.52,5.14,0.02,0,0.25,70378.85,351.89,2
LN000591,CUST000591,Auto Loan,51564.16,6.42,180,589,1934673.67,0,71.8,5.43,0.08,1,0.25,51564.16,1031.28,1
LN000592,CUST000592,Mortgage,19634.99,11.44,48,704,618914.77,0,88.29,8.71,0.09,0,0.4,19634.99,706.86,1
LN000593,CUST000593,Auto Loan,61066.65,11.4,48,585,2154922.12,90,83.36,4.55,0.27,0,0.4,61066.65,6595.2,3
LN000594,CUST000594,Auto Loan,23241.36,11.92,360,796,546783.86,0,77.18,5.96,0.02,0,0.25,23241.36,116.21,1
LN000595,CUST000595,Structured Credit,42263.46,11.12,48,553,329300.01,0,65.02,8.71,0.11,0,0.35,42263.46,1627.14,1
LN000596,CUST000596,Mortgage,29367.82,11.98,36,830,1138852.19,0,87.55,5.86,0.06,0,0.4,29367.82,704.83,1
LN000597,CUST000597,Mortgage,31156.98,6.71,120,798,2453743.69,0,96.89,8.18,0.09,0,0.4,31156.98,1121.65,1
LN000598,CUST000598,Auto Loan,62091.85,10.9,60,561,498270.01,60,40.59,3.35,0.08,0,0.25,62091.85,1241.84,2
LN000599,CUST000599,Auto Loan,17533.43,10.76,36,832,478866.5,0,75.27,8.72,0.05,0,0.25,17533.43,219.17,1
LN000600,CUST000600,Auto Loan,141723.97,6.62,120,765,1940124.65,0,91.96,4.13,0.06,0,0.4,141723.97,3401.38,1
LN000601,CUST000601,Auto Loan,10150.11,5.69,60,631,952363.81,60,79.19,8.88,0.11,0,0.25,10150.11,279.13,2
LN000602,CUST000602,Auto Loan,23899.97,11.86,360,563,1863883.64,0,88.05,4.05,0.12,0,0.4,23899.97,1147.2,1
LN000603,CUST000603,Auto Loan,47058.57,7.07,60,605,700023.83,120,93.7,5.67,0.27,1,0.4,47058.57,5082.33,3
LN000604,CUST000604,Auto Loan,54667.24,11.1,60,831,1285161.99,0,85.06,4.85,0.06,0,0.4,54667.24,1312.01,1
LN000605,CUST000605,Auto Loan,33849.08,5.03,48,748,846902.22,90,83.02,5.6,0.21,0,0.4,33849.08,2843.32,3
LN000606,CUST000606,Mortgage,34885.5,5.15,48,715,1265938.48,0,97.88,4.5,0.06,0,0.4,34885.5,837.25,1
LN000607,CUST000607,Auto Loan,48406.29,8.26,48,841,1980468.46,30,91.82,8.79,0.09,0,0.4,48406.29,1742.63,2
LN000608,CUST000608,Auto Loan,30891.96,6.67,60,695,1964522.37,60,88.92,4.83,0.06,0,0.4,30891.96,741.41,2
LN000609,CUST000609,Mortgage,96300.32,9.83,240,627,1410487.65,60,45.18,6.92,0.08,0,0.25,96300.32,1926.01,2
LN000610,CUST000610,Mortgage,65352.07,8.96,60,661,2338836.65,0,54.34,3.82,0.02,0,0.25,65352.07,326.76,1
LN000611,CUST000611,Auto Loan,66901.53,5.54,48,572,843514.23,120,73.41,7.95,0.26,0,0.25,66901.53,4348.6,3
LN000612,CUST000612,Mortgage,18466.07,6.14,60,665,790700.54,0,82.57,6.26,0.06,0,0.4,18466.07,443.19,1
LN000613,CUST000613,Mortgage,34352.43,7.72,48,691,1631064.4,90,58.19,8.88,0.2,0,0.25,34352.43,1717.62,3
LN000614,CUST000614,Auto Loan,29427.17,6.3,48,746,1647918.33,30,45.6,5.54,0.02,0,0.25,29427.17,147.14,2
LN000615,CUST000615,Structured Credit,17963.17,10.55,48,827,354715.09,120,58.67,4.17,0.17,1,0.35,17963.17,1068.81,3
LN000616,CUST000616,Structured Credit,46728.75,7.91,360,577,1617499.85,30,86.26,5.08,0.12,0,0.5,46728.75,2803.72,2
LN000617,CUST000617,Auto Loan,24925.53,5.65,360,848,1092481.35,0,92.64,7.42,0.09,0,0.4,24925.53,897.32,1
LN000618,CUST000618,Auto Loan,57456.46,8.39,240,625,1931745.68,60,94.77,6.95,0.12,0,0.4,57456.46,2757.91,2
LN000619,CUST000619,Structured Credit,17169.09,5.64,120,567,2068237.75,0,62.73,7.67,0.11,0,0.35,17169.09,661.01,1
LN000620,CUST000620,Mortgage,120973.7,5.9,60,649,1492346.09,0,62.35,3.44,0.08,0,0.25,120973.7,2419.47,1
LN000621,CUST000621,Auto Loan,19391.05,6.68,36,673,253836.32,120,64.4,6.48,0.17,0,0.25,19391.05,824.12,3
LN000622,CUST000622,Auto Loan,42341.02,11.02,48,841,1681823.07,90,62.55,8.59,0.2,0,0.25,42341.02,2117.05,3
LN000623,CUST000623,Auto Loan,63215.29,11.47,240,674,1934982.88,0,79.97,3.65,0.02,0,0.25,63215.29,316.08,1
LN000624,CUST000624,Mortgage,24356.44,10.78,36,556,810212.35,60,61.5,3.57,0.08,0,0.25,24356.44,487.13,2
LN000625,CUST000625,Mortgage,65955.01,7.34,360,572,1295453.5,0,41.22,7.3,0.11,0,0.25,65955.01,1813.76,1
LN000626,CUST000626,Auto Loan,15360.76,6.91,120,711,2422884.9,0,66.34,4.89,0.02,0,0.25,15360.76,76.8,1
LN000627,CUST000627,Mortgage,100356.33,8.84,60,666,920760.0,30,53.45,6.95,0.02,0,0.25,100356.33,501.78,2
LN000628,CUST000628,Mortgage,36676.98,10.05,360,570,752094.81,30,41.73,6.27,0.08,0,0.25,36676.98,733.54,2
LN000629,CUST000629,Auto Loan,23921.0,11.95,240,801,724423.28,60,68.25,8.92,0.05,0,0.25,23921.0,299.01,2
LN000630,CUST000630,Auto Loan,29453.64,5.92,48,633,1507301.88,0,52.36,8.33,0.11,0,0.25,29453.64,809.98,1
LN000631,CUST000631,Mortgage,63974.73,5.35,48,590,2387020.98,0,67.16,7.07,0.11,0,0.25,63974.73,1759.31,1
LN000632,CUST000632,Structured Credit,24122.04,9.86,48,752,1619552.79,0,56.66,4.57,0.02,0,0.35,24122.04,168.85,1
LN000633,CUST000633,Mortgage,21492.29,10.83,240,677,932477.02,60,76.22,4.57,0.02,0,0.25,21492.29,107.46,2
LN000634,CUST000634,Mortgage,31098.8,10.92,360,691,1686782.0,0,99.45,8.29,0.09,1,0.4,31098.8,1119.56,1
LN000635,CUST000635,Auto Loan,15932.66,9.75,36,652,1655895.17,0,72.83,6.51,0.02,0,0.25,15932.66,79.66,1
LN000636,CUST000636,Mortgage,129881.88,11.68,120,656,1593081.56,30,78.81,7.74,0.05,0,0.25,129881.88,1623.52,2
LN000637,CUST000637,Mortgage,24428.94,8.58,60,566,608708.97,0,95.16,5.7,0.12,0,0.4,24428.94,1172.59,1
LN000638,CUST000638,Auto Loan,64999.3,11.4,120,574,1677775.3,0,62.44,3.62,0.08,0,0.25,64999.3,1299.99,1
LN000639,CUST000639,Auto Loan,42050.61,11.77,360,613,1217870.02,0,49.99,5.0,0.08,0,0.25,42050.61,841.01,1
LN000640,CUST000640,Auto Loan,18230.04,10.93,48,786,291832.13,120,56.97,3.97,0.17,0,0.25,18230.04,774.78,3
LN000641,CUST000641,Auto Loan,36164.44,7.17,120,725,1464470.1,60,64.17,7.69,0.05,0,0.25,36164.44,452.06,2
LN000642,CUST000642,Auto Loan,62868.59,6.37,36,840,2475850.18,90,78.7,7.2,0.2,0,0.25,62868.59,3143.43,3
LN000643,CUST000643,Auto Loan,31831.67,8.84,180,842,1036914.08,0,40.28,3.53,0.02,0,0.25,31831.67,159.16,1
LN000644,CUST000644,Auto Loan,83715.47,8.17,360,705,2422508.24,0,91.2,6.73,0.06,0,0.4,83715.47,2009.17,1
LN000645,CUST000645,Auto Loan,74240.18,11.14,180,602,466462.92,30,44.57,8.24,0.11,0,0.25,74240.18,2041.6,2
LN000646,CUST000646,Structured Credit,69095.19,5.7,60,622,1898012.76,60,94.04,7.18,0.15,0,0.5,69095.19,5182.14,2
LN000647,CUST000647,Mortgage,26324.1,6.8,60,732,507242.49,90,96.97,6.07,0.21,0,0.4,26324.1,2211.22,3
LN000648,CUST000648,Mortgage,17053.49,10.26,120,738,865536.04,0,99.41,4.87,0.06,0,0.4,17053.49,409.28,1
LN000649,CUST000649,Mortgage,23635.11,5.66,60,562,1534391.88,60,88.57,8.32,0.15,0,0.4,23635.11,1418.11,2
LN000650,CUST000650,Mortgage,41663.0,7.25,360,596,1583754.31,30,48.51,5.54,0.08,0,0.25,41663.0,833.26,2
LN000651,CUST000651,Auto Loan,53212.61,7.71,240,709,1994225.46,30,82.37,8.13,0.09,0,0.4,53212.61,1915.65,2
LN000652,CUST000652,Mortgage,7941.84,9.36,36,833,1634450.67,30,52.2,7.7,0.05,0,0.25,7941.84,99.27,2
LN000653,CUST000653,Mortgage,36109.84,6.11,48,602,1585633.08,0,93.83,7.9,0.15,0,0.4,36109.84,2166.59,1
LN000654,CUST000654,Mortgage,40565.06,11.02,48,836,2302794.45,90,59.0,8.94,0.2,0,0.25,40565.06,2028.25,3
LN000655,CUST000655,Mortgage,29903.15,8.13,120,557,1267361.69,120,59.61,7.49,0.26,0,0.25,29903.15,1943.7,3
LN000656,CUST000656,Auto Loan,89670.01,11.42,48,621,756848.0,30,95.06,3.2,0.12,0,0.4,89670.01,4304.16,2
LN000657,CUST000657,Auto Loan,48788.31,8.28,120,647,614024.32,0,40.79,4.23,0.08,0,0.25,48788.31,975.77,1
LN000658,CUST000658,Auto Loan,90865.38,6.93,60,636,1149987.84,0,51.64,3.21,0.08,0,0.25,90865.38,1817.31,1
LN000659,CUST000659,Mortgage,31220.42,5.99,60,650,1853693.7,0,65.32,4.14,0.02,0,0.25,31220.42,156.1,1
LN000660,CUST000660,Mortgage,69998.86,5.03,240,830,345722.84,60,82.04,3.37,0.06,0,0.4,69998.86,1679.97,2
LN000661,CUST000661,Auto Loan,114067.59,8.73,240,838,540370.12,60,78.85,6.01,0.02,0,0.25,114067.59,570.34,2
LN000662,CUST000662,Structured Credit,90960.94,5.75,36,786,488755.29,30,80.16,3.17,0.06,0,0.5,90960.94,2728.83,2
LN000663,CUST000663,Mortgage,16907.3,7.74,48,745,1566812.84,0,92.8,5.84,0.06,0,0.4,16907.3,405.78,1
LN000664,CUST000664,Auto Loan,30406.96,9.12,360,646,796445.46,30,47.26,8.39,0.11,0,0.25,30406.96,836.19,2
LN000665,CUST000665,Auto Loan,28520.68,6.93,240,645,624083.71,120,71.33,7.49,0.26,0,0.25,28520.68,1853.84,3
LN000666,CUST000666,Auto Loan,51147.97,6.23,36,810,1583734.12,0,83.53,8.66,0.09,0,0.4,51147.97,1841.33,1
LN000667,CUST000667,Auto Loan,58714.82,10.42,180,670,1962947.31,0,78.17,4.36,0.02,0,0.25,58714.82,293.57,1
LN000668,CUST000668,Auto Loan,20186.62,11.63,240,822,997348.56,30,66.9,6.19,0.02,0,0.25,20186.62,100.93,2
LN000669,CUST000669,Auto Loan,38081.62,5.7,36,601,1550960.36,30,41.03,4.91,0.08,0,0.25,38081.62,761.63,2
LN000670,CUST000670,Auto Loan,8831.24,6.09,120,712,470779.93,0,43.63,5.96,0.02,0,0.25,8831.24,44.16,1
LN000671,CUST000671,Auto Loan,99644.24,11.72,120,739,2354179.82,0,47.14,6.34,0.02,0,0.25,99644.24,498.22,1
LN000672,CUST000672,Structured Credit,25370.39,5.26,36,826,1008016.42,90,60.59,3.22,0.17,0,0.35,25370.39,1509.54,3
LN000673,CUST000673,Auto Loan,37763.74,11.84,60,634,2494387.81,0,47.06,4.4,0.08,0,0.25,37763.74,755.27,1
LN000674,CUST000674,Mortgage,29238.6,5.03,180,743,2451822.45,90,65.56,7.23,0.2,0,0.25,29238.6,1461.93,3
LN000675,CUST000675,Mortgage,81001.2,11.12,36,730,2002352.76,0,50.72,7.64,0.05,0,0.25,81001.2,1012.52,1
LN000676,CUST000676,Structured Credit,4982.79,7.15,240,570,295150.96,120,86.75,6.42,0.27,0,0.5,4982.79,672.68,3
LN000677,CUST000677,Auto Loan,35895.7,11.57,60,752,1472818.57,90,92.29,4.62,0.21,0,0.4,35895.7,3015.24,3
LN000678,CUST000678,Auto Loan,33722.71,7.22,36,751,445381.95,0,63.38,5.43,0.02,0,0.25,33722.71,168.61,1
LN000679,CUST000679,Structured Credit,26435.27,9.58,48,700,2264060.56,0,70.68,3.58,0.02,0,0.35,26435.27,185.05,1
LN000680,CUST000680,Structured Credit,121583.75,5.56,240,708,2026681.57,0,97.21,8.72,0.09,0,0.5,121583.75,5471.27,1
LN000681,CUST000681,Structured Credit,19513.65,6.7,240,575,2437765.85,30,72.13,8.21,0.11,0,0.35,19513.65,751.28,2
LN000682,CUST000682,Auto Loan,62333.69,10.42,120,615,1618861.64,30,99.7,3.39,0.12,0,0.4,62333.69,2992.02,2
LN000683,CUST000683,Auto Loan,46600.98,8.7,48,812,1424888.81,120,48.53,4.0,0.17,0,0.25,46600.98,1980.54,3
LN000684,CUST000684,Mortgage,87821.66,11.5,48,716,1417691.18,30,91.73,6.49,0.06,0,0.4,87821.66,2107.72,2
LN000685,CUST000685,Structured Credit,22764.73,8.0,240,837,1119508.84,0,69.83,4.39,0.02,0,0.35,22764.73,159.35,1
LN000686,CUST000686,Mortgage,21740.27,11.09,180,703,1304552.65,30,41.36,8.61,0.05,0,0.25,21740.27,271.75,2
LN000687,CUST000687,Mortgage,78217.52,8.14,360,755,1679678.31,90,98.33,7.53,0.24,0,0.4,78217.52,7508.88,3
LN000688,CUST000688,Auto Loan,48909.4,11.85,60,702,2349132.12,0,97.9,4.64,0.06,0,0.4,48909.4,1173.83,1
LN000689,CUST000689,Mortgage,12314.64,11.72,120,733,1590739.76,0,63.0,3.04,0.02,0,0.25,12314.64,61.57,1
LN000690,CUST000690,Auto Loan,24896.6,7.3,48,708,2178510.87,0,97.25,7.8,0.09,0,0.4,24896.6,896.28,1
LN000691,CUST000691,Auto Loan,47594.28,11.2,120,743,2191254.8,120,48.46,5.54,0.17,1,0.25,47594.28,2022.76,3
LN000692,CUST000692,Mortgage,65279.61,10.93,240,551,1417373.52,0,80.81,6.85,0.12,0,0.4,65279.61,3133.42,1
LN000693,CUST000693,Mortgage,22573.65,6.47,60,764,1031806.69,90,51.52,4.72,0.17,0,0.25,22573.65,959.38,3
LN000694,CUST000694,Auto Loan,4722.16,9.37,36,724,1689041.21,0,54.8,3.86,0.02,0,0.25,4722.16,23.61,1
LN000695,CUST000695,Auto Loan,52378.75,5.51,48,624,1253224.02,0,86.76,7.05,0.15,0,0.4,52378.75,3142.72,1
LN000696,CUST000696,Mortgage,15456.35,10.86,60,834,433241.95,120,62.64,5.7,0.17,1,0.25,15456.35,656.89,3
LN000697,CUST000697,Auto Loan,8847.26,6.22,360,676,1100070.48,60,40.43,4.41,0.02,0,0.25,8847.26,44.24,2
LN000698,CUST000698,Mortgage,5000.89,5.5,120,598,2486662.31,60,64.85,3.83,0.08,0,0.25,5000.89,100.02,2
LN000699,CUST000699,Auto Loan,64201.8,7.8,240,581,359151.71,0,53.68,6.48,0.08,0,0.25,64201.8,1284.04,1
LN000700,CUST000700,Mortgage,39736.77,9.04,60,707,1817500.55,60,81.0,7.35,0.09,0,0.4,39736.77,1430.52,2
LN000701,CUST000701,Mortgage,31009.24,10.98,36,564,2142674.59,120,51.67,4.7,0.23,1,0.25,31009.24,1783.03,3
LN000702,CUST000702,Auto Loan,96020.51,11.82,60,792,1709633.28,0,90.54,7.41,0.09,0,0.4,96020.51,3456.74,1
LN000703,CUST000703,Auto Loan,56733.9,8.08,240,566,1531933.52,0,56.03,4.1,0.08,0,0.25,56733.9,1134.68,1
LN000704,CUST000704,Auto Loan,112578.95,5.42,120,571,1841997.44,0,63.58,5.03,0.08,1,0.25,112578.95,2251.58,1
LN000705,CUST000705,Auto Loan,13699.1,10.24,48,793,1216021.16,0,57.88,7.47,0.05,0,0.25,13699.1,171.24,1
LN000706,CUST000706,Structured Credit,35447.73,8.96,360,630,455563.91,30,78.64,6.96,0.08,0,0.35,35447.73,992.54,2
LN000707,CUST000707,Auto Loan,11711.2,8.14,360,693,2415336.45,90,46.07,4.62,0.17,0,0.25,11711.2,497.73,3
LN000708,CUST000708,Structured Credit,30928.47,7.16,48,557,1222676.73,0,68.69,3.73,0.08,0,0.35,30928.47,866.0,1
LN000709,CUST000709,Auto Loan,30514.86,8.52,180,716,1747125.78,90,60.07,3.25,0.17,0,0.25,30514.86,1296.88,3
LN000710,CUST000710,Mortgage,56310.12,7.37,120,836,1445448.48,60,93.05,8.03,0.09,0,0.4,56310.12,2027.16,2
LN000711,CUST000711,Mortgage,37492.44,10.3,360,817,373014.41,0,44.4,3.45,0.02,0,0.25,37492.44,187.46,1
LN000712,CUST000712,Mortgage,56183.87,8.81,180,838,2393679.85,0,89.78,3.69,0.06,0,0.4,56183.87,1348.41,1
LN000713,CUST000713,Mortgage,59421.3,11.14,180,735,2033208.76,120,50.06,4.43,0.17,0,0.25,59421.3,2525.41,3
LN000714,CUST000714,Mortgage,164135.91,8.8,240,561,585470.26,120,45.31,5.67,0.23,0,0.25,164135.91,9437.81,3
LN000715,CUST000715,Auto Loan,29123.26,6.67,240,830,2458709.97,60,52.14,7.74,0.05,0,0.25,29123.26,364.04,2
LN000716,CUST000716,Structured Credit,18793.83,10.96,240,632,1908028.09,0,46.16,4.48,0.08,0,0.35,18793.83,526.23,1
LN000717,CUST000717,Structured Credit,43142.27,8.9,36,604,1312723.71,0,71.26,6.26,0.08,0,0.35,43142.27,1207.98,1
LN000718,CUST000718,Structured Credit,20710.66,6.45,120,680,1625582.63,0,99.29,3.54,0.06,0,0.5,20710.66,621.32,1
LN000719,CUST000719,Auto Loan,102474.84,9.36,48,674,490157.53,90,42.06,5.79,0.17,0,0.25,102474.84,4355.18,3
LN000720,CUST000720,Mortgage,29784.62,7.5,120,600,1510925.9,30,67.67,4.07,0.08,0,0.25,29784.62,595.69,2
LN000721,CUST000721,Structured Credit,24442.94,10.91,240,576,415737.41,30,63.16,4.27,0.08,0,0.35,24442.94,684.4,2
LN000722,CUST000722,Auto Loan,26110.14,8.17,36,714,1475924.33,90,60.38,5.2,0.17,0,0.25,26110.14,1109.68,3
LN000723,CUST000723,Auto Loan,60047.56,10.09,120,830,1493565.3,0,59.91,7.57,0.05,0,0.25,60047.56,750.59,1
LN000724,CUST000724,Mortgage,32518.91,5.67,120,582,2217487.27,60,93.7,7.46,0.15,0,0.4,32518.91,1951.13,2
LN000725,CUST000725,Mortgage,23175.09,7.77,180,611,1881379.38,30,41.14,5.49,0.08,0,0.25,23175.09,463.5,2
LN000726,CUST000726,Structured Credit,116511.63,11.88,120,694,811492.88,0,86.49,3.71,0.06,0,0.5,116511.63,3495.35,1
LN000727,CUST000727,Auto Loan,19943.95,10.66,180,720,2248958.82,60,55.18,4.68,0.02,0,0.25,19943.95,99.72,2
LN000728,CUST000728,Mortgage,37230.97,6.12,180,835,1539796.0,0,63.0,6.03,0.02,0,0.25,37230.97,186.15,1
LN000729,CUST000729,Auto Loan,57332.01,6.94,60,846,1614353.83,0,65.21,8.22,0.05,0,0.25,57332.01,716.65,1
LN000730,CUST000730,Auto Loan,11591.94,7.31,240,666,630208.08,0,58.28,8.81,0.05,0,0.25,11591.94,144.9,1
LN000731,CUST000731,Auto Loan,50826.97,9.55,360,553,2179990.59,120,45.61,6.82,0.23,0,0.25,50826.97,2922.55,3
LN000732,CUST000732,Structured Credit,17351.33,10.3,36,615,2344671.51,120,46.86,5.1,0.23,0,0.35,17351.33,1396.78,3
LN000733,CUST000733,Mortgage,64598.6,10.25,180,609,1993728.96,30,57.89,7.16,0.11,0,0.25,64598.6,1776.46,2
LN000734,CUST000734,Mortgage,18511.44,8.57,120,836,2366693.02,120,89.31,5.02,0.21,0,0.4,18511.44,1554.96,3
LN000735,CUST000735,Auto Loan,58979.09,10.68,180,778,930174.78,0,48.08,6.75,0.02,0,0.25,58979.09,294.9,1
LN000736,CUST000736,Structured Credit,78753.91,8.06,180,649,2187518.13,0,84.56,4.46,0.12,1,0.5,78753.91,4725.23,1
LN000737,CUST000737,Auto Loan,66370.34,5.87,180,668,1350009.57,0,57.33,4.6,0.02,0,0.25,66370.34,331.85,1
LN000738,CUST000738,Structured Credit,43300.59,8.95,48,618,618813.71,0,93.01,3.45,0.12,0,0.5,43300.59,2598.04,1
LN000739,CUST000739,Mortgage,30886.96,11.67,360,701,1754801.35,0,65.7,5.52,0.02,0,0.25,30886.96,154.43,1
LN000740,CUST000740,Auto Loan,24258.11,10.55,360,829,1789270.61,90,50.3,6.71,0.17,0,0.25,24258.11,1030.97,3
LN000741,CUST000741,Mortgage,101694.07,9.05,48,770,895580.16,0,99.15,7.73,0.09,0,0.4,101694.07,3660.99,1
LN000742,CUST000742,Auto Loan,22255.7,9.53,48,772,311860.0,0,50.6,7.86,0.05,0,0.25,22255.7,278.2,1
LN000743,CUST000743,Mortgage,17571.85,11.51,48,714,699656.33,0,74.06,8.95,0.05,0,0.25,17571.85,219.65,1
LN000744,CUST000744,Mortgage,57858.65,8.0,360,760,1149499.48,0,74.16,3.53,0.02,0,0.25,57858.65,289.29,1
LN000745,CUST000745,Auto Loan,20799.92,7.32,60,828,627016.55,60,62.37,5.96,0.02,0,0.25,20799.92,104.0,2
LN000746,CUST000746,Structured Credit,18675.27,11.84,180,612,686567.38,30,97.09,6.13,0.12,0,0.5,18675.27,1120.52,2
LN000747,CUST000747,Auto Loan,13219.88,11.04,60,811,1130628.99,0,90.63,7.83,0.09,0,0.4,13219.88,475.92,1
LN000748,CUST000748,Mortgage,25899.09,7.26,120,555,2414019.88,0,89.79,4.6,0.12,0,0.4,25899.09,1243.16,1
LN000749,CUST000749,Structured Credit,34272.53,8.25,360,797,1969547.91,0,98.45,3.42,0.06,0,0.5,34272.53,1028.18,1
LN000750,CUST000750,Mortgage,43052.01,7.91,240,778,969433.9,0,67.43,4.88,0.02,0,0.25,43052.01,215.26,1
LN000751,CUST000751,Auto Loan,70679.75,6.04,360,835,2391109.16,30,45.83,8.9,0.05,1,0.25,70679.75,883.5,2
LN000752,CUST000752,Structured Credit,52513.66,11.7,36,806,1702705.28,120,85.93,8.4,0.24,0,0.5,52513.66,6301.64,3
LN000753,CUST000753,Mortgage,31773.55,7.83,60,612,1274761.7,120,62.85,5.37,0.23,0,0.25,31773.55,1826.98,3
LN000754,CUST000754,Auto Loan,31611.08,11.13,48,577,1303675.45,0,51.42,8.26,0.11,0,0.25,31611.08,869.3,1
LN000755,CUST000755,Auto Loan,51901.88,6.33,48,602,1174175.05,0,68.99,3.2,0.08,0,0.25,51901.88,1038.04,1
LN000756,CUST000756,Mortgage,88503.65,8.84,120,801,774232.12,90,95.54,4.89,0.21,1,0.4,88503.65,7434.31,3
LN000757,CUST000757,Mortgage,39672.75,5.17,180,587,1119922.43,120,50.28,7.36,0.26,0,0.25,39672.75,2578.73,3
LN000758,CUST000758,Mortgage,26150.1,10.35,36,688,1437766.86,90,90.92,4.33,0.21,0,0.4,26150.1,2196.61,3
LN000759,CUST000759,Structured Credit,18124.03,9.07,60,602,1438061.54,0,65.09,4.19,0.08,0,0.35,18124.03,507.47,1
LN000760,CUST000760,Mortgage,13205.07,9.38,180,643,1963908.03,0,48.21,8.17,0.11,0,0.25,13205.07,363.14,1
LN000761,CUST000761,Auto Loan,57895.14,5.36,180,643,1057295.18,60,90.9,6.7,0.12,1,0.4,57895.14,2778.97,2
LN000762,CUST000762,Auto Loan,54425.33,6.48,240,812,1862795.57,0,98.18,8.93,0.09,0,0.4,54425.33,1959.31,1
LN000763,CUST000763,Auto Loan,54401.91,5.52,240,686,1550706.64,30,57.48,3.81,0.02,1,0.25,54401.91,272.01,2
LN000764,CUST000764,Mortgage,33187.83,7.02,60,805,2414152.16,0,58.21,5.14,0.02,0,0.25,33187.83,165.94,1
LN000765,CUST000765,Auto Loan,97231.92,9.39,60,586,1116891.08,90,63.43,4.87,0.23,0,0.25,97231.92,5590.84,3
LN000766,CUST000766,Mortgage,25877.19,8.96,60,691,2277737.04,0,88.85,8.28,0.09,0,0.4,25877.19,931.58,1
LN000767,CUST000767,Mortgage,70876.09,9.29,60,696,2096445.73,0,40.63,4.53,0.02,0,0.25,70876.09,354.38,1
LN000768,CUST000768,Structured Credit,35343.86,8.84,48,557,1684744.64,90,53.44,5.12,0.23,1,0.35,35343.86,2845.18,3
LN000769,CUST000769,Auto Loan,23721.91,6.91,360,800,1722657.55,120,82.35,3.86,0.21,0,0.4,23721.91,1992.64,3
LN000770,CUST000770,Structured Credit,54982.55,6.71,360,684,440462.35,30,64.34,7.65,0.05,0,0.35,54982.55,962.19,2
LN000771,CUST000771,Auto Loan,48375.33,5.96,180,608,2388005.36,30,59.82,4.43,0.08,0,0.25,48375.33,967.51,2
LN000772,CUST000772,Structured Credit,46624.48,10.94,360,672,490606.14,120,92.34,3.41,0.21,0,0.5,46624.48,4895.57,3
LN000773,CUST000773,Auto Loan,38441.58,9.32,180,812,1517274.94,60,95.04,5.61,0.06,0,0.4,38441.58,922.6,2
LN000774,CUST000774,Auto Loan,35364.89,6.31,48,669,992659.3,0,96.88,5.35,0.06,0,0.4,35364.89,848.76,1
LN000775,CUST000775,Mortgage,193273.27,6.24,360,808,1217166.95,90,56.35,4.07,0.17,0,0.25,193273.27,8214.11,3
LN000776,CUST000776,Auto Loan,83198.09,11.11,180,567,1622911.77,120,94.75,3.8,0.27,0,0.4,83198.09,8985.39,3
LN000777,CUST000777,Auto Loan,60233.19,10.2,60,850,2294915.6,90,84.22,8.38,0.24,0,0.4,60233.19,5782.39,3
LN000778,CUST000778,Mortgage,39271.7,9.62,36,641,1279526.03,60,49.25,3.41,0.08,0,0.25,39271.7,785.43,2
LN000779,CUST000779,Mortgage,73497.75,7.85,360,713,2472391.5,90,76.62,3.6,0.17,0,0.25,73497.75,3123.65,3
LN000780,CUST000780,Mortgage,52187.4,6.83,240,693,1583827.15,0,41.58,4.47,0.02,1,0.25,52187.4,260.94,1
LN000781,CUST000781,Mortgage,36987.8,11.86,240,787,611246.37,0,82.5,8.72,0.09,0,0.4,36987.8,1331.56,1
LN000782,CUST000782,Mortgage,29363.42,10.58,180,723,677520.91,0,84.01,3.51,0.06,1,0.4,29363.42,704.72,1
LN000783,CUST000783,Auto Loan,34315.69,7.11,36,632,1861249.83,0,87.36,7.9,0.15,0,0.4,34315.69,2058.94,1
LN000784,CUST000784,Auto Loan,3946.96,10.93,240,706,363395.04,30,50.35,8.35,0.05,0,0.25,3946.96,49.34,2
LN000785,CUST000785,Auto Loan,42083.9,10.31,360,658,1330768.55,30,77.69,5.27,0.02,0,0.25,42083.9,210.42,2
LN000786,CUST000786,Structured Credit,25798.37,7.08,36,727,583493.0,0,50.73,4.76,0.02,0,0.35,25798.37,180.59,1
LN000787,CUST000787,Mortgage,110732.09,7.99,48,799,1224741.93,90,96.8,7.06,0.24,0,0.4,110732.09,10630.28,3
LN000788,CUST000788,Mortgage,36810.59,6.3,120,802,1937314.2,0,80.5,7.22,0.09,0,0.4,36810.59,1325.18,1
LN000789,CUST000789,Mortgage,15799.37,5.78,180,604,1282329.09,0,45.72,7.68,0.11,0,0.25,15799.37,434.48,1
LN000790,CUST000790,Structured Credit,35069.39,10.06,48,704,617765.0,0,51.22,7.98,0.05,0,0.35,35069.39,613.71,1
LN000791,CUST000791,Auto Loan,17460.83,6.87,48,640,816832.08,30,79.81,4.61,0.08,0,0.25,17460.83,349.22,2
LN000792,CUST000792,Mortgage,50583.73,10.74,36,675,1076964.07,90,68.6,7.12,0.2,1,0.25,50583.73,2529.19,3
LN000793,CUST000793,Mortgage,44518.64,11.97,180,718,406512.66,90,84.18,3.81,0.21,1,0.4,44518.64,3739.57,3
LN000794,CUST000794,Mortgage,71003.73,5.54,48,688,1564759.68,0,56.85,6.06,0.02,0,0.25,71003.73,355.02,1
LN000795,CUST000795,Auto Loan,20876.57,8.31,60,554,1616951.03,0,79.48,6.68,0.08,0,0.25,20876.57,417.53,1
LN000796,CUST000796,Structured Credit,37190.39,10.61,48,615,389841.84,120,50.62,3.97,0.23,1,0.35,37190.39,2993.83,3
LN000797,CUST000797,Structured Credit,13967.45,10.52,60,660,1155200.47,90,72.62,3.46,0.17,0,0.35,13967.45,831.06,3
LN000798,CUST000798,Mortgage,59340.44,10.32,120,733,1181501.54,90,97.47,4.17,0.21,0,0.4,59340.44,4984.6,3
LN000799,CUST000799,Mortgage,52219.42,7.44,60,817,1001094.03,120,77.69,5.52,0.17,0,0.25,52219.42,2219.33,3
LN000800,CUST000800,Structured Credit,51383.04,8.18,60,719,1504914.42,90,43.0,8.33,0.2,0,0.35,51383.04,3596.81,3
LN000801,CUST000801,Mortgage,36356.68,9.16,36,793,1028404.35,0,99.33,6.19,0.06,0,0.4,36356.68,872.56,1
LN000802,CUST000802,Auto Loan,48549.59,11.82,48,687,1186920.88,0,49.41,7.49,0.05,1,0.25,48549.59,606.87,1
LN000803,CUST000803,Mortgage,111640.3,7.29,120,577,2044427.98,0,83.08,4.04,0.12,0,0.4,111640.3,5358.73,1
LN000804,CUST000804,Mortgage,29745.53,11.46,48,556,614746.05,0,71.95,3.64,0.08,0,0.25,29745.53,594.91,1
LN000805,CUST000805,Mortgage,40016.68,6.89,360,600,1643008.06,0,57.66,4.44,0.08,0,0.25,40016.68,800.33,1
LN000806,CUST000806,Mortgage,16978.64,11.92,360,685,1387587.4,90,50.64,4.88,0.17,0,0.25,16978.64,721.59,3
LN000807,CUST000807,Structured Credit,19775.86,9.69,60,727,936411.18,60,50.66,6.29,0.02,0,0.35,19775.86,138.43,2
LN000808,CUST000808,Structured Credit,38889.1,8.24,240,678,1886952.98,0,91.5,8.29,0.09,0,0.5,38889.1,1750.01,1
LN000809,CUST000809,Mortgage,78649.26,9.29,60,746,1490173.81,0,92.37,5.56,0.06,0,0.4,78649.26,1887.58,1
LN000810,CUST000810,Auto Loan,30351.57,6.91,48,816,1324063.44,30,67.91,6.11,0.02,0,0.25,30351.57,151.76,2
LN000811,CUST000811,Structured Credit,30787.33,6.92,120,656,1752255.96,0,46.22,3.03,0.02,0,0.35,30787.33,215.51,1
LN000812,CUST000812,Structured Credit,27314.7,5.79,240,597,2055153.19,30,93.05,3.2,0.12,1,0.5,27314.7,1638.88,2
LN000813,CUST000813,Auto Loan,24975.99,5.8,120,687,2438504.78,60,69.22,3.5,0.02,0,0.25,24975.99,124.88,2
LN000814,CUST000814,Structured Credit,44644.22,7.43,36,652,1666038.33,0,66.33,7.19,0.05,0,0.35,44644.22,781.27,1
LN000815,CUST000815,Structured Credit,12732.58,10.34,60,596,2217489.97,0,64.44,5.92,0.08,0,0.35,12732.58,356.51,1
LN000816,CUST000816,Mortgage,89023.68,9.26,60,702,252455.97,60,61.9,4.16,0.02,0,0.25,89023.68,445.12,2
LN000817,CUST000817,Mortgage,22792.9,5.72,360,555,1443030.31,90,71.56,6.56,0.23,1,0.25,22792.9,1310.59,3
LN000818,CUST000818,Auto Loan,60194.27,10.97,36,560,732956.98,0,76.27,6.27,0.08,0,0.25,60194.27,1203.89,1
LN000819,CUST000819,Auto Loan,14928.11,9.21,360,566,461933.03,120,67.99,3.53,0.23,0,0.25,14928.11,858.37,3
LN000820,CUST000820,Auto Loan,57999.41,11.73,48,692,1446934.79,90,93.8,6.84,0.21,0,0.4,57999.41,4871.95,3
LN000821,CUST000821,Structured Credit,58125.59,9.69,60,821,1930359.64,0,59.06,7.6,0.05,0,0.35,58125.59,1017.2,1
LN000822,CUST000822,Auto Loan,47521.69,6.23,48,615,1177613.18,30,74.7,4.72,0.08,0,0.25,47521.69,950.43,2
LN000823,CUST000823,Auto Loan,18104.21,8.32,120,805,1757741.76,90,58.0,7.12,0.2,0,0.25,18104.21,905.21,3
LN000824,CUST000824,Auto Loan,43247.03,9.54,240,676,1351868.32,60,85.2,4.2,0.06,0,0.4,43247.03,1037.93,2
LN000825,CUST000825,Mortgage,15864.84,5.2,240,680,1233443.2,30,46.13,7.54,0.05,0,0.25,15864.84,198.31,2
LN000826,CUST000826,Structured Credit,30426.39,5.1,240,567,903077.44,0,51.32,8.47,0.11,0,0.35,30426.39,1171.42,1
LN000827,CUST000827,Auto Loan,74651.74,5.91,360,756,1110835.41,0,88.07,5.65,0.06,0,0.4,74651.74,1791.64,1
LN000828,CUST000828,Auto Loan,63429.95,6.76,180,638,1037040.17,90,50.99,4.47,0.23,0,0.25,63429.95,3647.22,3
LN000829,CUST000829,Mortgage,36703.52,8.01,36,792,1703921.16,30,77.54,5.4,0.02,0,0.25,36703.52,183.52,2
LN000830,CUST000830,Mortgage,18354.6,8.41,240,566,511041.65,90,98.21,4.5,0.27,0,0.4,18354.6,1982.3,3
LN000831,CUST000831,Auto Loan,57063.01,5.97,60,772,458431.83,0,71.37,3.01,0.02,0,0.25,57063.01,285.32,1
LN000832,CUST000832,Mortgage,36811.55,9.71,36,759,1735029.24,30,51.24,6.9,0.02,0,0.25,36811.55,184.06,2
LN000833,CUST000833,Auto Loan,7156.52,9.17,120,648,1479170.66,30,59.24,3.26,0.08,0,0.25,7156.52,143.13,2
LN000834,CUST000834,Auto Loan,62808.2,7.06,120,562,1217950.22,0,89.41,4.26,0.12,0,0.4,62808.2,3014.79,1
LN000835,CUST000835,Mortgage,35704.68,5.1,360,819,592996.49,0,61.1,7.33,0.05,1,0.25,35704.68,446.31,1
LN000836,CUST000836,Mortgage,84264.49,5.54,120,736,1174811.0,0,83.41,6.99,0.06,0,0.4,84264.49,2022.35,1
LN000837,CUST000837,Structured Credit,16870.31,7.74,120,823,2026896.47,90,86.64,3.44,0.21,0,0.5,16870.31,1771.38,3
LN000838,CUST000838,Auto Loan,3929.66,6.08,180,682,2251647.78,0,70.07,6.96,0.02,0,0.25,3929.66,19.65,1
LN000839,CUST000839,Mortgage,44150.46,7.64,48,563,1830797.28,120,86.99,8.58,0.3,0,0.4,44150.46,5298.06,3
LN000840,CUST000840,Mortgage,44537.85,9.4,48,830,384802.4,90,59.01,3.45,0.17,0,0.25,44537.85,1892.86,3
LN000841,CUST000841,Auto Loan,11120.33,8.83,240,593,1758422.0,0,70.97,5.49,0.08,0,0.25,11120.33,222.41,1
LN000842,CUST000842,Mortgage,18307.21,6.62,180,844,792217.58,0,81.19,7.38,0.09,0,0.4,18307.21,659.06,1
LN000843,CUST000843,Auto Loan,249859.1,7.41,360,653,959315.3,0,50.08,7.01,0.05,0,0.25,249859.1,3123.24,1
LN000844,CUST000844,Structured Credit,29321.39,9.3,48,611,690714.72,0,56.42,4.36,0.08,0,0.35,29321.39,821.0,1
LN000845,CUST000845,Auto Loan,60577.04,11.03,360,602,1995450.53,0,79.12,3.98,0.08,0,0.25,60577.04,1211.54,1
LN000846,CUST000846,Mortgage,23029.66,10.27,360,667,1709354.78,90,79.32,7.71,0.2,0,0.25,23029.66,1151.48,3
LN000847,CUST000847,Auto Loan,8406.73,8.87,120,680,1626628.87,0,69.6,8.74,0.05,0,0.25,8406.73,105.08,1
LN000848,CUST000848,Structured Credit,32235.36,7.54,48,848,1752938.37,0,87.74,7.61,0.09,0,0.5,32235.36,1450.59,1
LN000849,CUST000849,Mortgage,30154.12,7.56,36,748,782737.59,90,68.92,8.78,0.2,0,0.25,30154.12,1507.71,3
LN000850,CUST000850,Mortgage,27449.01,11.16,240,585,1250449.93,30,92.88,6.63,0.12,0,0.4,27449.01,1317.55,2
LN000851,CUST000851,Auto Loan,33515.1,5.27,48,828,1674820.87,120,84.15,8.57,0.24,1,0.4,33515.1,3217.45,3
LN000852,CUST000852,Mortgage,43694.95,11.92,36,765,1682336.56,90,58.88,7.14,0.2,0,0.25,43694.95,2184.75,3
LN000853,CUST000853,Auto Loan,32693.06,9.65,60,623,2031666.69,30,63.72,8.45,0.11,0,0.25,32693.06,899.06,2
LN000854,CUST000854,Structured Credit,14990.86,9.77,36,604,895983.93,0,80.06,3.97,0.12,0,0.5,14990.86,899.45,1
LN000855,CUST000855,Auto Loan,51038.18,5.27,36,561,1983256.27,30,93.67,7.89,0.15,0,0.4,51038.18,3062.29,2
LN000856,CUST000856,Auto Loan,9278.36,9.24,120,632,1240415.08,0,50.72,4.18,0.08,0,0.25,9278.36,185.57,1
LN000857,CUST000857,Auto Loan,8645.12,8.39,120,581,1757888.56,90,70.88,3.16,0.23,0,0.25,8645.12,497.09,3
LN000858,CUST000858,Mortgage,60926.67,5.74,240,635,1275368.61,0,47.13,6.11,0.08,0,0.25,60926.67,1218.53,1
LN000859,CUST000859,Mortgage,51788.02,6.95,120,781,2384372.88,120,56.77,4.91,0.17,0,0.25,51788.02,2200.99,3
LN000860,CUST000860,Auto Loan,34885.38,11.23,36,824,653430.1,0,81.16,3.26,0.06,0,0.4,34885.38,837.25,1
LN000861,CUST000861,Mortgage,13673.11,8.85,180,750,1768761.45,120,44.66,8.88,0.2,0,0.25,13673.11,683.66,3
LN000862,CUST000862,Mortgage,22124.98,7.89,120,600,1547203.75,0,79.74,7.0,0.08,0,0.25,22124.98,442.5,1
LN000863,CUST000863,Mortgage,30214.5,5.51,120,805,638644.84,0,94.05,8.41,0.09,0,0.4,30214.5,1087.72,1
LN000864,CUST000864,Mortgage,11883.12,10.0,36,790,398514.26,0,98.16,8.99,0.09,1,0.4,11883.12,427.79,1
LN000865,CUST000865,Mortgage,21648.25,9.92,60,754,2048074.88,0,53.0,5.35,0.02,0,0.25,21648.25,108.24,1
LN000866,CUST000866,Mortgage,57332.98,9.3,60,745,604265.5,30,84.93,4.53,0.06,0,0.4,57332.98,1375.99,2
LN000867,CUST000867,Auto Loan,98628.32,8.57,48,793,669640.04,60,95.58,4.1,0.06,0,0.4,98628.32,2367.08,2
LN000868,CUST000868,Auto Loan,27075.8,8.04,240,550,2451477.0,90,45.48,6.09,0.23,0,0.25,27075.8,1556.86,3
LN000869,CUST000869,Structured Credit,61669.32,9.15,60,638,1863836.92,120,64.84,6.64,0.23,1,0.35,61669.32,4964.38,3
LN000870,CUST000870,Structured Credit,9510.56,6.63,120,831,813595.39,60,95.16,5.83,0.06,0,0.5,9510.56,285.32,2
LN000871,CUST000871,Auto Loan,57619.47,11.59,180,688,1579635.16,120,52.17,5.32,0.17,0,0.25,57619.47,2448.83,3
LN000872,CUST000872,Auto Loan,20686.49,9.12,48,636,1451751.64,0,96.03,4.01,0.12,0,0.4,20686.49,992.95,1
LN000873,CUST000873,Mortgage,45032.6,7.18,240,551,2150064.85,0,71.63,5.65,0.08,1,0.25,45032.6,900.65,1
LN000874,CUST000874,Mortgage,30533.3,8.15,180,717,1890971.68,60,45.99,3.51,0.02,0,0.25,30533.3,152.67,2
LN000875,CUST000875,Auto Loan,91517.9,10.64,180,668,2121372.53,30,66.99,8.19,0.05,0,0.25,91517.9,1143.97,2
LN000876,CUST000876,Auto Loan,19690.57,6.13,120,629,725889.82,0,59.58,3.28,0.08,0,0.25,19690.57,393.81,1
LN000877,CUST000877,Mortgage,56349.26,7.05,36,660,1690493.21,120,56.93,5.28,0.17,0,0.25,56349.26,2394.84,3
LN000878,CUST000878,Mortgage,29862.08,9.76,36,714,340541.93,0,72.49,3.6,0.02,0,0.25,29862.08,149.31,1
LN000879,CUST000879,Auto Loan,32506.2,7.21,36,768,405116.38,0,69.02,7.65,0.05,0,0.25,32506.2,406.33,1
LN000880,CUST000880,Auto Loan,31930.03,10.55,60,554,1855435.82,30,68.92,4.88,0.08,1,0.25,31930.03,638.6,2
LN000881,CUST000881,Auto Loan,20091.03,5.91,36,764,304945.23,0,45.29,3.68,0.02,0,0.25,20091.03,100.46,1
LN000882,CUST000882,Mortgage,35958.86,10.34,240,744,1554471.27,90,88.14,6.19,0.21,0,0.4,35958.86,3020.54,3
LN000883,CUST000883,Auto Loan,34757.35,5.48,120,831,2140911.47,0,68.89,8.5,0.05,0,0.25,34757.35,434.47,1
LN000884,CUST000884,Auto Loan,42996.25,5.09,60,555,1104869.07,0,89.25,8.45,0.15,0,0.4,42996.25,2579.78,1
LN000885,CUST000885,Mortgage,38528.5,11.29,240,849,350890.98,60,89.48,4.5,0.06,1,0.4,38528.5,924.68,2
LN000886,CUST000886,Auto Loan,63487.36,9.07,36,607,1856156.76,90,59.03,7.32,0.26,0,0.25,63487.36,4126.68,3
LN000887,CUST000887,Mortgage,69317.73,7.46,240,651,2341794.52,0,40.26,3.18,0.02,0,0.25,69317.73,346.59,1
LN000888,CUST000888,Auto Loan,17405.89,6.63,180,597,1863635.63,0,94.67,3.79,0.12,0,0.4,17405.89,835.48,1
LN000889,CUST000889,Auto Loan,66712.04,9.32,120,825,1551506.3,90,85.64,6.0,0.21,0,0.4,66712.04,5603.81,3
LN000890,CUST000890,Auto Loan,15828.45,8.56,120,712,767564.87,90,46.44,4.37,0.17,0,0.25,15828.45,672.71,3
LN000891,CUST000891,Mortgage,54802.94,11.94,240,745,284595.15,30,82.1,7.79,0.09,1,0.4,54802.94,1972.91,2
LN000892,CUST000892,Structured Credit,56039.78,11.88,48,681,1813012.24,0,41.2,8.59,0.05,0,0.35,56039.78,980.7,1
LN000893,CUST000893,Structured Credit,9528.84,9.45,120,615,769808.9,60,41.67,3.03,0.08,0,0.35,9528.84,266.81,2
LN000894,CUST000894,Auto Loan,38757.73,8.1,180,632,2180866.02,0,71.55,4.4,0.08,0,0.25,38757.73,775.15,1
LN000895,CUST000895,Mortgage,26161.72,8.44,120,814,1299319.27,0,45.76,5.64,0.02,0,0.25,26161.72,130.81,1
LN000896,CUST000896,Auto Loan,21351.22,9.78,48,778,1443930.06,0,97.86,6.38,0.06,0,0.4,21351.22,512.43,1
LN000897,CUST000897,Auto Loan,93488.77,5.71,120,822,1946357.22,60,93.63,8.5,0.09,0,0.4,93488.77,3365.6,2
LN000898,CUST000898,Structured Credit,22981.04,7.3,360,768,2003718.87,0,78.99,8.35,0.05,0,0.35,22981.04,402.17,1
LN000899,CUST000899,Auto Loan,20651.35,5.53,120,774,1695964.37,120,43.82,6.82,0.17,0,0.25,20651.35,877.68,3
LN000900,CUST000900,Auto Loan,38291.62,5.51,48,662,2361471.58,60,59.49,4.54,0.02,0,0.25,38291.62,191.46,2
LN000901,CUST000901,Auto Loan,58683.44,6.37,360,689,2460171.48,120,62.3,7.7,0.2,1,0.25,58683.44,2934.17,3
LN000902,CUST000902,Auto Loan,32887.44,8.4,360,734,2380492.25,0,68.85,4.22,0.02,0,0.25,32887.44,164.44,1
LN000903,CUST000903,Auto Loan,82162.92,10.49,120,722,2104403.17,60,50.13,8.79,0.05,0,0.25,82162.92,1027.04,2
LN000904,CUST000904,Mortgage,52663.77,8.4,240,560,1837656.75,60,74.65,3.04,0.08,0,0.25,52663.77,1053.28,2
LN000905,CUST000905,Mortgage,7905.01,7.35,60,708,1742483.18,0,66.15,6.42,0.02,0,0.25,7905.01,39.53,1
LN000906,CUST000906,Structured Credit,25068.64,5.58,360,754,483437.9,120,96.84,3.53,0.21,0,0.5,25068.64,2632.21,3
LN000907,CUST000907,Structured Credit,24506.91,8.85,240,779,860839.78,0,96.17,5.45,0.06,0,0.5,24506.91,735.21,1
LN000908,CUST000908,Auto Loan,50794.97,6.9,120,575,262798.5,60,73.93,6.81,0.08,0,0.25,50794.97,1015.9,2
LN000909,CUST000909,Auto Loan,5782.71,9.3,36,708,559172.21,90,78.66,7.14,0.2,0,0.25,5782.71,289.14,3
LN000910,CUST000910,Auto Loan,216275.17,11.84,36,827,1238266.32,0,48.27,7.71,0.05,0,0.25,216275.17,2703.44,1
LN000911,CUST000911,Mortgage,52665.63,5.78,60,697,579707.24,0,53.4,6.56,0.02,0,0.25,52665.63,263.33,1
LN000912,CUST000912,Auto Loan,40304.31,6.48,360,815,2278742.68,90,94.04,4.51,0.21,0,0.4,40304.31,3385.56,3
LN000913,CUST000913,Mortgage,83041.64,8.31,120,632,2062823.17,90,81.95,8.34,0.3,0,0.4,83041.64,9965.0,3
LN000914,CUST000914,Mortgage,187317.04,11.78,180,575,411126.8,0,51.37,7.87,0.11,0,0.25,187317.04,5151.22,1
LN000915,CUST000915,Mortgage,66804.29,10.4,360,620,810055.86,0,74.21,3.96,0.08,0,0.25,66804.29,1336.09,1
LN000916,CUST000916,Mortgage,70556.51,11.29,120,586,2092911.74,120,96.09,7.96,0.3,0,0.4,70556.51,8466.78,3
LN000917,CUST000917,Auto Loan,39794.46,7.34,36,682,2056853.78,60,60.71,8.84,0.05,0,0.25,39794.46,497.43,2
LN000918,CUST000918,Structured Credit,32890.26,11.94,48,675,2377263.74,30,51.15,6.82,0.02,0,0.35,32890.26,230.23,2
LN000919,CUST000919,Mortgage,26028.39,5.72,60,664,2494482.46,30,96.52,4.69,0.06,0,0.4,26028.39,624.68,2
LN000920,CUST000920,Auto Loan,20368.03,5.37,48,641,2446607.64,90,67.68,6.64,0.23,0,0.25,20368.03,1171.16,3
LN000921,CUST000921,Structured Credit,22450.99,10.99,180,791,1172810.47,90,65.03,5.06,0.17,0,0.35,22450.99,1335.83,3
LN000922,CUST000922,Mortgage,14109.6,11.49,120,749,813239.0,0,56.05,7.06,0.05,0,0.25,14109.6,176.37,1
LN000923,CUST000923,Structured Credit,34437.11,5.63,180,756,1956422.93,120,93.5,6.27,0.21,0,0.5,34437.11,3615.9,3
LN000924,CUST000924,Mortgage,11167.16,5.79,48,666,923364.01,0,90.74,8.58,0.09,1,0.4,11167.16,402.02,1
LN000925,CUST000925,Mortgage,41508.0,5.23,120,768,2064400.81,0,64.18,6.71,0.02,0,0.25,41508.0,207.54,1
LN000926,CUST000926,Auto Loan,35403.59,5.73,360,792,1451398.14,0,41.84,4.28,0.02,0,0.25,35403.59,177.02,1
LN000927,CUST000927,Auto Loan,40249.57,6.47,240,841,2036336.37,60,66.8,7.35,0.05,0,0.25,40249.57,503.12,2
LN000928,CUST000928,Mortgage,25197.7,11.79,240,831,870729.73,0,50.85,4.81,0.02,0,0.25,25197.7,125.99,1
LN000929,CUST000929,Mortgage,312951.11,9.68,360,850,1393061.46,0,48.56,4.63,0.02,0,0.25,312951.11,1564.76,1
LN000930,CUST000930,Auto Loan,94096.97,10.45,180,721,1519053.54,0,63.59,5.35,0.02,0,0.25,94096.97,470.48,1
LN000931,CUST000931,Auto Loan,15196.5,10.43,240,625,2371993.15,90,45.94,3.07,0.23,1,0.25,15196.5,873.8,3
LN000932,CUST000932,Structured Credit,42745.01,8.75,240,758,849844.55,0,97.45,8.81,0.09,0,0.5,42745.01,1923.53,1
LN000933,CUST000933,Structured Credit,23727.64,10.58,36,654,2357548.54,0,42.85,6.19,0.02,0,0.35,23727.64,166.09,1
LN000934,CUST000934,Mortgage,17851.88,9.17,240,575,2060932.56,120,64.08,7.64,0.26,0,0.25,17851.88,1160.37,3
LN000935,CUST000935,Auto Loan,14213.53,7.2,36,628,1894511.62,30,49.76,4.55,0.08,0,0.25,14213.53,284.27,2
LN000936,CUST000936,Auto Loan,49146.05,8.93,60,677,2020458.11,0,81.33,7.48,0.09,0,0.4,49146.05,1769.26,1
LN000937,CUST000937,Auto Loan,22539.71,8.73,36,686,1612206.35,60,44.73,6.4,0.02,1,0.25,22539.71,112.7,2
LN000938,CUST000938,Structured Credit,71501.82,10.76,36,585,799180.02,0,72.81,5.54,0.08,0,0.35,71501.82,2002.05,1
LN000939,CUST000939,Auto Loan,72812.84,11.87,48,608,676363.68,90,86.39,8.82,0.3,1,0.4,72812.84,8737.54,3
LN000940,CUST000940,Mortgage,95010.25,7.88,36,779,2199268.23,120,97.0,5.96,0.21,0,0.4,95010.25,7980.86,3
LN000941,CUST000941,Auto Loan,19996.83,10.34,36,673,1881563.66,30,81.91,6.94,0.06,0,0.4,19996.83,479.92,2
LN000942,CUST000942,Mortgage,50653.11,5.7,48,637,729709.64,120,45.97,3.09,0.23,1,0.25,50653.11,2912.55,3
LN000943,CUST000943,Mortgage,56540.81,10.44,36,690,1633960.07,0,45.31,4.81,0.02,0,0.25,56540.81,282.7,1
LN000944,CUST000944,Structured Credit,26057.87,7.6,240,822,1256979.58,30,83.9,8.33,0.09,0,0.5,26057.87,1172.6,2
LN000945,CUST000945,Auto Loan,21157.71,5.28,360,600,606974.13,0,52.92,7.55,0.11,0,0.25,21157.71,581.84,1
LN000946,CUST000946,Auto Loan,112045.96,7.54,36,604,1446678.5,0,66.83,6.22,0.08,0,0.25,112045.96,2240.92,1
LN000947,CUST000947,Auto Loan,42584.56,9.27,60,699,883417.96,0,98.6,8.4,0.09,1,0.4,42584.56,1533.04,1
LN000948,CUST000948,Structured Credit,56680.04,5.83,36,702,466549.28,120,89.19,5.92,0.21,0,0.5,56680.04,5951.4,3
LN000949,CUST000949,Structured Credit,20425.65,11.47,36,768,1300656.17,30,90.8,6.4,0.06,0,0.5,20425.65,612.77,2
LN000950,CUST000950,Mortgage,15467.57,5.54,60,768,1577744.24,60,91.65,5.29,0.06,1,0.4,15467.57,371.22,2
LN000951,CUST000951,Mortgage,24376.75,11.51,360,807,355539.42,90,77.17,6.72,0.17,0,0.25,24376.75,1036.01,3
LN000952,CUST000952,Mortgage,33295.75,9.95,48,594,1154708.69,60,84.64,4.91,0.12,0,0.4,33295.75,1598.2,2
LN000953,CUST000953,Auto Loan,17241.01,7.31,240,818,829739.32,30,61.54,5.31,0.02,0,0.25,17241.01,86.21,2
LN000954,CUST000954,Structured Credit,36066.1,7.74,360,709,318963.83,90,99.91,8.8,0.24,0,0.5,36066.1,4327.93,3
LN000955,CUST000955,Mortgage,11137.2,10.19,36,827,532740.74,0,56.78,3.67,0.02,0,0.25,11137.2,55.69,1
LN000956,CUST000956,Auto Loan,16580.24,9.21,240,604,562826.86,0,75.4,3.63,0.08,0,0.25,16580.24,331.6,1
LN000957,CUST000957,Mortgage,58083.56,9.7,180,694,661467.06,90,56.92,3.26,0.17,0,0.25,58083.56,2468.55,3
LN000958,CUST000958,Auto Loan,55417.65,7.72,240,784,2057599.54,60,46.72,4.92,0.02,0,0.25,55417.65,277.09,2
LN000959,CUST000959,Auto Loan,27603.18,8.41,48,728,1238856.7,60,74.06,5.39,0.02,0,0.25,27603.18,138.02,2
LN000960,CUST000960,Mortgage,17810.88,11.93,48,757,580943.48,90,61.2,3.57,0.17,0,0.25,17810.88,756.96,3
LN000961,CUST000961,Auto Loan,17691.11,6.5,360,685,475668.18,0,74.99,6.29,0.02,0,0.25,17691.11,88.46,1
LN000962,CUST000962,Mortgage,27965.09,7.92,36,824,920366.03,0,73.52,6.5,0.02,0,0.25,27965.09,139.83,1
LN000963,CUST000963,Auto Loan,57020.32,7.04,60,732,2045534.92,0,72.54,7.51,0.05,0,0.25,57020.32,712.75,1
LN000964,CUST000964,Auto Loan,69547.97,10.36,48,610,1070034.66,30,47.4,8.86,0.11,0,0.25,69547.97,1912.57,2
LN000965,CUST000965,Auto Loan,25653.31,10.35,60,612,609769.06,120,66.41,6.72,0.23,1,0.25,25653.31,1475.07,3
LN000966,CUST000966,Auto Loan,16196.58,7.05,360,764,1159261.41,0,88.72,3.67,0.06,0,0.4,16196.58,388.72,1
LN000967,CUST000967,Mortgage,43804.44,5.57,360,688,1499451.0,30,58.91,3.53,0.02,0,0.25,43804.44,219.02,2
LN000968,CUST000968,Auto Loan,20404.8,5.08,180,683,316564.41,60,66.63,7.67,0.05,0,0.25,20404.8,255.06,2
LN000969,CUST000969,Mortgage,25266.21,7.99,60,583,1662194.05,120,69.63,6.9,0.23,0,0.25,25266.21,1452.81,3
LN000970,CUST000970,Mortgage,91829.9,7.87,360,742,1138976.69,0,91.76,3.97,0.06,0,0.4,91829.9,2203.92,1
LN000971,CUST000971,Mortgage,64794.81,11.92,360,636,271883.22,60,79.34,4.52,0.08,0,0.25,64794.81,1295.9,2
LN000972,CUST000972,Structured Credit,40561.8,8.29,360,759,1766251.15,90,46.01,7.5,0.2,0,0.35,40561.8,2839.33,3
LN000973,CUST000973,Mortgage,14908.05,6.79,120,630,1852872.18,90,91.91,6.4,0.27,1,0.4,14908.05,1610.07,3
LN000974,CUST000974,Auto Loan,42107.35,11.24,360,739,1664889.52,120,89.92,6.51,0.21,0,0.4,42107.35,3537.02,3
LN000975,CUST000975,Auto Loan,76409.33,8.44,360,782,1019342.99,60,85.22,4.26,0.06,0,0.4,76409.33,1833.82,2
LN000976,CUST000976,Auto Loan,27918.82,9.19,60,718,1441610.92,60,67.96,6.77,0.02,0,0.25,27918.82,139.59,2
LN000977,CUST000977,Mortgage,93505.9,5.67,48,800,1121104.84,0,85.45,7.62,0.09,0,0.4,93505.9,3366.21,1
LN000978,CUST000978,Auto Loan,89762.42,7.68,60,717,1826398.89,0,68.72,8.31,0.05,0,0.25,89762.42,1122.03,1
LN000979,CUST000979,Mortgage,116379.65,11.61,60,780,1563055.42,60,84.2,7.42,0.09,0,0.4,116379.65,4189.67,2
LN000980,CUST000980,Mortgage,44966.37,9.13,120,699,434048.01,120,92.81,6.46,0.21,0,0.4,44966.37,3777.18,3
LN000981,CUST000981,Auto Loan,54785.14,7.41,120,701,1696960.51,30,93.43,7.04,0.09,0,0.4,54785.14,1972.27,2
LN000982,CUST000982,Mortgage,97726.8,9.38,36,587,1796286.43,0,67.27,5.91,0.08,0,0.25,97726.8,1954.54,1
LN000983,CUST000983,Auto Loan,49670.96,11.37,48,846,1084079.91,0,91.56,4.36,0.06,0,0.4,49670.96,1192.1,1
LN000984,CUST000984,Auto Loan,25569.0,6.92,360,824,2220518.01,30,46.09,8.29,0.05,0,0.25,25569.0,319.61,2
LN000985,CUST000985,Mortgage,26529.7,8.54,36,654,2146782.3,120,46.11,6.2,0.17,0,0.25,26529.7,1127.51,3
LN000986,CUST000986,Mortgage,42915.51,11.71,360,611,644124.68,0,72.9,6.57,0.08,0,0.25,42915.51,858.31,1
LN000987,CUST000987,Mortgage,14714.77,6.21,360,565,2284599.19,60,79.11,8.94,0.11,0,0.25,14714.77,404.66,2
LN000988,CUST000988,Mortgage,32850.39,10.04,120,699,1241962.84,30,49.18,8.91,0.05,0,0.25,32850.39,410.63,2
LN000989,CUST000989,Auto Loan,78243.65,9.3,360,691,1878436.72,30,68.33,6.52,0.02,0,0.25,78243.65,391.22,2
LN000990,CUST000990,Structured Credit,7833.17,9.76,360,665,2081718.27,30,45.66,3.2,0.02,0,0.35,7833.17,54.83,2
LN000991,CUST000991,Mortgage,106312.43,7.46,60,614,1386502.95,0,76.13,5.38,0.08,0,0.25,106312.43,2126.25,1
LN000992,CUST000992,Mortgage,79671.08,7.2,120,743,1147979.36,60,91.31,8.62,0.09,0,0.4,79671.08,2868.16,2
LN000993,CUST000993,Auto Loan,26322.12,9.79,180,710,2309765.58,30,84.26,4.73,0.06,0,0.4,26322.12,631.73,2
LN000994,CUST000994,Mortgage,53123.44,6.51,60,827,769420.49,0,62.7,9.0,0.05,0,0.25,53123.44,664.04,1
LN000995,CUST000995,Auto Loan,36395.61,7.94,36,845,828182.67,120,99.63,3.51,0.21,0,0.4,36395.61,3057.23,3
LN000996,CUST000996,Auto Loan,85904.65,6.32,60,588,1063645.71,60,79.78,6.41,0.08,0,0.25,85904.65,1718.09,2
LN000997,CUST000997,Structured Credit,72249.32,5.06,180,718,2183798.0,0,88.91,6.09,0.06,0,0.5,72249.32,2167.48,1
LN000998,CUST000998,Auto Loan,13628.94,11.79,120,617,2362273.59,0,80.18,4.53,0.12,0,0.4,13628.94,654.19,1
LN000999,CUST000999,Structured Credit,54780.18,8.02,48,556,745152.36,0,99.36,8.69,0.15,1,0.5,54780.18,4108.51,1
LN001000,CUST001000,Mortgage,31447.05,11.79,360,634,2193707.83,90,89.28,6.72,0.27,0,0.4,31447.05,3396.28,3
LN001001,CUST001001,Auto Loan,38483.42,5.98,240,748,830956.66,0,71.17,4.38,0.02,0,0.25,38483.42,192.42,1
LN001002,CUST001002,Mortgage,21813.4,9.11,48,681,2433942.81,120,62.01,5.3,0.17,0,0.25,21813.4,927.07,3
LN001003,CUST001003,Structured Credit,123462.9,6.41,48,625,1594167.76,0,80.93,7.33,0.15,1,0.5,123462.9,9259.72,1
LN001004,CUST001004,Mortgage,75210.29,10.53,360,799,265944.55,0,75.41,4.79,0.02,0,0.25,75210.29,376.05,1
LN001005,CUST001005,Structured Credit,21637.0,10.49,120,758,326792.28,0,77.76,8.28,0.05,0,0.35,21637.0,378.65,1
LN001006,CUST001006,Mortgage,14267.97,5.79,48,633,581840.19,30,60.58,3.99,0.08,0,0.25,14267.97,285.36,2
LN001007,CUST001007,Mortgage,27723.32,11.38,180,772,672039.61,0,65.72,4.59,0.02,0,0.25,27723.32,138.62,1
LN001008,CUST001008,Structured Credit,49224.75,6.36,360,802,1977143.03,0,73.49,3.87,0.02,0,0.35,49224.75,344.57,1
LN001009,CUST001009,Auto Loan,42965.13,9.29,120,580,751223.22,30,90.36,3.63,0.12,0,0.4,42965.13,2062.33,2
LN001010,CUST001010,Mortgage,87307.62,11.9,48,750,2430568.65,120,85.77,4.8,0.21,0,0.4,87307.62,7333.84,3
LN001011,CUST001011,Auto Loan,63129.52,11.18,360,601,1681252.13,0,47.12,9.0,0.11,0,0.25,63129.52,1736.06,1
LN001012,CUST001012,Structured Credit,71589.12,11.7,240,621,1808164.4,60,54.73,3.57,0.08,0,0.35,71589.12,2004.5,2
LN001013,CUST001013,Structured Credit,45651.82,7.4,36,570,740087.17,60,41.6,4.28,0.08,0,0.35,45651.82,1278.25,2
LN001014,CUST001014,Auto Loan,13732.09,5.74,120,565,2258589.21,0,40.48,4.63,0.08,0,0.25,13732.09,274.64,1
LN001015,CUST001015,Mortgage,31666.39,6.32,120,565,1752582.79,30,53.46,6.71,0.08,0,0.25,31666.39,633.33,2
LN001016,CUST001016,Structured Credit,76272.13,8.5,60,724,2194912.65,0,87.96,7.47,0.09,0,0.5,76272.13,3432.25,1
LN001017,CUST001017,Auto Loan,35029.08,10.55,360,627,2402082.47,90,94.28,7.51,0.3,0,0.4,35029.08,4203.49,3
LN001018,CUST001018,Mortgage,51645.75,6.05,48,789,532692.2,60,63.51,3.05,0.02,0,0.25,51645.75,258.23,2
LN001019,CUST001019,Structured Credit,29052.98,9.62,36,586,467321.27,120,73.79,6.91,0.23,0,0.35,29052.98,2338.76,3
LN001020,CUST001020,Auto Loan,17661.31,7.27,360,781,2057667.61,30,82.36,6.78,0.06,0,0.4,17661.31,423.87,2
LN001021,CUST001021,Mortgage,33311.54,7.39,240,762,2198783.63,0,97.18,6.11,0.06,1,0.4,33311.54,799.48,1
LN001022,CUST001022,Auto Loan,45086.28,9.63,180,742,1563463.2,60,94.78,5.28,0.06,0,0.4,45086.28,1082.07,2
LN001023,CUST001023,Structured Credit,22948.75,8.27,120,609,1073501.23,0,43.43,7.78,0.11,0,0.35,22948.75,883.53,1
LN001024,CUST001024,Structured Credit,30791.75,10.68,180,738,1718416.68,0,54.89,5.06,0.02,0,0.35,30791.75,215.54,1
LN001025,CUST001025,Structured Credit,18814.36,6.09,180,816,937744.16,90,42.95,4.38,0.17,0,0.35,18814.36,1119.45,3
LN001026,CUST001026,Mortgage,79496.75,10.53,180,675,786367.81,120,76.99,4.86,0.17,0,0.25,79496.75,3378.61,3
LN001027,CUST001027,Structured Credit,29551.24,5.45,60,752,1348326.72,60,82.63,5.64,0.06,0,0.5,29551.24,886.54,2
LN001028,CUST001028,Structured Credit,100401.14,6.36,360,581,736346.11,0,58.5,4.28,0.08,1,0.35,100401.14,2811.23,1
LN001029,CUST001029,Auto Loan,105886.55,9.59,180,810,1338333.12,0,91.23,6.65,0.06,0,0.4,105886.55,2541.28,1
LN001030,CUST001030,Structured Credit,34312.6,10.98,48,643,2402364.64,0,67.17,8.31,0.11,0,0.35,34312.6,1321.04,1
LN001031,CUST001031,Auto Loan,17927.41,6.77,48,649,2139514.08,0,99.9,6.57,0.12,1,0.4,17927.41,860.52,1
LN001032,CUST001032,Mortgage,8432.69,7.29,36,834,2368669.57,0,40.02,5.68,0.02,0,0.25,8432.69,42.16,1
LN001033,CUST001033,Auto Loan,12959.37,8.76,36,574,2064240.19,60,46.57,7.78,0.11,0,0.25,12959.37,356.38,2
LN001034,CUST001034,Auto Loan,13881.55,6.48,240,666,1048189.61,0,58.11,7.49,0.05,0,0.25,13881.55,173.52,1
LN001035,CUST001035,Auto Loan,95313.69,10.68,180,748,2077101.79,0,41.53,5.2,0.02,0,0.25,95313.69,476.57,1
LN001036,CUST001036,Mortgage,39382.51,10.42,180,828,2326560.42,0,86.94,6.62,0.06,0,0.4,39382.51,945.18,1
LN001037,CUST001037,Auto Loan,47701.74,6.02,60,619,2380830.52,60,43.17,7.38,0.11,0,0.25,47701.74,1311.8,2
LN001038,CUST001038,Mortgage,7674.86,8.25,360,628,1787195.16,0,84.94,4.47,0.12,0,0.4,7674.86,368.39,1
LN001039,CUST001039,Auto Loan,15700.12,10.42,180,563,725574.95,0,43.15,5.2,0.08,0,0.25,15700.12,314.0,1
LN001040,CUST001040,Auto Loan,67572.46,7.36,180,578,339390.6,120,55.16,3.63,0.23,1,0.25,67572.46,3885.42,3
LN001041,CUST001041,Mortgage,44388.77,9.43,360,693,581200.51,0,90.48,8.93,0.09,0,0.4,44388.77,1598.0,1
LN001042,CUST001042,Mortgage,32759.76,5.35,180,559,2422480.57,120,97.07,3.52,0.27,0,0.4,32759.76,3538.05,3
LN001043,CUST001043,Auto Loan,53927.17,9.26,120,596,1289717.85,0,64.87,4.01,0.08,0,0.25,53927.17,1078.54,1
LN001044,CUST001044,Mortgage,114126.01,6.07,120,809,2173718.53,60,98.2,5.88,0.06,0,0.4,114126.01,2739.02,2
LN001045,CUST001045,Structured Credit,31109.55,10.81,60,561,1296349.35,0,77.61,8.19,0.11,0,0.35,31109.55,1197.72,1
LN001046,CUST001046,Mortgage,38122.46,7.49,60,847,1736839.56,0,64.95,5.14,0.02,0,0.25,38122.46,190.61,1
LN001047,CUST001047,Auto Loan,41556.86,6.97,48,775,304316.75,90,88.17,7.61,0.24,0,0.4,41556.86,3989.46,3
LN001048,CUST001048,Auto Loan,193779.61,10.89,60,809,812196.12,0,57.72,7.06,0.05,0,0.25,193779.61,2422.25,1
LN001049,CUST001049,Structured Credit,8353.62,5.35,240,633,1231605.88,120,55.95,6.83,0.23,1,0.35,8353.62,672.47,3
LN001050,CUST001050,Auto Loan,58586.3,7.78,48,555,1668919.86,0,79.39,8.07,0.11,1,0.25,58586.3,1611.12,1
LN001051,CUST001051,Structured Credit,33511.32,7.59,360,796,635922.67,120,63.43,3.09,0.17,0,0.35,33511.32,1993.92,3
LN001052,CUST001052,Mortgage,54000.05,6.99,180,584,1970240.79,90,48.16,8.57,0.26,1,0.25,54000.05,3510.0,3
LN001053,CUST001053,Structured Credit,22921.7,11.38,60,724,1069910.59,120,44.02,7.98,0.2,0,0.35,22921.7,1604.52,3
LN001054,CUST001054,Mortgage,35091.86,10.26,240,614,2089229.36,0,87.27,8.63,0.15,0,0.4,35091.86,2105.51,1
LN001055,CUST001055,Structured Credit,59753.76,5.45,60,696,470430.45,30,80.55,7.76,0.09,0,0.5,59753.76,2688.92,2
LN001056,CUST001056,Auto Loan,320948.88,10.0,60,606,1779452.32,0,64.71,8.27,0.11,0,0.25,320948.88,8826.09,1
LN001057,CUST001057,Mortgage,63935.2,8.69,48,742,909988.75,0,93.77,4.22,0.06,0,0.4,63935.2,1534.44,1
LN001058,CUST001058,Mortgage,20057.41,11.31,360,562,2039612.14,90,64.65,4.92,0.23,0,0.25,20057.41,1153.3,3
LN001059,CUST001059,Mortgage,26993.95,7.19,360,567,1154883.46,120,82.62,4.89,0.27,0,0.4,26993.95,2915.35,3
LN001060,CUST001060,Mortgage,26439.39,9.02,48,795,1747036.67,0,94.55,3.66,0.06,0,0.4,26439.39,634.55,1
LN001061,CUST001061,Structured Credit,10332.5,8.51,36,712,2352186.85,0,90.44,7.38,0.09,0,0.5,10332.5,464.96,1
LN001062,CUST001062,Structured Credit,28823.23,8.43,48,663,296409.92,0,70.67,3.82,0.02,0,0.35,28823.23,201.76,1
LN001063,CUST001063,Mortgage,60656.4,8.19,48,831,275012.76,0,80.84,3.32,0.06,0,0.4,60656.4,1455.75,1
LN001064,CUST001064,Mortgage,14883.93,6.44,120,782,1983128.32,30,64.82,7.65,0.05,0,0.25,14883.93,186.05,2
LN001065,CUST001065,Mortgage,75654.93,10.29,60,715,1704384.37,30,78.83,8.43,0.05,0,0.25,75654.93,945.69,2
LN001066,CUST001066,Mortgage,51095.02,8.16,48,575,909204.37,0,55.45,7.58,0.11,0,0.25,51095.02,1405.11,1
LN001067,CUST001067,Auto Loan,21721.04,11.71,60,675,1362392.58,0,66.08,7.95,0.05,0,0.25,21721.04,271.51,1
LN001068,CUST001068,Auto Loan,32890.17,6.83,60,830,344355.25,0,52.57,6.57,0.02,0,0.25,32890.17,164.45,1
LN001069,CUST001069,Auto Loan,111171.05,9.78,120,835,683002.61,120,42.29,8.33,0.2,0,0.25,111171.05,5558.55,3
LN001070,CUST001070,Auto Loan,60686.92,11.59,60,832,1205116.84,120,75.31,5.98,0.17,1,0.25,60686.92,2579.19,3
LN001071,CUST001071,Auto Loan,36539.48,9.64,240,688,2126599.94,0,91.87,8.93,0.09,0,0.4,36539.48,1315.42,1
LN001072,CUST001072,Auto Loan,30749.27,11.1,48,650,1329251.16,0,41.53,3.62,0.02,0,0.25,30749.27,153.75,1
LN001073,CUST001073,Auto Loan,38316.13,10.79,60,560,1569315.64,0,51.76,7.86,0.11,0,0.25,38316.13,1053.69,1
LN001074,CUST001074,Auto Loan,25381.24,7.52,36,765,2215946.03,60,67.61,6.85,0.02,0,0.25,25381.24,126.91,2
LN001075,CUST001075,Structured Credit,8322.15,9.2,36,579,944842.56,120,79.95,6.48,0.23,0,0.35,8322.15,669.93,3
LN001076,CUST001076,Mortgage,151679.43,6.09,120,643,1826573.47,0,50.27,7.35,0.11,0,0.25,151679.43,4171.18,1
LN001077,CUST001077,Auto Loan,40486.65,8.75,240,665,2188751.33,0,43.4,8.04,0.05,0,0.25,40486.65,506.08,1
LN001078,CUST001078,Mortgage,47987.85,6.61,360,820,705885.33,0,71.14,8.18,0.05,0,0.25,47987.85,599.85,1
LN001079,CUST001079,Auto Loan,34872.87,10.21,360,840,1052075.87,120,89.12,4.05,0.21,0,0.4,34872.87,2929.32,3
LN001080,CUST001080,Structured Credit,21707.61,8.7,48,588,2454572.89,0,42.11,4.18,0.08,0,0.35,21707.61,607.81,1
LN001081,CUST001081,Mortgage,31883.79,7.88,120,573,2462241.77,30,60.96,3.1,0.08,0,0.25,31883.79,637.68,2
LN001082,CUST001082,Auto Loan,11854.04,6.88,36,813,752267.34,0,79.81,3.79,0.02,0,0.25,11854.04,59.27,1
LN001083,CUST001083,Mortgage,178788.81,11.99,240,592,399503.14,30,47.84,4.58,0.08,1,0.25,178788.81,3575.78,2
LN001084,CUST001084,Structured Credit,15303.57,5.5,48,719,859573.63,0,54.16,7.33,0.05,0,0.35,15303.57,267.81,1
LN001085,CUST001085,Structured Credit,17634.7,5.3,60,718,1144896.9,0,72.13,5.85,0.02,0,0.35,17634.7,123.44,1
LN001086,CUST001086,Mortgage,26683.98,6.52,48,575,1242262.6,0,97.19,7.55,0.15,0,0.4,26683.98,1601.04,1
LN001087,CUST001087,Mortgage,89469.49,11.8,180,729,1642314.19,0,57.24,5.92,0.02,0,0.25,89469.49,447.35,1
LN001088,CUST001088,Auto Loan,36686.21,11.85,48,699,2273881.21,0,69.25,6.33,0.02,0,0.25,36686.21,183.43,1
LN001089,CUST001089,Structured Credit,15286.19,9.58,60,682,993283.03,120,64.0,3.67,0.17,0,0.35,15286.19,909.53,3
LN001090,CUST001090,Auto Loan,87381.32,11.16,180,692,2162465.2,0,93.84,7.66,0.09,0,0.4,87381.32,3145.73,1
LN001091,CUST001091,Structured Credit,60578.81,6.5,360,713,460327.57,0,44.31,7.55,0.05,0,0.35,60578.81,1060.13,1
LN001092,CUST001092,Mortgage,52939.47,11.8,240,650,344218.07,90,73.97,4.85,0.17,1,0.25,52939.47,2249.93,3
LN001093,CUST001093,Mortgage,59934.88,6.0,120,612,1384101.66,0,90.77,4.97,0.12,0,0.4,59934.88,2876.87,1
LN001094,CUST001094,Mortgage,194085.36,5.71,240,642,384240.0,120,99.29,4.32,0.27,0,0.4,194085.36,20961.22,3
LN001095,CUST001095,Auto Loan,167638.71,5.79,48,756,1133102.05,90,81.92,7.88,0.24,0,0.4,167638.71,16093.32,3
LN001096,CUST001096,Auto Loan,22455.69,9.01,360,621,2267750.76,30,62.8,7.48,0.11,0,0.25,22455.69,617.53,2
LN001097,CUST001097,Auto Loan,113178.27,10.47,120,609,793336.83,0,64.71,6.65,0.08,0,0.25,113178.27,2263.57,1
LN001098,CUST001098,Auto Loan,47487.31,7.57,48,578,1838445.49,0,61.1,4.43,0.08,0,0.25,47487.31,949.75,1
LN001099,CUST001099,Mortgage,51501.54,11.85,36,568,930322.13,0,76.22,4.03,0.08,0,0.25,51501.54,1030.03,1
LN001100,CUST001100,Auto Loan,11107.88,8.04,36,622,351070.12,120,84.36,3.3,0.27,0,0.4,11107.88,1199.65,3
LN001101,CUST001101,Auto Loan,32232.48,6.05,60,795,1502553.81,30,89.17,3.27,0.06,0,0.4,32232.48,773.58,2
LN001102,CUST001102,Structured Credit,20558.37,8.26,360,636,2128420.35,0,65.0,4.12,0.08,0,0.35,20558.37,575.63,1
LN001103,CUST001103,Structured Credit,64837.61,9.75,360,732,1171304.01,0,83.0,3.6,0.06,0,0.5,64837.61,1945.13,1
LN001104,CUST001104,Structured Credit,76861.19,10.83,240,746,1638911.11,0,94.97,6.34,0.06,0,0.5,76861.19,2305.84,1
LN001105,CUST001105,Structured Credit,8500.32,8.21,36,793,2275053.09,30,95.25,5.15,0.06,0,0.5,8500.32,255.01,2
LN001106,CUST001106,Auto Loan,35759.66,9.16,180,667,2026812.65,0,82.24,5.67,0.06,0,0.4,35759.66,858.23,1
LN001107,CUST001107,Auto Loan,79642.49,6.87,180,631,686221.9,0,78.21,6.56,0.08,0,0.25,79642.49,1592.85,1
LN001108,CUST001108,Mortgage,31866.95,9.52,360,796,1900113.91,60,71.89,6.95,0.02,0,0.25,31866.95,159.33,2
LN001109,CUST001109,Mortgage,60496.73,11.9,360,783,1379259.31,0,50.99,6.89,0.02,0,0.25,60496.73,302.48,1
LN001110,CUST001110,Auto Loan,46435.33,5.34,48,702,1928425.32,0,47.42,4.57,0.02,0,0.25,46435.33,232.18,1
LN001111,CUST001111,Structured Credit,46127.39,11.21,360,821,1362659.99,120,69.14,7.86,0.2,0,0.35,46127.39,3228.92,3
LN001112,CUST001112,Auto Loan,30033.82,8.94,120,584,537905.87,90,49.57,8.51,0.26,0,0.25,30033.82,1952.2,3
LN001113,CUST001113,Auto Loan,15496.87,6.76,180,762,1532296.26,0,74.62,4.9,0.02,0,0.25,15496.87,77.48,1
LN001114,CUST001114,Mortgage,16563.04,11.68,48,760,1357301.48,30,78.74,3.1,0.02,0,0.25,16563.04,82.82,2
LN001115,CUST001115,Mortgage,59667.74,8.38,120,688,1415323.9,90,71.54,8.39,0.2,0,0.25,59667.74,2983.39,3
LN001116,CUST001116,Mortgage,36813.53,7.32,360,738,2227530.52,0,42.19,8.54,0.05,0,0.25,36813.53,460.17,1
LN001117,CUST001117,Auto Loan,32959.72,6.27,360,849,2263383.36,0,43.46,3.31,0.02,1,0.25,32959.72,164.8,1
LN001118,CUST001118,Structured Credit,26991.49,6.71,36,801,1270458.49,0,46.8,3.03,0.02,0,0.35,26991.49,188.94,1
LN001119,CUST001119,Auto Loan,29330.05,10.83,48,699,1275397.09,90,49.22,7.9,0.2,0,0.25,29330.05,1466.5,3
LN001120,CUST001120,Auto Loan,75571.78,9.3,120,768,1409170.66,30,99.39,4.81,0.06,0,0.4,75571.78,1813.72,2
LN001121,CUST001121,Structured Credit,28719.43,11.39,60,631,1419075.88,0,60.67,8.49,0.11,0,0.35,28719.43,1105.7,1
LN001122,CUST001122,Structured Credit,14203.66,6.62,360,739,2388371.07,30,57.52,4.3,0.02,0,0.35,14203.66,99.43,2
LN001123,CUST001123,Structured Credit,61117.67,5.85,240,783,1711151.05,0,43.14,8.17,0.05,0,0.35,61117.67,1069.56,1
LN001124,CUST001124,Structured Credit,31463.59,5.04,240,725,874278.24,90,78.12,3.41,0.17,0,0.35,31463.59,1872.08,3
LN001125,CUST001125,Mortgage,37122.45,8.56,360,781,1445957.79,0,79.13,4.56,0.02,0,0.25,37122.45,185.61,1
LN001126,CUST001126,Mortgage,111893.72,11.99,60,612,1661253.06,120,50.53,8.84,0.26,1,0.25,111893.72,7273.09,3
LN001127,CUST001127,Auto Loan,35796.58,9.86,180,786,1689486.37,0,95.15,4.39,0.06,0,0.4,35796.58,859.12,1
LN001128,CUST001128,Mortgage,44463.71,7.16,240,582,1566822.01,60,88.03,3.8,0.12,0,0.4,44463.71,2134.26,2
LN001129,CUST001129,Auto Loan,15910.8,11.14,120,762,649906.35,30,53.82,8.14,0.05,0,0.25,15910.8,198.88,2
LN001130,CUST001130,Auto Loan,31139.47,10.47,360,609,325584.68,0,69.15,3.71,0.08,0,0.25,31139.47,622.79,1
LN001131,CUST001131,Mortgage,55640.59,5.11,360,551,1010146.87,0,67.5,3.58,0.08,0,0.25,55640.59,1112.81,1
LN001132,CUST001132,Mortgage,12225.0,10.72,360,606,1211924.85,0,60.91,4.94,0.08,0,0.25,12225.0,244.5,1
LN001133,CUST001133,Auto Loan,41797.49,7.1,60,850,389059.54,0,89.06,6.81,0.06,0,0.4,41797.49,1003.14,1
LN001134,CUST001134,Auto Loan,38970.25,6.05,180,836,2083676.51,60,46.56,7.26,0.05,0,0.25,38970.25,487.13,2
LN001135,CUST001135,Mortgage,37380.38,6.58,48,687,1024174.23,60,64.92,8.29,0.05,0,0.25,37380.38,467.25,2
LN001136,CUST001136,Auto Loan,75057.61,8.28,360,828,2305673.68,60,65.68,6.25,0.02,0,0.25,75057.61,375.29,2
LN001137,CUST001137,Structured Credit,45894.79,7.97,48,763,597422.74,90,68.12,5.36,0.17,0,0.35,45894.79,2730.74,3
LN001138,CUST001138,Mortgage,102196.26,7.02,120,788,378103.65,0,91.68,5.15,0.06,0,0.4,102196.26,2452.71,1
LN001139,CUST001139,Mortgage,18114.85,6.21,120,834,1335211.23,30,53.09,8.08,0.05,1,0.25,18114.85,226.44,2
LN001140,CUST001140,Mortgage,39940.54,10.34,120,580,675541.01,120,46.18,7.34,0.26,0,0.25,39940.54,2596.14,3
LN001141,CUST001141,Structured Credit,38527.47,11.93,240,755,2359148.37,0,77.07,8.43,0.05,0,0.35,38527.47,674.23,1
LN001142,CUST001142,Auto Loan,17180.35,10.44,120,823,273182.65,0,50.43,8.78,0.05,0,0.25,17180.35,214.75,1
LN001143,CUST001143,Mortgage,70927.0,7.07,360,560,1178394.27,0,44.5,4.8,0.08,1,0.25,70927.0,1418.54,1
LN001144,CUST001144,Mortgage,184844.7,6.71,60,596,2335182.49,120,65.6,6.18,0.23,0,0.25,184844.7,10628.57,3
LN001145,CUST001145,Auto Loan,35885.76,6.52,60,552,1114940.97,30,53.18,6.79,0.08,0,0.25,35885.76,717.72,2
LN001146,CUST001146,Structured Credit,51715.6,5.96,180,679,459495.88,60,61.67,3.98,0.02,0,0.35,51715.6,362.01,2
LN001147,CUST001147,Mortgage,38528.86,8.86,60,621,931513.62,0,55.58,3.32,0.08,0,0.25,38528.86,770.58,1
LN001148,CUST001148,Mortgage,22037.28,9.24,240,708,1370523.39,0,45.56,8.21,0.05,0,0.25,22037.28,275.47,1
LN001149,CUST001149,Structured Credit,10152.42,9.94,48,679,666591.3,0,73.62,6.21,0.02,0,0.35,10152.42,71.07,1
LN001150,CUST001150,Structured Credit,22158.1,9.76,180,571,1299763.84,0,41.62,6.42,0.08,1,0.35,22158.1,620.43,1
LN001151,CUST001151,Mortgage,13706.55,7.05,60,684,2131772.19,30,97.98,6.33,0.06,0,0.4,13706.55,328.96,2
LN001152,CUST001152,Structured Credit,119715.27,7.31,120,569,2213390.43,0,60.48,7.53,0.11,0,0.35,119715.27,4609.04,1
LN001153,CUST001153,Mortgage,33504.1,9.77,60,769,360836.65,120,81.71,3.87,0.21,0,0.4,33504.1,2814.34,3
LN001154,CUST001154,Mortgage,28505.62,7.45,36,679,612032.56,0,88.62,6.68,0.06,0,0.4,28505.62,684.13,1
LN001155,CUST001155,Mortgage,67670.64,6.49,180,581,869402.81,0,56.75,5.82,0.08,0,0.25,67670.64,1353.41,1
LN001156,CUST001156,Mortgage,16560.48,7.62,360,639,1588448.16,90,84.92,8.38,0.3,0,0.4,16560.48,1987.26,3
LN001157,CUST001157,Auto Loan,21230.52,6.9,360,808,1062238.21,0,89.95,6.12,0.06,0,0.4,21230.52,509.53,1
LN001158,CUST001158,Structured Credit,38087.85,5.62,240,847,2149092.06,0,54.48,8.66,0.05,0,0.35,38087.85,666.54,1
LN001159,CUST001159,Structured Credit,74618.09,10.81,60,798,1862511.7,0,99.55,5.12,0.06,0,0.5,74618.09,2238.54,1
LN001160,CUST001160,Auto Loan,51594.97,10.97,60,722,476026.05,30,41.24,8.8,0.05,0,0.25,51594.97,644.94,2
LN001161,CUST001161,Structured Credit,43210.02,6.54,240,596,1655254.38,90,53.02,8.25,0.26,1,0.35,43210.02,3932.11,3
LN001162,CUST001162,Auto Loan,38356.62,5.45,48,746,504278.41,90,86.8,6.51,0.21,0,0.4,38356.62,3221.96,3
LN001163,CUST001163,Auto Loan,48058.06,10.17,120,583,823830.26,0,51.65,5.12,0.08,0,0.25,48058.06,961.16,1
LN001164,CUST001164,Mortgage,41821.13,6.48,120,803,650208.93,0,81.9,5.26,0.06,0,0.4,41821.13,1003.71,1
LN001165,CUST001165,Auto Loan,17659.33,7.75,48,797,639389.39,0,91.33,7.64,0.09,1,0.4,17659.33,635.74,1
LN001166,CUST001166,Structured Credit,37505.97,5.45,48,591,1636889.93,0,97.55,6.48,0.12,0,0.5,37505.97,2250.36,1
LN001167,CUST001167,Structured Credit,17127.11,6.58,36,838,1518111.08,90,68.45,5.41,0.17,0,0.35,17127.11,1019.06,3
LN001168,CUST001168,Mortgage,38436.31,10.55,240,672,646063.34,0,98.27,6.82,0.06,0,0.4,38436.31,922.47,1
LN001169,CUST001169,Auto Loan,25940.13,10.63,180,576,2477888.81,90,64.7,7.4,0.26,0,0.25,25940.13,1686.11,3
LN001170,CUST001170,Auto Loan,214822.45,6.45,120,608,1199132.65,60,53.09,3.14,0.08,0,0.25,214822.45,4296.45,2
LN001171,CUST001171,Mortgage,35315.38,7.35,48,696,468405.99,0,70.84,3.54,0.02,0,0.25,35315.38,176.58,1
LN001172,CUST001172,Structured Credit,13589.22,5.94,48,664,521280.29,60,78.99,3.57,0.02,0,0.35,13589.22,95.12,2
LN001173,CUST001173,Mortgage,33059.82,5.52,240,748,1563760.86,0,67.48,4.39,0.02,0,0.25,33059.82,165.3,1
LN001174,CUST001174,Auto Loan,52237.25,11.95,360,677,2452906.16,120,74.02,5.56,0.17,0,0.25,52237.25,2220.08,3
LN001175,CUST001175,Mortgage,117166.91,9.59,180,702,1536889.98,90,64.98,7.82,0.2,0,0.25,117166.91,5858.35,3
LN001176,CUST001176,Mortgage,24037.81,8.79,48,820,2385343.32,60,71.49,5.11,0.02,0,0.25,24037.81,120.19,2
LN001177,CUST001177,Mortgage,11995.66,10.36,360,632,1249298.91,0,97.16,3.1,0.12,1,0.4,11995.66,575.79,1
LN001178,CUST001178,Auto Loan,64330.29,10.88,36,572,1230642.48,0,69.99,5.9,0.08,0,0.25,64330.29,1286.61,1
LN001179,CUST001179,Mortgage,13815.98,10.65,180,560,1375016.56,0,55.19,8.98,0.11,0,0.25,13815.98,379.94,1
LN001180,CUST001180,Mortgage,26760.74,5.12,360,736,1819207.28,90,85.52,5.09,0.21,0,0.4,26760.74,2247.9,3
LN001181,CUST001181,Structured Credit,30323.12,6.31,36,665,1077135.92,0,60.26,8.77,0.05,0,0.35,30323.12,530.65,1
LN001182,CUST001182,Auto Loan,34587.81,9.58,60,711,2193743.57,0,88.97,3.61,0.06,0,0.4,34587.81,830.11,1
LN001183,CUST001183,Mortgage,58830.47,7.63,120,652,315883.12,0,43.41,4.04,0.02,0,0.25,58830.47,294.15,1
LN001184,CUST001184,Structured Credit,22504.17,11.88,48,792,1239469.44,0,59.93,7.34,0.05,0,0.35,22504.17,393.82,1
LN001185,CUST001185,Auto Loan,29983.11,9.66,360,556,1399731.66,30,45.66,6.01,0.08,0,0.25,29983.11,599.66,2
LN001186,CUST001186,Structured Credit,35954.54,11.7,180,721,1615822.54,0,45.12,7.59,0.05,0,0.35,35954.54,629.2,1
LN001187,CUST001187,Mortgage,40324.66,6.41,36,805,871161.8,60,79.5,8.18,0.05,0,0.25,40324.66,504.06,2
LN001188,CUST001188,Auto Loan,38889.48,11.05,120,796,1211829.93,0,63.12,4.51,0.02,0,0.25,38889.48,194.45,1
LN001189,CUST001189,Auto Loan,49276.57,7.25,120,741,1340209.94,0,92.29,7.1,0.09,1,0.4,49276.57,1773.96,1
LN001190,CUST001190,Mortgage,65557.81,11.93,48,663,1795547.45,30,70.98,6.65,0.02,0,0.25,65557.81,327.79,2
LN001191,CUST001191,Auto Loan,47803.01,6.1,360,572,1990474.42,0,57.72,8.17,0.11,0,0.25,47803.01,1314.58,1
LN001192,CUST001192,Mortgage,49886.71,8.61,120,825,1910111.49,0,83.25,5.58,0.06,0,0.4,49886.71,1197.28,1
LN001193,CUST001193,Auto Loan,11997.38,10.55,48,685,1018561.87,0,77.44,3.31,0.02,0,0.25,11997.38,59.99,1
LN001194,CUST001194,Mortgage,37615.05,8.03,360,744,2498763.68,0,87.98,6.45,0.06,0,0.4,37615.05,902.76,1
LN001195,CUST001195,Auto Loan,50800.19,8.28,360,807,2159496.95,30,78.62,8.75,0.05,0,0.25,50800.19,635.0,2
LN001196,CUST001196,Structured Credit,60491.54,11.9,60,827,835052.59,90,50.02,3.09,0.17,0,0.35,60491.54,3599.25,3
LN001197,CUST001197,Structured Credit,22367.28,7.98,48,619,688988.06,0,80.22,4.44,0.12,1,0.5,22367.28,1342.04,1
LN001198,CUST001198,Structured Credit,22894.97,9.23,240,585,956547.81,0,63.49,4.9,0.08,0,0.35,22894.97,641.06,1
LN001199,CUST001199,Mortgage,24297.52,5.38,36,657,1267775.92,120,67.79,7.6,0.2,0,0.25,24297.52,1214.88,3
LN001200,CUST001200,Auto Loan,52864.63,10.9,240,573,2164298.6,90,95.29,4.94,0.27,1,0.4,52864.63,5709.38,3
LN001201,CUST001201,Mortgage,74885.59,9.54,360,689,2001315.09,60,61.6,4.43,0.02,0,0.25,74885.59,374.43,2
LN001202,CUST001202,Auto Loan,27303.71,7.83,360,571,2165303.78,60,76.72,6.89,0.08,0,0.25,27303.71,546.07,2
LN001203,CUST001203,Auto Loan,68567.48,5.11,120,753,861903.51,0,61.81,3.28,0.02,0,0.25,68567.48,342.84,1
LN001204,CUST001204,Auto Loan,39594.12,9.14,120,773,1585287.75,90,45.68,4.02,0.17,0,0.25,39594.12,1682.75,3
LN001205,CUST001205,Mortgage,33289.59,5.09,120,772,887310.39,90,67.21,5.45,0.17,0,0.25,33289.59,1414.81,3
LN001206,CUST001206,Mortgage,31320.59,5.01,360,630,495302.11,0,75.82,5.13,0.08,0,0.25,31320.59,626.41,1
LN001207,CUST001207,Mortgage,61244.42,9.31,48,740,1789444.92,0,64.45,5.08,0.02,0,0.25,61244.42,306.22,1
LN001208,CUST001208,Mortgage,45611.01,6.32,180,835,571744.49,0,63.44,3.65,0.02,0,0.25,45611.01,228.06,1
LN001209,CUST001209,Auto Loan,178631.05,6.34,48,696,1752319.96,0,89.22,5.17,0.06,0,0.4,178631.05,4287.15,1
LN001210,CUST001210,Structured Credit,19999.1,9.57,36,831,1707919.69,0,41.78,7.79,0.05,1,0.35,19999.1,349.98,1
LN001211,CUST001211,Mortgage,52191.31,5.38,48,560,2073059.0,60,57.74,5.48,0.08,0,0.25,52191.31,1043.83,2
LN001212,CUST001212,Mortgage,25073.31,7.19,120,825,563997.86,90,88.71,6.52,0.21,0,0.4,25073.31,2106.16,3
LN001213,CUST001213,Auto Loan,19761.66,6.05,60,605,2012830.33,0,95.23,3.98,0.12,0,0.4,19761.66,948.56,1
LN001214,CUST001214,Mortgage,36040.3,9.06,36,722,2498372.18,0,64.74,3.42,0.02,0,0.25,36040.3,180.2,1
LN001215,CUST001215,Mortgage,39980.48,9.63,240,753,2164845.51,0,93.33,8.28,0.09,0,0.4,39980.48,1439.3,1
LN001216,CUST001216,Auto Loan,280049.45,10.05,60,797,1941577.17,90,51.94,4.99,0.17,0,0.25,280049.45,11902.1,3
LN001217,CUST001217,Auto Loan,31923.51,6.79,36,815,1739872.05,60,53.29,5.1,0.02,0,0.25,31923.51,159.62,2
LN001218,CUST001218,Mortgage,16463.07,5.62,36,571,1199008.34,60,90.77,8.27,0.15,1,0.4,16463.07,987.78,2
LN001219,CUST001219,Mortgage,43963.17,5.55,360,573,1893625.38,120,94.2,7.25,0.3,1,0.4,43963.17,5275.58,3
LN001220,CUST001220,Auto Loan,8499.41,7.98,120,743,1879400.58,0,53.37,7.54,0.05,0,0.25,8499.41,106.24,1
LN001221,CUST001221,Structured Credit,34051.53,11.62,360,645,1670871.14,0,43.56,7.09,0.11,0,0.35,34051.53,1310.98,1
LN001222,CUST001222,Auto Loan,36725.17,6.52,240,812,2041626.35,0,45.42,3.63,0.02,0,0.25,36725.17,183.63,1
LN001223,CUST001223,Mortgage,63336.7,6.8,48,621,1259718.75,0,55.68,8.75,0.11,0,0.25,63336.7,1741.76,1
LN001224,CUST001224,Structured Credit,71792.52,5.71,360,792,522818.6,120,85.69,8.45,0.24,0,0.5,71792.52,8615.1,3
LN001225,CUST001225,Mortgage,25527.24,9.24,240,587,1507902.39,120,70.6,4.42,0.23,0,0.25,25527.24,1467.82,3
LN001226,CUST001226,Mortgage,32681.69,9.76,120,638,846347.94,0,67.34,7.82,0.11,0,0.25,32681.69,898.75,1
LN001227,CUST001227,Auto Loan,21241.57,9.5,120,577,1114974.47,120,75.05,5.46,0.23,0,0.25,21241.57,1221.39,3
LN001228,CUST001228,Auto Loan,16487.47,11.03,360,641,289183.53,120,93.41,7.1,0.3,1,0.4,16487.47,1978.5,3
LN001229,CUST001229,Structured Credit,45113.03,8.4,120,603,1111278.82,30,45.43,3.99,0.08,0,0.35,45113.03,1263.16,2
LN001230,CUST001230,Mortgage,14890.67,5.94,60,708,2069802.49,120,81.68,6.23,0.21,0,0.4,14890.67,1250.82,3
LN001231,CUST001231,Structured Credit,27167.08,7.03,240,777,1471125.33,30,95.61,3.76,0.06,0,0.5,27167.08,815.01,2
LN001232,CUST001232,Auto Loan,18094.77,9.64,240,590,272051.19,120,52.8,6.22,0.23,0,0.25,18094.77,1040.45,3
LN001233,CUST001233,Auto Loan,53357.95,9.29,36,586,1307148.6,0,90.27,4.46,0.12,1,0.4,53357.95,2561.18,1
LN001234,CUST001234,Auto Loan,128155.68,8.72,180,674,905766.21,0,81.88,5.71,0.06,0,0.4,128155.68,3075.74,1
LN001235,CUST001235,Mortgage,14601.63,9.78,48,728,1324488.97,60,40.87,7.01,0.05,0,0.25,14601.63,182.52,2
LN001236,CUST001236,Auto Loan,9925.74,9.46,120,586,1160558.62,90,53.9,8.26,0.26,0,0.25,9925.74,645.17,3
LN001237,CUST001237,Structured Credit,33275.58,11.17,240,650,2346953.24,0,76.35,3.99,0.02,0,0.35,33275.58,232.93,1
LN001238,CUST001238,Mortgage,36716.75,9.1,240,580,342648.92,90,70.14,8.36,0.26,1,0.25,36716.75,2386.59,3
LN001239,CUST001239,Structured Credit,42321.97,10.45,36,739,1788073.03,60,71.68,5.34,0.02,0,0.35,42321.97,296.25,2
LN001240,CUST001240,Auto Loan,26571.0,6.74,48,695,2164809.84,0,53.92,8.06,0.05,0,0.25,26571.0,332.14,1
LN001241,CUST001241,Structured Credit,31557.06,9.75,180,639,2408286.82,0,80.5,6.08,0.12,0,0.5,31557.06,1893.42,1
LN001242,CUST001242,Mortgage,46969.67,11.32,180,555,649681.51,0,55.99,8.17,0.11,0,0.25,46969.67,1291.67,1
LN001243,CUST001243,Mortgage,75229.72,7.7,120,688,1445435.8,0,63.37,6.98,0.02,0,0.25,75229.72,376.15,1
LN001244,CUST001244,Structured Credit,9241.56,10.45,180,644,348076.55,90,62.13,6.05,0.23,0,0.35,9241.56,743.95,3
LN001245,CUST001245,Mortgage,28049.96,10.07,180,668,1373162.93,0,80.32,4.88,0.06,0,0.4,28049.96,673.2,1
LN001246,CUST001246,Mortgage,42178.51,5.42,360,669,532280.7,0,45.42,8.81,0.05,0,0.25,42178.51,527.23,1
LN001247,CUST001247,Auto Loan,19099.49,9.07,48,672,2135267.52,30,52.33,7.81,0.05,0,0.25,19099.49,238.74,2
LN001248,CUST001248,Auto Loan,122005.18,5.91,48,834,506207.51,0,52.03,5.29,0.02,0,0.25,122005.18,610.03,1
LN001249,CUST001249,Structured Credit,23276.82,11.77,360,728,1404898.81,30,46.51,4.0,0.02,0,0.35,23276.82,162.94,2
LN001250,CUST001250,Mortgage,35280.83,10.68,120,556,1422466.16,60,52.46,7.68,0.11,0,0.25,35280.83,970.22,2
LN001251,CUST001251,Mortgage,53595.24,5.77,240,676,2436213.62,120,76.42,8.94,0.2,0,0.25,53595.24,2679.76,3
LN001252,CUST001252,Mortgage,24007.0,5.85,36,626,1723706.56,0,83.93,4.67,0.12,0,0.4,24007.0,1152.34,1
LN001253,CUST001253,Auto Loan,9970.63,9.16,120,783,897640.66,90,79.62,8.5,0.2,0,0.25,9970.63,498.53,3
LN001254,CUST001254,Auto Loan,26901.62,7.41,60,623,791798.45,120,68.51,3.75,0.23,1,0.25,26901.62,1546.84,3
LN001255,CUST001255,Mortgage,74653.18,5.24,180,820,538558.46,30,43.15,8.71,0.05,0,0.25,74653.18,933.16,2
LN001256,CUST001256,Mortgage,28686.26,8.79,360,669,1952158.13,0,97.54,7.47,0.09,0,0.4,28686.26,1032.71,1
LN001257,CUST001257,Auto Loan,20080.33,7.71,36,584,1804202.48,0,50.08,5.08,0.08,0,0.25,20080.33,401.61,1
LN001258,CUST001258,Mortgage,69422.79,5.71,240,756,1622223.54,90,80.11,4.83,0.21,0,0.4,69422.79,5831.51,3
LN001259,CUST001259,Auto Loan,28809.42,10.61,240,819,341891.0,0,94.77,6.86,0.06,0,0.4,28809.42,691.43,1
LN001260,CUST001260,Mortgage,25409.73,11.41,48,642,1966364.95,0,81.87,6.56,0.12,0,0.4,25409.73,1219.67,1
LN001261,CUST001261,Auto Loan,40320.66,10.3,60,726,1694247.05,60,53.08,8.51,0.05,0,0.25,40320.66,504.01,2
LN001262,CUST001262,Mortgage,62288.07,10.76,240,823,2418749.95,90,58.95,7.6,0.2,0,0.25,62288.07,3114.4,3
LN001263,CUST001263,Auto Loan,192374.54,6.52,60,728,1571204.79,0,41.81,6.24,0.02,0,0.25,192374.54,961.87,1
LN001264,CUST001264,Mortgage,64800.28,6.85,180,678,933891.79,0,76.77,8.57,0.05,0,0.25,64800.28,810.0,1
LN001265,CUST001265,Auto Loan,81788.18,6.46,48,674,1108421.24,90,76.78,6.56,0.17,0,0.25,81788.18,3476.0,3
LN001266,CUST001266,Auto Loan,25484.45,10.36,36,576,645641.59,0,83.53,8.1,0.15,0,0.4,25484.45,1529.07,1
LN001267,CUST001267,Auto Loan,17710.13,11.64,48,613,1876556.91,0,40.66,8.05,0.11,0,0.25,17710.13,487.03,1
LN001268,CUST001268,Mortgage,37935.09,10.02,180,609,1842373.74,30,89.07,8.52,0.15,0,0.4,37935.09,2276.11,2
LN001269,CUST001269,Mortgage,39144.65,11.17,360,768,701462.53,60,84.32,3.41,0.06,0,0.4,39144.65,939.47,2
LN001270,CUST001270,Auto Loan,17069.37,9.47,240,766,606600.98,120,48.45,6.5,0.17,0,0.25,17069.37,725.45,3
LN001271,CUST001271,Mortgage,32121.92,7.71,60,718,423261.1,120,60.86,5.81,0.17,0,0.25,32121.92,1365.18,3
LN001272,CUST001272,Structured Credit,48027.18,7.98,360,698,2301945.42,120,78.31,5.94,0.17,0,0.35,48027.18,2857.62,3
LN001273,CUST001273,Mortgage,46736.25,5.53,180,819,774407.13,0,69.75,5.76,0.02,0,0.25,46736.25,233.68,1
LN001274,CUST001274,Auto Loan,51689.06,5.22,240,665,1024367.94,60,46.91,8.02,0.05,0,0.25,51689.06,646.11,2
LN001275,CUST001275,Mortgage,44519.18,9.87,120,794,881135.14,60,45.24,4.91,0.02,0,0.25,44519.18,222.6,2
LN001276,CUST001276,Auto Loan,25465.86,8.07,60,697,1180655.36,30,86.89,5.78,0.06,0,0.4,25465.86,611.18,2
LN001277,CUST001277,Auto Loan,25343.3,8.87,180,641,1856609.8,90,49.36,4.2,0.23,0,0.25,25343.3,1457.24,3
LN001278,CUST001278,Structured Credit,15689.3,8.9,36,634,2208840.18,60,50.33,4.51,0.08,0,0.35,15689.3,439.3,2
LN001279,CUST001279,Auto Loan,126670.25,6.94,36,636,660847.19,30,89.86,6.96,0.12,0,0.4,126670.25,6080.17,2
LN001280,CUST001280,Mortgage,36659.04,8.33,240,669,1794427.77,120,76.73,3.7,0.17,0,0.25,36659.04,1558.01,3
LN001281,CUST001281,Mortgage,31026.68,8.3,240,573,1043264.82,0,76.28,4.13,0.08,0,0.25,31026.68,620.53,1
LN001282,CUST001282,Mortgage,18955.43,7.72,36,638,2456186.13,0,68.76,6.17,0.08,0,0.25,18955.43,379.11,1
LN001283,CUST001283,Mortgage,283498.05,10.74,120,586,922568.11,60,74.14,3.26,0.08,0,0.25,283498.05,5669.96,2
LN001284,CUST001284,Auto Loan,17131.44,8.16,48,820,266184.15,30,76.11,3.76,0.02,0,0.25,17131.44,85.66,2
LN001285,CUST001285,Auto Loan,26897.98,9.23,36,561,1410189.94,0,98.07,8.18,0.15,0,0.4,26897.98,1613.88,1
LN001286,CUST001286,Mortgage,48585.76,11.27,240,644,589144.94,60,53.38,8.08,0.11,0,0.25,48585.76,1336.11,2
LN001287,CUST001287,Auto Loan,55279.04,11.06,240,580,350112.46,90,52.87,5.09,0.23,0,0.25,55279.04,3178.54,3
LN001288,CUST001288,Auto Loan,71008.33,11.23,120,782,1821105.77,0,43.43,5.09,0.02,0,0.25,71008.33,355.04,1
LN001289,CUST001289,Auto Loan,128711.14,6.89,36,849,1897583.39,0,79.49,8.62,0.05,0,0.25,128711.14,1608.89,1
LN001290,CUST001290,Auto Loan,51756.76,5.24,120,835,1286572.78,90,72.94,3.16,0.17,0,0.25,51756.76,2199.66,3
LN001291,CUST001291,Auto Loan,17340.12,6.83,36,584,1772992.41,90,46.67,6.48,0.23,0,0.25,17340.12,997.06,3
LN001292,CUST001292,Auto Loan,30337.46,6.95,48,570,1461038.76,0,61.87,6.58,0.08,0,0.25,30337.46,606.75,1
LN001293,CUST001293,Mortgage,45047.95,11.37,180,660,1667052.49,0,50.72,7.73,0.05,0,0.25,45047.95,563.1,1
LN001294,CUST001294,Mortgage,154470.47,9.54,36,694,1592583.94,60,59.89,8.71,0.05,0,0.25,154470.47,1930.88,2
LN001295,CUST001295,Structured Credit,13650.56,5.57,180,561,1748101.22,0,97.08,5.13,0.12,0,0.5,13650.56,819.03,1
LN001296,CUST001296,Auto Loan,84271.88,5.95,36,793,699168.96,0,81.0,5.63,0.06,1,0.4,84271.88,2022.53,1
LN001297,CUST001297,Auto Loan,41189.56,6.09,48,695,854589.9,60,40.45,7.03,0.05,0,0.25,41189.56,514.87,2
LN001298,CUST001298,Auto Loan,65282.64,9.41,360,788,1239917.09,0,55.15,8.8,0.05,0,0.25,65282.64,816.03,1
LN001299,CUST001299,Mortgage,33813.1,10.15,240,641,1253788.02,0,40.62,8.34,0.11,0,0.25,33813.1,929.86,1
LN001300,CUST001300,Mortgage,20136.66,11.02,180,664,1992426.35,0,82.89,7.0,0.06,0,0.4,20136.66,483.28,1
LN001301,CUST001301,Auto Loan,61427.38,11.58,120,564,1076635.73,120,68.17,8.14,0.26,0,0.25,61427.38,3992.78,3
LN001302,CUST001302,Structured Credit,57417.35,6.41,36,821,615636.6,30,99.64,3.51,0.06,0,0.5,57417.35,1722.52,2
LN001303,CUST001303,Auto Loan,71713.9,7.17,240,571,815798.43,120,84.01,5.26,0.27,1,0.4,71713.9,7745.1,3
LN001304,CUST001304,Mortgage,35978.86,6.68,36,667,733150.38,120,71.07,3.08,0.17,1,0.25,35978.86,1529.1,3
LN001305,CUST001305,Mortgage,23863.96,7.51,120,644,1896235.04,120,88.28,4.06,0.27,0,0.4,23863.96,2577.31,3
LN001306,CUST001306,Structured Credit,12195.83,11.4,48,806,1308264.13,0,82.29,6.78,0.06,0,0.5,12195.83,365.87,1
LN001307,CUST001307,Mortgage,64444.6,9.03,60,811,1844419.07,90,54.63,8.31,0.2,0,0.25,64444.6,3222.23,3
LN001308,CUST001308,Structured Credit,48860.41,10.17,36,636,1186494.28,120,71.82,6.8,0.23,0,0.35,48860.41,3933.26,3
LN001309,CUST001309,Auto Loan,18470.91,8.43,360,607,2251905.11,0,73.36,6.98,0.08,0,0.25,18470.91,369.42,1
LN001310,CUST001310,Structured Credit,24909.35,5.2,120,779,2462920.69,90,67.07,3.62,0.17,1,0.35,24909.35,1482.11,3
LN001311,CUST001311,Auto Loan,26193.56,5.45,60,657,1757145.64,120,50.75,6.99,0.17,0,0.25,26193.56,1113.23,3
LN001312,CUST001312,Structured Credit,12860.44,8.77,36,568,2193578.25,0,53.4,5.73,0.08,0,0.35,12860.44,360.09,1
LN001313,CUST001313,Mortgage,20488.57,10.03,180,690,1392849.85,120,56.86,6.91,0.17,0,0.25,20488.57,870.76,3
LN001314,CUST001314,Structured Credit,16421.04,6.51,240,709,2352896.89,0,40.62,4.96,0.02,0,0.35,16421.04,114.95,1
LN001315,CUST001315,Mortgage,27207.96,10.05,240,649,2121069.59,0,95.02,6.49,0.12,0,0.4,27207.96,1305.98,1
LN001316,CUST001316,Mortgage,21653.27,10.67,120,814,2481501.79,120,81.17,5.54,0.21,0,0.4,21653.27,1818.87,3
LN001317,CUST001317,Mortgage,11627.13,7.88,180,787,1651960.9,120,81.38,6.35,0.21,0,0.4,11627.13,976.68,3
LN001318,CUST001318,Mortgage,149613.89,10.22,48,787,2003215.17,0,74.34,3.88,0.02,0,0.25,149613.89,748.07,1
LN001319,CUST001319,Auto Loan,87271.44,7.83,60,598,1471453.31,60,81.36,5.37,0.12,0,0.4,87271.44,4189.03,2
LN001320,CUST001320,Auto Loan,21050.64,9.75,120,714,833020.23,0,98.91,5.25,0.06,0,0.4,21050.64,505.22,1
LN001321,CUST001321,Auto Loan,43945.04,10.35,360,836,1048199.14,0,63.11,7.42,0.05,0,0.25,43945.04,549.31,1
LN001322,CUST001322,Auto Loan,48641.17,11.94,36,608,2261512.18,0,82.75,7.24,0.15,0,0.4,48641.17,2918.47,1
LN001323,CUST001323,Structured Credit,83596.76,7.42,240,732,375882.88,120,61.57,8.45,0.2,0,0.35,83596.76,5851.77,3
LN001324,CUST001324,Auto Loan,20475.34,7.88,36,696,1580829.74,0,91.26,6.79,0.06,0,0.4,20475.34,491.41,1
LN001325,CUST001325,Structured Credit,78000.83,6.16,60,850,1088089.07,120,91.48,4.89,0.21,0,0.5,78000.83,8190.09,3
LN001326,CUST001326,Auto Loan,24747.17,6.43,180,645,1120058.21,0,94.14,7.7,0.15,0,0.4,24747.17,1484.83,1
LN001327,CUST001327,Auto Loan,14255.47,9.85,180,592,2240285.21,0,40.33,5.98,0.08,0,0.25,14255.47,285.11,1
LN001328,CUST001328,Mortgage,60288.44,11.42,120,806,2171100.34,60,57.89,4.16,0.02,0,0.25,60288.44,301.44,2
LN001329,CUST001329,Mortgage,89637.67,7.76,120,762,1597395.35,0,48.04,7.48,0.05,0,0.25,89637.67,1120.47,1
LN001330,CUST001330,Mortgage,222245.14,6.26,180,738,864067.41,90,67.24,3.8,0.17,0,0.25,222245.14,9445.42,3
LN001331,CUST001331,Mortgage,15680.8,7.0,120,680,1319776.78,60,69.73,4.07,0.02,0,0.25,15680.8,78.4,2
LN001332,CUST001332,Mortgage,59233.57,8.19,180,849,1168660.14,0,55.35,7.55,0.05,0,0.25,59233.57,740.42,1
LN001333,CUST001333,Auto Loan,27259.0,7.03,60,838,1045640.57,90,83.41,7.62,0.24,0,0.4,27259.0,2616.86,3
LN001334,CUST001334,Structured Credit,62840.25,6.64,120,686,481267.55,0,56.19,7.74,0.05,0,0.35,62840.25,1099.7,1
LN001335,CUST001335,Structured Credit,12973.41,10.15,180,579,1472006.25,0,91.23,4.76,0.12,0,0.5,12973.41,778.4,1
LN001336,CUST001336,Mortgage,15003.84,5.05,120,695,929120.42,0,50.66,8.2,0.05,0,0.25,15003.84,187.55,1
LN001337,CUST001337,Auto Loan,21097.03,8.77,36,654,1736817.87,120,62.03,7.34,0.2,0,0.25,21097.03,1054.85,3
LN001338,CUST001338,Mortgage,38379.35,10.56,240,836,968208.86,0,77.33,8.0,0.05,0,0.25,38379.35,479.74,1
LN001339,CUST001339,Auto Loan,23184.59,6.86,36,740,1220117.86,60,76.32,7.25,0.05,0,0.25,23184.59,289.81,2
LN001340,CUST001340,Auto Loan,57603.47,9.22,48,727,367810.84,0,44.68,6.48,0.02,0,0.25,57603.47,288.02,1
LN001341,CUST001341,Auto Loan,74520.25,9.68,180,788,2483210.66,0,90.78,3.66,0.06,0,0.4,74520.25,1788.49,1
LN001342,CUST001342,Mortgage,55254.46,9.59,48,550,1392123.36,90,75.88,7.27,0.26,0,0.25,55254.46,3591.54,3
LN001343,CUST001343,Structured Credit,112775.16,8.12,180,659,304534.59,0,92.19,7.14,0.09,0,0.5,112775.16,5074.88,1
LN001344,CUST001344,Mortgage,48585.41,7.43,240,824,1467768.98,0,92.06,4.87,0.06,0,0.4,48585.41,1166.05,1
LN001345,CUST001345,Mortgage,15493.44,10.85,120,783,2208296.5,0,72.76,7.41,0.05,0,0.25,15493.44,193.67,1
LN001346,CUST001346,Mortgage,94311.99,10.31,180,613,1988242.3,0,94.65,6.3,0.12,0,0.4,94311.99,4526.98,1
LN001347,CUST001347,Auto Loan,23775.02,7.25,36,793,1827040.04,0,90.9,6.36,0.06,0,0.4,23775.02,570.6,1
LN001348,CUST001348,Auto Loan,68685.47,5.72,120,602,563795.47,0,97.49,5.21,0.12,1,0.4,68685.47,3296.9,1
LN001349,CUST001349,Structured Credit,109274.02,5.5,240,811,1729908.43,0,91.03,3.7,0.06,0,0.5,109274.02,3278.22,1
LN001350,CUST001350,Auto Loan,49995.17,5.66,36,566,1974171.35,0,89.27,4.3,0.12,1,0.4,49995.17,2399.77,1
LN001351,CUST001351,Structured Credit,12742.38,9.08,120,783,1537942.89,90,68.16,7.61,0.2,0,0.35,12742.38,891.97,3
LN001352,CUST001352,Mortgage,19096.33,5.36,180,622,2258685.26,120,52.72,4.63,0.23,0,0.25,19096.33,1098.04,3
LN001353,CUST001353,Mortgage,91667.31,7.36,180,640,873227.01,0,94.64,3.01,0.12,0,0.4,91667.31,4400.03,1
LN001354,CUST001354,Mortgage,32260.99,10.27,36,555,794825.57,0,83.35,8.98,0.15,0,0.4,32260.99,1935.66,1
LN001355,CUST001355,Mortgage,38395.73,7.06,60,747,2206531.93,0,56.9,4.26,0.02,0,0.25,38395.73,191.98,1
LN001356,CUST001356,Structured Credit,61770.25,10.34,180,745,1657146.05,0,60.46,6.93,0.02,0,0.35,61770.25,432.39,1
LN001357,CUST001357,Structured Credit,59126.0,10.22,60,845,253256.25,0,81.16,8.56,0.09,0,0.5,59126.0,2660.67,1
LN001358,CUST001358,Mortgage,44141.69,6.72,120,686,1044545.67,0,68.67,6.6,0.02,0,0.25,44141.69,220.71,1
LN001359,CUST001359,Auto Loan,31380.19,10.1,60,816,2180175.97,0,44.89,7.79,0.05,0,0.25,31380.19,392.25,1
LN001360,CUST001360,Mortgage,29176.89,10.23,36,665,311468.9,60,48.49,8.86,0.05,0,0.25,29176.89,364.71,2
LN001361,CUST001361,Structured Credit,66206.19,7.78,48,592,257307.84,0,84.74,8.16,0.15,0,0.5,66206.19,4965.46,1
LN001362,CUST001362,Auto Loan,53503.3,6.47,48,780,882833.4,0,59.71,6.35,0.02,0,0.25,53503.3,267.52,1
LN001363,CUST001363,Mortgage,30329.92,8.65,36,607,2306500.08,60,70.46,5.18,0.08,0,0.25,30329.92,606.6,2
LN001364,CUST001364,Mortgage,77457.03,11.45,360,755,2278324.56,0,86.0,5.89,0.06,0,0.4,77457.03,1858.97,1
LN001365,CUST001365,Mortgage,33179.12,9.48,48,843,1417214.38,90,85.07,8.05,0.24,1,0.4,33179.12,3185.2,3
LN001366,CUST001366,Auto Loan,20006.98,6.21,36,643,1494782.96,90,50.02,8.12,0.26,0,0.25,20006.98,1300.45,3
LN001367,CUST001367,Mortgage,21348.15,9.78,180,585,997018.03,60,45.9,8.08,0.11,0,0.25,21348.15,587.07,2
LN001368,CUST001368,Structured Credit,18304.12,7.99,60,779,798407.49,0,75.47,6.58,0.02,0,0.35,18304.12,128.13,1
LN001369,CUST001369,Auto Loan,30010.81,9.14,48,776,2084249.17,0,84.5,5.86,0.06,0,0.4,30010.81,720.26,1
LN001370,CUST001370,Auto Loan,86129.48,10.14,180,732,489163.44,0,48.94,4.87,0.02,0,0.25,86129.48,430.65,1
LN001371,CUST001371,Structured Credit,20669.89,8.6,48,811,1346547.33,30,62.32,3.02,0.02,0,0.35,20669.89,144.69,2
LN001372,CUST001372,Auto Loan,41437.15,10.7,120,680,1677393.83,0,92.22,7.59,0.09,0,0.4,41437.15,1491.74,1
LN001373,CUST001373,Structured Credit,22932.66,10.06,36,614,483280.65,120,96.65,4.66,0.27,0,0.5,22932.66,3095.91,3
LN001374,CUST001374,Mortgage,30266.1,9.31,36,735,1419115.96,0,67.24,4.98,0.02,0,0.25,30266.1,151.33,1
LN001375,CUST001375,Auto Loan,12619.15,6.06,180,666,1549422.9,0,44.77,8.06,0.05,0,0.25,12619.15,157.74,1
LN001376,CUST001376,Structured Credit,31120.54,10.85,360,735,1920616.14,90,55.46,3.31,0.17,0,0.35,31120.54,1851.67,3
LN001377,CUST001377,Mortgage,31710.6,11.55,120,823,778381.11,30,53.98,8.57,0.05,1,0.25,31710.6,396.38,2
LN001378,CUST001378,Mortgage,53008.18,5.96,60,700,909986.88,120,54.34,3.01,0.17,1,0.25,53008.18,2252.85,3
LN001379,CUST001379,Auto Loan,42459.1,8.42,120,700,1531422.58,30,69.63,8.64,0.05,0,0.25,42459.1,530.74,2
LN001380,CUST001380,Mortgage,15695.44,6.81,360,585,2462034.42,0,74.99,5.73,0.08,0,0.25,15695.44,313.91,1
LN001381,CUST001381,Auto Loan,77570.21,10.28,120,644,739359.66,90,47.35,3.61,0.23,0,0.25,77570.21,4460.29,3
LN001382,CUST001382,Auto Loan,42075.13,10.05,240,683,2468283.61,0,93.36,7.04,0.09,0,0.4,42075.13,1514.7,1
LN001383,CUST001383,Structured Credit,41725.82,5.99,60,711,1857270.7,90,77.2,8.38,0.2,0,0.35,41725.82,2920.81,3
LN001384,CUST001384,Auto Loan,36082.83,11.14,60,593,2108684.66,60,75.84,5.63,0.08,0,0.25,36082.83,721.66,2
LN001385,CUST001385,Mortgage,25274.97,6.27,120,849,451692.85,0,99.24,7.15,0.09,0,0.4,25274.97,909.9,1
LN001386,CUST001386,Auto Loan,42296.59,10.58,48,832,925945.42,30,77.69,8.88,0.05,0,0.25,42296.59,528.71,2
LN001387,CUST001387,Mortgage,50661.01,8.2,240,789,379906.63,0,95.74,4.44,0.06,0,0.4,50661.01,1215.86,1
LN001388,CUST001388,Auto Loan,10691.17,7.3,48,601,1085980.74,0,57.18,7.92,0.11,1,0.25,10691.17,294.01,1
LN001389,CUST001389,Structured Credit,24906.08,6.11,120,830,2457901.73,0,54.41,4.77,0.02,0,0.35,24906.08,174.34,1
LN001390,CUST001390,Mortgage,30379.92,6.17,48,623,486864.39,0,70.99,5.56,0.08,0,0.25,30379.92,607.6,1
LN001391,CUST001391,Auto Loan,43447.97,9.63,60,844,1515338.76,0,70.52,4.69,0.02,0,0.25,43447.97,217.24,1
LN001392,CUST001392,Auto Loan,83727.08,8.85,60,787,263658.9,0,53.59,5.68,0.02,0,0.25,83727.08,418.64,1
LN001393,CUST001393,Auto Loan,21158.17,5.85,48,716,1853536.34,120,81.98,3.03,0.21,0,0.4,21158.17,1777.29,3
LN001394,CUST001394,Mortgage,25627.64,5.79,60,689,693683.56,0,41.78,4.82,0.02,0,0.25,25627.64,128.14,1
LN001395,CUST001395,Auto Loan,25367.55,5.51,36,688,541565.21,0,81.44,5.67,0.06,0,0.4,25367.55,608.82,1
LN001396,CUST001396,Structured Credit,20721.57,10.21,60,784,1008290.08,60,67.43,6.79,0.02,0,0.35,20721.57,145.05,2
LN001397,CUST001397,Mortgage,28480.34,9.98,120,552,1984849.67,30,81.34,6.82,0.12,0,0.4,28480.34,1367.06,2
LN001398,CUST001398,Auto Loan,62290.33,5.41,180,805,489879.44,0,68.62,6.5,0.02,0,0.25,62290.33,311.45,1
LN001399,CUST001399,Mortgage,17366.79,8.92,48,827,767137.74,60,98.64,4.76,0.06,0,0.4,17366.79,416.8,2
LN001400,CUST001400,Mortgage,48994.83,5.59,240,553,269044.95,60,60.08,8.68,0.11,0,0.25,48994.83,1347.36,2
LN001401,CUST001401,Auto Loan,11033.25,11.33,360,819,2428933.44,90,98.95,5.35,0.21,1,0.4,11033.25,926.79,3
LN001402,CUST001402,Auto Loan,24515.56,11.35,48,761,1582327.6,90,43.9,4.3,0.17,1,0.25,24515.56,1041.91,3
LN001403,CUST001403,Auto Loan,28835.35,9.89,360,765,1869774.18,30,81.03,6.33,0.06,0,0.4,28835.35,692.05,2
LN001404,CUST001404,Mortgage,117289.65,11.48,360,819,1715612.14,0,67.25,7.49,0.05,0,0.25,117289.65,1466.12,1
LN001405,CUST001405,Mortgage,29960.6,10.68,60,565,574820.26,120,89.33,3.07,0.27,0,0.4,29960.6,3235.74,3
LN001406,CUST001406,Mortgage,7778.58,10.8,60,613,1588614.86,0,87.38,4.66,0.12,0,0.4,7778.58,373.37,1
LN001407,CUST001407,Structured Credit,8962.26,8.99,180,788,545685.09,60,88.01,7.95,0.09,0,0.5,8962.26,403.3,2
LN001408,CUST001408,Structured Credit,37190.95,7.14,180,565,1152782.02,60,45.68,6.04,0.08,0,0.35,37190.95,1041.35,2
LN001409,CUST001409,Mortgage,55806.16,6.52,240,601,1530167.06,90,89.34,5.45,0.27,0,0.4,55806.16,6027.07,3
LN001410,CUST001410,Structured Credit,47231.63,7.29,120,568,1507482.51,30,52.84,8.59,0.11,0,0.35,47231.63,1818.42,2
LN001411,CUST001411,Auto Loan,40835.17,9.4,36,642,517915.21,120,41.54,3.54,0.23,0,0.25,40835.17,2348.02,3
LN001412,CUST001412,Auto Loan,81926.82,6.21,120,810,327480.93,0,53.06,6.69,0.02,0,0.25,81926.82,409.63,1
LN001413,CUST001413,Auto Loan,24891.61,6.81,240,847,2046027.21,0,68.76,5.05,0.02,0,0.25,24891.61,124.46,1
LN001414,CUST001414,Auto Loan,67943.88,8.28,48,566,1883325.48,120,84.53,3.42,0.27,0,0.4,67943.88,7337.94,3
LN001415,CUST001415,Mortgage,11586.43,6.63,60,660,434092.54,0,53.12,4.28,0.02,0,0.25,11586.43,57.93,1
LN001416,CUST001416,Structured Credit,19274.47,9.12,120,643,536684.92,30,46.78,6.77,0.08,0,0.35,19274.47,539.69,2
LN001417,CUST001417,Auto Loan,10250.39,11.46,360,559,2258313.5,0,78.76,3.17,0.08,0,0.25,10250.39,205.01,1
LN001418,CUST001418,Auto Loan,29959.7,10.24,60,761,1980540.03,30,99.03,6.55,0.06,0,0.4,29959.7,719.03,2
LN001419,CUST001419,Mortgage,35158.34,9.66,60,786,2491360.67,30,76.05,8.74,0.05,0,0.25,35158.34,439.48,2
LN001420,CUST001420,Structured Credit,39335.04,9.08,120,803,821471.76,120,81.46,7.77,0.24,0,0.5,39335.04,4720.2,3
LN001421,CUST001421,Auto Loan,37923.2,8.42,120,565,1347556.72,120,73.67,5.07,0.23,0,0.25,37923.2,2180.58,3
LN001422,CUST001422,Mortgage,18971.87,6.31,360,693,782034.05,90,86.94,3.83,0.21,0,0.4,18971.87,1593.64,3
LN001423,CUST001423,Auto Loan,31787.6,11.26,360,591,1651300.31,0,98.55,5.79,0.12,0,0.4,31787.6,1525.8,1
LN001424,CUST001424,Auto Loan,12730.9,6.74,180,552,509682.04,0,72.65,5.36,0.08,0,0.25,12730.9,254.62,1
LN001425,CUST001425,Structured Credit,94302.25,5.64,240,705,536297.14,60,65.01,8.83,0.05,0,0.35,94302.25,1650.29,2
LN001426,CUST001426,Structured Credit,29362.15,10.25,240,722,411747.76,0,91.62,8.94,0.09,0,0.5,29362.15,1321.3,1
LN001427,CUST001427,Auto Loan,25790.97,6.23,360,573,1810568.69,0,98.18,5.46,0.12,0,0.4,25790.97,1237.97,1
LN001428,CUST001428,Structured Credit,110443.38,7.6,36,824,1361663.3,120,47.75,3.89,0.17,0,0.35,110443.38,6571.38,3
LN001429,CUST001429,Mortgage,15220.94,5.2,360,624,1639895.24,0,74.69,8.46,0.11,0,0.25,15220.94,418.58,1
LN001430,CUST001430,Structured Credit,16516.07,5.96,180,589,2228427.35,0,87.55,7.76,0.15,0,0.5,16516.07,1238.71,1
LN001431,CUST001431,Mortgage,16859.1,6.21,36,589,1915739.09,0,72.0,6.07,0.08,0,0.25,16859.1,337.18,1
LN001432,CUST001432,Mortgage,34630.5,5.38,120,611,1288876.57,60,64.55,5.19,0.08,0,0.25,34630.5,692.61,2
LN001433,CUST001433,Mortgage,49125.92,9.6,240,787,2464800.97,60,79.31,5.69,0.02,0,0.25,49125.92,245.63,2
LN001434,CUST001434,Mortgage,60947.79,10.86,240,794,1276576.23,90,56.21,8.41,0.2,0,0.25,60947.79,3047.39,3
LN001435,CUST001435,Auto Loan,219783.16,7.61,36,567,503014.01,0,60.95,4.11,0.08,0,0.25,219783.16,4395.66,1
LN001436,CUST001436,Auto Loan,7520.57,11.12,48,689,2483473.18,0,99.54,7.84,0.09,0,0.4,7520.57,270.74,1
LN001437,CUST001437,Auto Loan,55609.81,6.49,180,631,301346.64,0,78.19,3.11,0.08,0,0.25,55609.81,1112.2,1
LN001438,CUST001438,Mortgage,24587.87,7.28,180,738,1487238.01,0,92.38,8.52,0.09,0,0.4,24587.87,885.16,1
LN001439,CUST001439,Auto Loan,24088.97,6.06,180,657,945464.85,0,88.47,6.0,0.06,0,0.4,24088.97,578.14,1
LN001440,CUST001440,Mortgage,23533.01,9.34,240,783,1382992.34,0,79.14,4.36,0.02,0,0.25,23533.01,117.67,1
LN001441,CUST001441,Structured Credit,19222.97,7.94,60,817,1507104.14,0,90.44,3.02,0.06,0,0.5,19222.97,576.69,1
LN001442,CUST001442,Auto Loan,118085.87,9.29,240,653,790215.77,30,57.23,6.36,0.02,0,0.25,118085.87,590.43,2
LN001443,CUST001443,Mortgage,65487.08,10.33,60,683,1502932.2,0,78.23,4.47,0.02,0,0.25,65487.08,327.44,1
LN001444,CUST001444,Mortgage,36909.98,8.82,240,582,1951137.5,30,75.44,6.79,0.08,1,0.25,36909.98,738.2,2
LN001445,CUST001445,Structured Credit,93499.47,9.39,120,786,849647.13,120,77.35,4.69,0.17,0,0.35,93499.47,5563.22,3
LN001446,CUST001446,Auto Loan,12597.2,11.55,240,727,1112708.8,0,50.12,3.53,0.02,0,0.25,12597.2,62.99,1
LN001447,CUST001447,Mortgage,14307.03,7.09,120,561,853546.06,0,56.63,6.03,0.08,0,0.25,14307.03,286.14,1
LN001448,CUST001448,Structured Credit,7906.36,7.51,60,778,2096259.39,0,57.2,6.39,0.02,0,0.35,7906.36,55.34,1
LN001449,CUST001449,Structured Credit,22256.95,10.02,180,818,1881210.08,0,76.12,5.72,0.02,0,0.35,22256.95,155.8,1
LN001450,CUST001450,Mortgage,40667.68,9.28,60,680,2210191.98,0,98.35,5.75,0.06,1,0.4,40667.68,976.02,1
LN001451,CUST001451,Mortgage,39026.69,6.25,36,798,632612.26,0,97.24,6.54,0.06,0,0.4,39026.69,936.64,1
LN001452,CUST001452,Mortgage,40317.44,7.63,180,607,415554.19,0,53.63,6.16,0.08,0,0.25,40317.44,806.35,1
LN001453,CUST001453,Structured Credit,13524.53,8.27,240,553,518612.88,0,58.29,3.8,0.08,1,0.35,13524.53,378.69,1
LN001454,CUST001454,Mortgage,63717.1,7.94,240,785,612291.25,0,42.16,4.18,0.02,0,0.25,63717.1,318.59,1
LN001455,CUST001455,Auto Loan,42947.74,6.25,240,722,1449435.99,120,63.93,3.85,0.17,0,0.25,42947.74,1825.28,3
LN001456,CUST001456,Structured Credit,60665.96,11.47,240,585,2434552.16,0,90.08,7.16,0.15,0,0.5,60665.96,4549.95,1
LN001457,CUST001457,Mortgage,9653.41,10.34,240,828,1053779.69,30,94.95,6.17,0.06,0,0.4,9653.41,231.68,2
LN001458,CUST001458,Mortgage,45163.46,8.37,60,786,2406643.61,0,54.19,5.58,0.02,0,0.25,45163.46,225.82,1
LN001459,CUST001459,Auto Loan,15812.63,9.76,360,824,335951.79,120,55.95,7.79,0.2,1,0.25,15812.63,790.63,3
LN001460,CUST001460,Mortgage,27498.14,11.28,120,845,2335462.46,0,53.25,4.95,0.02,0,0.25,27498.14,137.49,1
LN001461,CUST001461,Auto Loan,52788.86,5.95,360,607,657593.37,0,61.01,6.41,0.08,0,0.25,52788.86,1055.78,1
LN001462,CUST001462,Mortgage,38706.6,6.75,60,567,2303068.72,0,88.29,3.45,0.12,0,0.4,38706.6,1857.92,1
LN001463,CUST001463,Auto Loan,20008.69,8.8,48,585,376511.72,60,78.81,7.47,0.11,1,0.25,20008.69,550.24,2
LN001464,CUST001464,Mortgage,36475.32,10.59,360,678,2383493.76,0,87.16,7.17,0.09,0,0.4,36475.32,1313.11,1
LN001465,CUST001465,Structured Credit,12430.71,5.25,60,550,701796.09,0,74.98,7.81,0.11,1,0.35,12430.71,478.58,1
LN001466,CUST001466,Auto Loan,81241.96,11.89,180,613,931106.64,60,55.46,8.31,0.11,0,0.25,81241.96,2234.15,2
LN001467,CUST001467,Structured Credit,31454.62,8.18,240,611,1354620.27,120,53.68,7.55,0.26,0,0.35,31454.62,2862.37,3
LN001468,CUST001468,Mortgage,79458.09,7.51,60,695,1106621.98,0,40.54,8.07,0.05,0,0.25,79458.09,993.23,1
LN001469,CUST001469,Structured Credit,25120.21,7.05,360,821,1751937.93,0,86.86,5.07,0.06,0,0.5,25120.21,753.61,1
LN001470,CUST001470,Mortgage,25172.23,6.22,120,566,2443317.48,30,90.83,5.06,0.12,0,0.4,25172.23,1208.27,2
LN001471,CUST001471,Mortgage,21270.35,10.54,360,829,1614459.6,0,86.1,8.67,0.09,0,0.4,21270.35,765.73,1
LN001472,CUST001472,Mortgage,67058.57,11.69,240,647,1873342.17,0,44.46,8.49,0.11,0,0.25,67058.57,1844.11,1
LN001473,CUST001473,Structured Credit,22101.44,7.9,360,776,448011.81,90,85.73,6.29,0.21,0,0.5,22101.44,2320.65,3
LN001474,CUST001474,Mortgage,57023.39,11.67,36,792,1662577.97,0,42.75,5.2,0.02,0,0.25,57023.39,285.12,1
LN001475,CUST001475,Auto Loan,27785.88,10.77,48,750,1271162.0,0,46.34,8.2,0.05,1,0.25,27785.88,347.32,1
LN001476,CUST001476,Mortgage,9107.25,8.37,180,728,2243010.31,0,66.43,4.94,0.02,0,0.25,9107.25,45.54,1
LN001477,CUST001477,Structured Credit,24362.01,9.72,120,819,1123474.97,60,68.57,3.92,0.02,0,0.35,24362.01,170.53,2
LN001478,CUST001478,Mortgage,15908.75,8.04,48,783,1778771.82,0,88.97,6.84,0.06,0,0.4,15908.75,381.81,1
LN001479,CUST001479,Mortgage,37187.65,8.91,60,661,763345.89,0,80.77,3.26,0.06,0,0.4,37187.65,892.5,1
LN001480,CUST001480,Mortgage,15783.41,5.41,48,615,833588.2,0,49.2,5.27,0.08,0,0.25,15783.41,315.67,1
LN001481,CUST001481,Structured Credit,69437.52,9.87,240,794,1096275.47,0,53.57,7.85,0.05,0,0.35,69437.52,1215.16,1
LN001482,CUST001482,Auto Loan,34072.53,5.37,240,794,934142.96,0,57.14,4.77,0.02,0,0.25,34072.53,170.36,1
LN001483,CUST001483,Mortgage,32070.21,10.72,36,621,821227.39,60,47.42,8.59,0.11,0,0.25,32070.21,881.93,2
LN001484,CUST001484,Auto Loan,57476.1,10.77,48,598,361754.59,120,57.26,8.73,0.26,1,0.25,57476.1,3735.95,3
LN001485,CUST001485,Auto Loan,71305.94,6.66,360,739,2132679.25,0,83.72,7.89,0.09,0,0.4,71305.94,2567.01,1
LN001486,CUST001486,Auto Loan,35808.15,7.27,48,842,394678.44,0,54.48,8.93,0.05,0,0.25,35808.15,447.6,1
LN001487,CUST001487,Auto Loan,21166.18,8.37,240,726,2246572.41,0,90.12,6.18,0.06,0,0.4,21166.18,507.99,1
LN001488,CUST001488,Mortgage,10490.46,9.18,60,710,532297.13,90,68.17,6.42,0.17,0,0.25,10490.46,445.84,3
LN001489,CUST001489,Auto Loan,22466.15,7.01,60,699,396838.91,0,59.38,8.02,0.05,1,0.25,22466.15,280.83,1
LN001490,CUST001490,Mortgage,23575.22,9.15,180,619,1516760.72,0,64.75,5.96,0.08,0,0.25,23575.22,471.5,1
LN001491,CUST001491,Auto Loan,39141.56,7.08,360,582,1380494.03,60,82.57,5.44,0.12,1,0.4,39141.56,1878.79,2
LN001492,CUST001492,Auto Loan,28521.04,5.39,360,833,1355277.78,0,71.01,6.69,0.02,0,0.25,28521.04,142.61,1
LN001493,CUST001493,Auto Loan,58779.77,5.02,60,809,1542634.74,30,40.44,6.95,0.02,0,0.25,58779.77,293.9,2
LN001494,CUST001494,Auto Loan,23645.11,5.71,48,626,895877.36,60,95.34,7.51,0.15,0,0.4,23645.11,1418.71,2
LN001495,CUST001495,Mortgage,34894.04,10.55,36,659,1741635.87,0,43.96,7.01,0.05,0,0.25,34894.04,436.18,1
LN001496,CUST001496,Mortgage,83182.41,11.73,60,688,1380404.99,0,96.32,7.47,0.09,0,0.4,83182.41,2994.57,1
LN001497,CUST001497,Mortgage,46132.72,7.99,360,584,1003172.8,30,41.69,7.05,0.11,0,0.25,46132.72,1268.65,2
LN001498,CUST001498,Mortgage,34820.92,8.59,360,784,2109626.5,0,86.26,5.88,0.06,0,0.4,34820.92,835.7,1
LN001499,CUST001499,Auto Loan,23828.53,6.03,240,749,1887372.47,60,72.08,3.81,0.02,0,0.25,23828.53,119.14,2
LN001500,CUST001500,Structured Credit,23312.34,8.86,240,700,1135623.27,0,70.34,7.71,0.05,0,0.35,23312.34,407.97,1
LN001501,CUST001501,Mortgage,20021.68,6.01,180,583,2157140.02,90,44.37,3.18,0.23,0,0.25,20021.68,1151.25,3
LN001502,CUST001502,Mortgage,24866.96,9.28,180,673,2320581.06,30,54.32,8.96,0.05,0,0.25,24866.96,310.84,2
LN001503,CUST001503,Auto Loan,61633.82,11.53,48,581,1457949.1,0,86.65,7.97,0.15,0,0.4,61633.82,3698.03,1
LN001504,CUST001504,Auto Loan,31091.14,6.37,60,821,733643.01,90,93.48,7.03,0.24,0,0.4,31091.14,2984.75,3
LN001505,CUST001505,Auto Loan,14117.34,10.35,60,673,2310532.35,0,71.75,8.8,0.05,0,0.25,14117.34,176.47,1
LN001506,CUST001506,Auto Loan,125206.36,5.16,180,627,676329.15,0,61.2,6.67,0.08,0,0.25,125206.36,2504.13,1
LN001507,CUST001507,Mortgage,45432.17,7.63,60,625,358952.26,0,43.6,3.34,0.08,0,0.25,45432.17,908.64,1
LN001508,CUST001508,Mortgage,13563.53,5.78,48,609,986845.77,0,80.93,6.36,0.12,0,0.4,13563.53,651.05,1
LN001509,CUST001509,Mortgage,26654.3,7.47,36,634,1885674.28,60,56.71,4.66,0.08,0,0.25,26654.3,533.09,2
LN001510,CUST001510,Mortgage,39246.61,6.21,240,629,2327366.69,90,43.3,5.22,0.23,1,0.25,39246.61,2256.68,3
LN001511,CUST001511,Structured Credit,119756.34,7.61,48,721,1683892.71,90,79.95,5.76,0.17,0,0.35,119756.34,7125.5,3
LN001512,CUST001512,Mortgage,16719.34,7.92,60,807,2391636.73,0,69.14,7.65,0.05,0,0.25,16719.34,208.99,1
LN001513,CUST001513,Structured Credit,71914.16,7.1,48,828,457834.39,120,40.72,6.02,0.17,1,0.35,71914.16,4278.89,3
LN001514,CUST001514,Auto Loan,96726.29,9.6,240,770,386695.89,0,46.66,5.85,0.02,0,0.25,96726.29,483.63,1
LN001515,CUST001515,Auto Loan,23387.15,11.43,120,595,1609431.89,30,81.95,4.81,0.12,0,0.4,23387.15,1122.58,2
LN001516,CUST001516,Auto Loan,29903.79,7.8,360,622,2423761.73,0,43.82,6.24,0.08,0,0.25,29903.79,598.08,1
LN001517,CUST001517,Mortgage,17581.17,6.35,240,603,1381122.95,0,91.96,4.49,0.12,0,0.4,17581.17,843.9,1
LN001518,CUST001518,Structured Credit,31494.78,6.9,360,770,365909.26,60,58.68,4.57,0.02,0,0.35,31494.78,220.46,2
LN001519,CUST001519,Auto Loan,35397.17,10.98,240,558,747741.98,0,45.32,7.54,0.11,0,0.25,35397.17,973.42,1
LN001520,CUST001520,Structured Credit,57627.49,9.0,120,721,800784.04,0,85.59,5.06,0.06,0,0.5,57627.49,1728.82,1
LN001521,CUST001521,Auto Loan,77895.89,8.19,60,633,1010178.54,0,71.47,3.31,0.08,0,0.25,77895.89,1557.92,1
LN001522,CUST001522,Structured Credit,21511.28,6.05,60,561,348107.61,60,58.4,5.06,0.08,1,0.35,21511.28,602.32,2
LN001523,CUST001523,Auto Loan,9162.48,8.15,36,581,2286008.58,0,64.37,6.83,0.08,0,0.25,9162.48,183.25,1
LN001524,CUST001524,Auto Loan,35779.44,6.95,240,838,1410018.88,0,41.28,7.88,0.05,0,0.25,35779.44,447.24,1
LN001525,CUST001525,Mortgage,44599.43,11.6,48,821,1759594.28,0,79.76,8.77,0.05,0,0.25,44599.43,557.49,1
LN001526,CUST001526,Auto Loan,43243.07,11.19,36,727,401138.88,0,61.95,7.48,0.05,0,0.25,43243.07,540.54,1
LN001527,CUST001527,Auto Loan,28892.25,5.59,60,663,371759.8,0,82.84,5.57,0.06,0,0.4,28892.25,693.41,1
LN001528,CUST001528,Auto Loan,39629.4,8.62,60,575,1569552.49,0,77.69,4.79,0.08,0,0.25,39629.4,792.59,1
LN001529,CUST001529,Structured Credit,104905.1,6.58,180,786,2246416.02,60,79.08,3.78,0.02,0,0.35,104905.1,734.34,2
LN001530,CUST001530,Mortgage,47439.66,7.88,36,721,1439084.5,0,87.57,6.77,0.06,1,0.4,47439.66,1138.55,1
LN001531,CUST001531,Auto Loan,27963.13,11.14,60,782,2225093.14,90,77.87,6.06,0.17,0,0.25,27963.13,1188.43,3
LN001532,CUST001532,Mortgage,25587.56,8.69,120,586,2074730.36,0,65.12,7.07,0.11,0,0.25,25587.56,703.66,1
LN001533,CUST001533,Mortgage,32244.52,7.34,360,814,420671.02,0,63.4,4.42,0.02,0,0.25,32244.52,161.22,1
LN001534,CUST001534,Auto Loan,114201.3,6.46,180,562,704404.32,0,47.17,4.94,0.08,0,0.25,114201.3,2284.03,1
LN001535,CUST001535,Mortgage,31942.4,10.6,48,655,1729849.01,0,86.77,4.75,0.06,0,0.4,31942.4,766.62,1
LN001536,CUST001536,Auto Loan,35815.78,9.37,360,675,1247878.11,90,85.67,7.79,0.24,0,0.4,35815.78,3438.31,3
LN001537,CUST001537,Auto Loan,25909.9,8.28,180,679,904074.58,0,54.78,4.03,0.02,0,0.25,25909.9,129.55,1
LN001538,CUST001538,Mortgage,78377.2,6.52,240,805,1191926.18,0,91.76,6.65,0.06,0,0.4,78377.2,1881.05,1
LN001539,CUST001539,Auto Loan,143184.04,7.34,240,664,1251699.2,60,75.34,3.31,0.02,0,0.25,143184.04,715.92,2
LN001540,CUST001540,Mortgage,49783.01,11.72,48,848,2298742.56,60,68.72,6.3,0.02,0,0.25,49783.01,248.92,2
LN001541,CUST001541,Mortgage,38481.81,8.64,120,673,482781.14,0,41.05,3.38,0.02,0,0.25,38481.81,192.41,1
LN001542,CUST001542,Auto Loan,37262.7,7.8,48,805,879394.18,30,62.96,4.06,0.02,0,0.25,37262.7,186.31,2
LN001543,CUST001543,Mortgage,6843.03,8.65,36,688,1459520.84,30,78.44,3.68,0.02,0,0.25,6843.03,34.22,2
LN001544,CUST001544,Auto Loan,61181.83,10.45,360,755,1821145.58,120,45.38,5.08,0.17,0,0.25,61181.83,2600.23,3
LN001545,CUST001545,Structured Credit,39891.42,7.38,48,596,1668933.9,90,67.57,5.06,0.23,0,0.35,39891.42,3211.26,3
LN001546,CUST001546,Mortgage,49012.93,6.25,48,766,2368696.16,0,99.61,7.96,0.09,0,0.4,49012.93,1764.47,1
LN001547,CUST001547,Structured Credit,22070.04,9.09,180,672,2040120.08,0,82.99,4.35,0.06,0,0.5,22070.04,662.1,1
LN001548,CUST001548,Mortgage,27746.92,9.66,120,580,1503422.89,0,72.81,3.52,0.08,0,0.25,27746.92,554.94,1
LN001549,CUST001549,Auto Loan,27235.66,9.99,48,604,733036.06,0,71.98,6.62,0.08,0,0.25,27235.66,544.71,1
LN001550,CUST001550,Mortgage,74245.77,11.17,36,702,1264467.02,0,42.63,7.12,0.05,0,0.25,74245.77,928.07,1
LN001551,CUST001551,Structured Credit,27857.8,7.6,180,835,1810110.05,60,97.44,4.77,0.06,0,0.5,27857.8,835.73,2
LN001552,CUST001552,Mortgage,156039.15,5.53,120,585,2135414.89,60,95.69,6.62,0.12,1,0.4,156039.15,7489.88,2
LN001553,CUST001553,Structured Credit,49099.48,11.71,120,834,2409406.5,0,80.94,7.66,0.09,0,0.5,49099.48,2209.48,1
LN001554,CUST001554,Structured Credit,14868.83,8.05,60,805,1612268.72,30,45.94,5.09,0.02,0,0.35,14868.83,104.08,2
LN001555,CUST001555,Auto Loan,33190.45,9.36,240,727,1435568.58,120,52.47,6.15,0.17,0,0.25,33190.45,1410.59,3
LN001556,CUST001556,Auto Loan,23013.3,9.66,360,585,289806.83,30,51.03,3.88,0.08,0,0.25,23013.3,460.27,2
LN001557,CUST001557,Mortgage,7816.03,8.83,36,803,412222.91,90,71.17,3.14,0.17,0,0.25,7816.03,332.18,3
LN001558,CUST001558,Mortgage,111260.51,6.44,240,711,601236.24,0,52.47,8.89,0.05,0,0.25,111260.51,1390.76,1
LN001559,CUST001559,Structured Credit,59408.93,10.29,180,570,373209.85,30,81.75,4.8,0.12,0,0.5,59408.93,3564.54,2
LN001560,CUST001560,Structured Credit,52746.1,10.63,180,843,1151942.29,0,72.71,4.67,0.02,0,0.35,52746.1,369.22,1
LN001561,CUST001561,Auto Loan,40773.29,8.87,36,624,1007976.73,0,41.06,8.84,0.11,0,0.25,40773.29,1121.27,1
LN001562,CUST001562,Auto Loan,13802.26,8.42,120,756,1684046.86,30,84.64,7.37,0.09,0,0.4,13802.26,496.88,2
LN001563,CUST001563,Mortgage,25886.27,5.8,48,727,1455246.49,30,51.33,6.51,0.02,0,0.25,25886.27,129.43,2
LN001564,CUST001564,Auto Loan,65463.4,5.59,36,586,1590934.21,0,89.49,7.2,0.15,0,0.4,65463.4,3927.8,1
LN001565,CUST001565,Structured Credit,17398.62,7.38,180,669,1311948.71,90,61.3,7.26,0.2,0,0.35,17398.62,1217.9,3
LN001566,CUST001566,Mortgage,6171.9,7.18,240,667,874908.58,120,60.32,7.58,0.2,1,0.25,6171.9,308.6,3
LN001567,CUST001567,Mortgage,30977.79,11.68,360,550,2393856.96,0,40.71,3.4,0.08,0,0.25,30977.79,619.56,1
LN001568,CUST001568,Auto Loan,32884.93,10.49,36,758,444420.61,0,99.26,5.48,0.06,0,0.4,32884.93,789.24,1
LN001569,CUST001569,Mortgage,39930.45,9.62,120,757,2362504.75,0,76.72,4.77,0.02,0,0.25,39930.45,199.65,1
LN001570,CUST001570,Mortgage,60473.65,8.62,360,703,950285.61,30,65.36,3.42,0.02,0,0.25,60473.65,302.37,2
LN001571,CUST001571,Mortgage,56745.07,6.17,360,799,1403488.25,120,45.8,5.48,0.17,0,0.25,56745.07,2411.67,3
LN001572,CUST001572,Auto Loan,43527.09,11.85,360,720,494895.23,90,81.95,6.7,0.21,0,0.4,43527.09,3656.28,3
LN001573,CUST001573,Mortgage,83857.31,7.63,60,656,409594.9,60,56.96,4.07,0.02,0,0.25,83857.31,419.29,2
LN001574,CUST001574,Structured Credit,12540.53,5.75,360,692,1216477.26,90,99.3,4.83,0.21,1,0.5,12540.53,1316.76,3
LN001575,CUST001575,Auto Loan,51699.7,8.46,60,557,1918819.1,0,97.03,6.84,0.12,0,0.4,51699.7,2481.59,1
LN001576,CUST001576,Auto Loan,56307.15,11.12,48,643,856070.75,60,84.12,6.48,0.12,0,0.4,56307.15,2702.74,2
LN001577,CUST001577,Auto Loan,15249.57,11.21,48,646,1515282.75,30,98.26,8.21,0.15,0,0.4,15249.57,914.97,2
LN001578,CUST001578,Mortgage,12682.65,5.08,360,556,876963.27,0,46.34,7.75,0.11,0,0.25,12682.65,348.77,1
LN001579,CUST001579,Mortgage,21543.74,11.2,120,823,1124379.39,0,56.79,8.79,0.05,0,0.25,21543.74,269.3,1
LN001580,CUST001580,Mortgage,22854.9,6.9,240,561,2289504.22,0,55.19,6.58,0.08,0,0.25,22854.9,457.1,1
LN001581,CUST001581,Auto Loan,61536.98,5.27,48,551,2175639.16,60,44.32,7.19,0.11,0,0.25,61536.98,1692.27,2
LN001582,CUST001582,Auto Loan,23619.38,10.93,60,556,1411039.47,0,98.33,8.16,0.15,0,0.4,23619.38,1417.16,1
LN001583,CUST001583,Mortgage,19941.46,11.05,120,561,785737.66,60,43.6,8.04,0.11,0,0.25,19941.46,548.39,2
LN001584,CUST001584,Mortgage,23667.46,9.17,360,606,684663.8,0,91.4,7.31,0.15,0,0.4,23667.46,1420.05,1
LN001585,CUST001585,Structured Credit,79462.67,9.02,120,627,2396696.54,0,86.09,6.0,0.12,0,0.5,79462.67,4767.76,1
LN001586,CUST001586,Auto Loan,36648.59,10.69,120,623,706112.34,90,62.55,4.64,0.23,0,0.25,36648.59,2107.29,3
LN001587,CUST001587,Mortgage,32033.08,10.5,36,782,2068378.7,0,41.13,8.26,0.05,0,0.25,32033.08,400.41,1
LN001588,CUST001588,Mortgage,33624.03,11.23,240,828,1080182.97,0,40.37,7.66,0.05,0,0.25,33624.03,420.3,1
LN001589,CUST001589,Mortgage,89719.39,8.87,360,579,2467734.66,0,52.24,8.03,0.11,0,0.25,89719.39,2467.28,1
LN001590,CUST001590,Mortgage,21495.09,11.77,240,644,1078350.42,0,69.63,3.84,0.08,0,0.25,21495.09,429.9,1
LN001591,CUST001591,Mortgage,91204.16,11.97,48,605,1040912.41,60,67.47,4.89,0.08,0,0.25,91204.16,1824.08,2
LN001592,CUST001592,Structured Credit,42080.82,5.82,240,559,1684293.16,60,75.12,5.55,0.08,0,0.35,42080.82,1178.26,2
LN001593,CUST001593,Auto Loan,32458.14,10.95,180,696,2413412.81,60,86.32,8.03,0.09,0,0.4,32458.14,1168.49,2
LN001594,CUST001594,Auto Loan,209113.06,8.5,60,636,2446471.61,90,62.64,8.36,0.26,0,0.25,209113.06,13592.35,3
LN001595,CUST001595,Mortgage,17344.88,7.71,48,802,1841213.83,60,49.62,4.71,0.02,0,0.25,17344.88,86.72,2
LN001596,CUST001596,Mortgage,28351.07,9.29,360,736,1947864.32,60,88.0,7.12,0.09,0,0.4,28351.07,1020.64,2
LN001597,CUST001597,Auto Loan,15325.88,5.39,240,782,1517654.9,30,59.96,3.47,0.02,0,0.25,15325.88,76.63,2
LN001598,CUST001598,Auto Loan,70736.95,8.55,60,802,1950495.41,0,57.21,5.46,0.02,0,0.25,70736.95,353.68,1
LN001599,CUST001599,Auto Loan,118472.04,11.1,360,773,2184504.22,90,85.86,5.92,0.21,0,0.4,118472.04,9951.65,3
LN001600,CUST001600,Structured Credit,116885.01,6.49,360,553,1343714.43,0,96.05,7.59,0.15,0,0.5,116885.01,8766.38,1
LN001601,CUST001601,Auto Loan,85542.12,7.98,48,661,1644690.09,0,94.9,8.35,0.09,0,0.4,85542.12,3079.52,1
LN001602,CUST001602,Auto Loan,31623.81,11.58,180,742,1458962.56,90,48.25,5.02,0.17,0,0.25,31623.81,1344.01,3
LN001603,CUST001603,Auto Loan,28122.67,8.0,60,690,1515558.88,120,70.19,6.17,0.17,0,0.25,28122.67,1195.21,3
LN001604,CUST001604,Auto Loan,11273.17,7.51,180,689,2252607.8,0,45.57,6.88,0.02,0,0.25,11273.17,56.37,1
LN001605,CUST001605,Auto Loan,151011.53,8.08,60,644,1050137.87,90,97.66,4.97,0.27,0,0.4,151011.53,16309.25,3
LN001606,CUST001606,Mortgage,50427.13,8.64,36,590,718414.06,30,52.91,8.91,0.11,0,0.25,50427.13,1386.75,2
LN001607,CUST001607,Auto Loan,25735.59,9.42,360,551,1276630.25,0,51.85,8.25,0.11,0,0.25,25735.59,707.73,1
LN001608,CUST001608,Structured Credit,92008.83,10.6,36,827,718191.68,90,93.33,4.78,0.21,0,0.5,92008.83,9660.93,3
LN001609,CUST001609,Auto Loan,18380.85,8.16,60,699,1371400.96,0,98.07,6.05,0.06,0,0.4,18380.85,441.14,1
LN001610,CUST001610,Mortgage,48273.37,10.72,60,590,2282893.24,90,81.86,4.39,0.27,0,0.4,48273.37,5213.52,3
LN001611,CUST001611,Structured Credit,32181.9,8.74,180,665,1639225.42,0,47.26,6.09,0.02,0,0.35,32181.9,225.27,1
LN001612,CUST001612,Mortgage,56787.64,7.37,360,669,2174723.92,60,69.15,7.1,0.05,0,0.25,56787.64,709.85,2
LN001613,CUST001613,Mortgage,34734.84,9.61,240,786,623929.57,60,89.0,3.51,0.06,0,0.4,34734.84,833.64,2
LN001614,CUST001614,Auto Loan,13152.28,10.02,360,819,2276965.58,120,74.35,8.22,0.2,0,0.25,13152.28,657.61,3
LN001615,CUST001615,Auto Loan,38288.45,8.91,120,840,1604021.12,0,47.96,6.56,0.02,0,0.25,38288.45,191.44,1
LN001616,CUST001616,Mortgage,75675.13,5.4,60,558,321459.52,60,50.31,8.94,0.11,0,0.25,75675.13,2081.07,2
LN001617,CUST001617,Structured Credit,35580.34,6.19,48,788,1674517.65,60,91.85,3.15,0.06,0,0.5,35580.34,1067.41,2
LN001618,CUST001618,Mortgage,62478.68,7.0,48,667,2390643.15,120,71.62,7.99,0.2,1,0.25,62478.68,3123.93,3
LN001619,CUST001619,Mortgage,17468.06,6.98,48,559,428125.75,0,82.35,7.75,0.15,0,0.4,17468.06,1048.08,1
LN001620,CUST001620,Mortgage,35654.03,9.71,36,574,1560526.29,0,62.38,3.8,0.08,0,0.25,35654.03,713.08,1
LN001621,CUST001621,Mortgage,23455.09,5.13,240,722,2309826.86,30,71.95,5.01,0.02,0,0.25,23455.09,117.28,2
LN001622,CUST001622,Auto Loan,61260.26,10.29,180,774,271814.13,0,98.63,8.31,0.09,0,0.4,61260.26,2205.37,1
LN001623,CUST001623,Mortgage,37124.93,6.86,240,560,1669554.08,0,59.78,6.11,0.08,0,0.25,37124.93,742.5,1
LN001624,CUST001624,Structured Credit,58867.92,7.17,36,650,1318530.16,0,80.49,5.41,0.06,0,0.5,58867.92,1766.04,1
LN001625,CUST001625,Auto Loan,77761.16,8.7,240,814,1030725.97,0,50.35,8.43,0.05,0,0.25,77761.16,972.01,1
LN001626,CUST001626,Mortgage,58931.62,6.51,240,632,1661957.1,60,47.3,3.56,0.08,0,0.25,58931.62,1178.63,2
LN001627,CUST001627,Auto Loan,43966.48,11.19,360,825,368579.71,0,87.02,5.84,0.06,0,0.4,43966.48,1055.2,1
LN001628,CUST001628,Mortgage,18056.33,5.6,48,810,1944391.85,30,90.65,6.91,0.06,0,0.4,18056.33,433.35,2
LN001629,CUST001629,Auto Loan,36244.75,8.11,60,770,260078.82,0,80.1,6.65,0.06,1,0.4,36244.75,869.87,1
LN001630,CUST001630,Mortgage,25005.14,10.95,48,768,940605.42,0,49.49,4.59,0.02,0,0.25,25005.14,125.03,1
LN001631,CUST001631,Mortgage,28542.66,9.31,240,638,1383906.93,0,54.44,6.38,0.08,0,0.25,28542.66,570.85,1
LN001632,CUST001632,Auto Loan,27940.32,7.05,60,564,1098300.06,0,94.67,7.25,0.15,0,0.4,27940.32,1676.42,1
LN001633,CUST001633,Mortgage,18288.95,7.95,360,795,941820.85,120,57.32,6.51,0.17,0,0.25,18288.95,777.28,3
LN001634,CUST001634,Mortgage,9226.76,9.95,180,725,2119379.08,0,89.13,7.11,0.09,0,0.4,9226.76,332.16,1
LN001635,CUST001635,Structured Credit,22749.53,11.81,120,553,2353373.29,0,57.16,4.54,0.08,0,0.35,22749.53,636.99,1
LN001636,CUST001636,Auto Loan,41579.63,11.25,60,570,2215853.54,0,96.37,8.0,0.15,0,0.4,41579.63,2494.78,1
LN001637,CUST001637,Auto Loan,14133.12,7.4,36,757,1425470.45,0,94.87,5.7,0.06,0,0.4,14133.12,339.19,1
LN001638,CUST001638,Auto Loan,36716.35,11.99,48,686,2239369.39,120,42.6,8.92,0.2,0,0.25,36716.35,1835.82,3
LN001639,CUST001639,Structured Credit,137336.29,5.02,360,765,2321938.52,0,86.22,3.14,0.06,1,0.5,137336.29,4120.09,1
LN001640,CUST001640,Structured Credit,74320.31,5.19,360,666,1170786.39,60,50.17,5.28,0.02,0,0.35,74320.31,520.24,2
LN001641,CUST001641,Mortgage,114746.32,10.77,48,728,887753.18,90,52.92,4.08,0.17,0,0.25,114746.32,4876.72,3
LN001642,CUST001642,Structured Credit,47752.63,6.4,240,795,471096.71,30,67.59,6.33,0.02,0,0.35,47752.63,334.27,2
LN001643,CUST001643,Mortgage,82228.47,5.43,240,677,1327956.82,0,74.58,4.46,0.02,0,0.25,82228.47,411.14,1
LN001644,CUST001644,Mortgage,21877.73,6.66,240,627,2379168.07,0,59.55,7.42,0.11,1,0.25,21877.73,601.64,1
LN001645,CUST001645,Auto Loan,23131.76,7.98,360,778,1512041.94,60,74.52,8.29,0.05,0,0.25,23131.76,289.15,2
LN001646,CUST001646,Mortgage,5337.98,10.11,240,842,1752014.73,0,50.24,4.27,0.02,0,0.25,5337.98,26.69,1
LN001647,CUST001647,Auto Loan,83308.16,9.37,48,811,503988.59,120,41.34,3.96,0.17,0,0.25,83308.16,3540.6,3
LN001648,CUST001648,Structured Credit,106748.06,6.66,60,631,572919.24,0,74.27,8.25,0.11,0,0.35,106748.06,4109.8,1
LN001649,CUST001649,Mortgage,24656.01,8.52,180,615,1295064.84,60,71.04,5.17,0.08,0,0.25,24656.01,493.12,2
LN001650,CUST001650,Mortgage,30401.09,11.48,60,645,2390345.8,30,81.38,5.61,0.12,0,0.4,30401.09,1459.25,2
LN001651,CUST001651,Auto Loan,21424.63,10.71,36,694,1061765.44,0,78.99,4.33,0.02,0,0.25,21424.63,107.12,1
LN001652,CUST001652,Auto Loan,47470.2,7.26,48,614,2224339.09,0,93.85,5.55,0.12,0,0.4,47470.2,2278.57,1
LN001653,CUST001653,Auto Loan,79813.89,11.88,60,558,520649.34,0,67.57,4.39,0.08,0,0.25,79813.89,1596.28,1
LN001654,CUST001654,Auto Loan,10722.07,9.96,48,735,1638288.72,60,40.5,7.0,0.02,0,0.25,10722.07,53.61,2
LN001655,CUST001655,Auto Loan,48368.64,5.44,360,707,1601379.2,120,77.84,5.99,0.17,0,0.25,48368.64,2055.67,3
LN001656,CUST001656,Structured Credit,29921.42,5.25,36,580,2184718.19,0,80.51,7.73,0.15,1,0.5,29921.42,2244.11,1
LN001657,CUST001657,Mortgage,39315.58,6.18,360,700,257462.58,0,71.29,4.88,0.02,0,0.25,39315.58,196.58,1
LN001658,CUST001658,Auto Loan,50075.93,10.09,120,791,677346.25,120,81.36,6.03,0.21,0,0.4,50075.93,4206.38,3
LN001659,CUST001659,Auto Loan,31832.98,6.29,120,705,744297.16,90,59.42,4.56,0.17,0,0.25,31832.98,1352.9,3
LN001660,CUST001660,Mortgage,33775.44,8.58,120,608,2387423.7,90,48.93,8.61,0.26,0,0.25,33775.44,2195.4,3
LN001661,CUST001661,Mortgage,31266.03,5.65,48,559,595810.73,30,79.87,6.13,0.08,0,0.25,31266.03,625.32,2
LN001662,CUST001662,Mortgage,71626.57,11.45,60,673,333165.29,90,54.71,4.04,0.17,0,0.25,71626.57,3044.13,3
LN001663,CUST001663,Structured Credit,48685.28,7.41,48,831,1452538.36,90,67.38,4.64,0.17,0,0.35,48685.28,2896.77,3
LN001664,CUST001664,Mortgage,42379.01,11.36,360,786,1439256.54,60,69.5,3.5,0.02,0,0.25,42379.01,211.9,2
LN001665,CUST001665,Structured Credit,14918.15,11.61,180,566,2149105.67,30,68.63,3.17,0.08,0,0.35,14918.15,417.71,2
LN001666,CUST001666,Structured Credit,27861.31,5.04,360,572,2384934.21,0,75.91,6.16,0.08,0,0.35,27861.31,780.12,1
LN001667,CUST001667,Auto Loan,68122.88,8.25,60,558,1461727.24,0,41.77,5.02,0.08,1,0.25,68122.88,1362.46,1
LN001668,CUST001668,Structured Credit,37286.54,5.17,360,756,2342486.91,90,99.38,8.78,0.24,0,0.5,37286.54,4474.38,3
LN001669,CUST001669,Auto Loan,57622.71,11.36,360,594,1881608.09,0,82.98,4.03,0.12,0,0.4,57622.71,2765.89,1
LN001670,CUST001670,Structured Credit,125061.17,8.63,36,576,845258.04,120,65.52,7.76,0.26,1,0.35,125061.17,11380.57,3
LN001671,CUST001671,Auto Loan,75133.68,5.52,240,737,2338946.6,120,51.48,4.9,0.17,1,0.25,75133.68,3193.18,3
LN001672,CUST001672,Structured Credit,38762.59,5.77,120,689,1751747.15,0,44.81,4.34,0.02,0,0.35,38762.59,271.34,1
LN001673,CUST001673,Structured Credit,25395.0,7.68,60,558,1181715.85,0,80.33,8.82,0.15,0,0.5,25395.0,1904.62,1
LN001674,CUST001674,Structured Credit,6078.51,11.58,60,783,1780544.69,0,59.02,7.82,0.05,0,0.35,6078.51,106.37,1
LN001675,CUST001675,Mortgage,32277.66,9.85,120,641,1152953.86,0,53.77,6.78,0.08,0,0.25,32277.66,645.55,1
LN001676,CUST001676,Auto Loan,28905.62,11.07,360,626,506913.48,0,62.8,7.18,0.11,1,0.25,28905.62,794.9,1
LN001677,CUST001677,Auto Loan,47727.18,7.57,36,793,1867702.18,0,75.58,8.95,0.05,0,0.25,47727.18,596.59,1
LN001678,CUST001678,Mortgage,32606.48,5.3,48,704,2104197.13,0,80.3,6.56,0.06,0,0.4,32606.48,782.56,1
LN001679,CUST001679,Auto Loan,29019.71,11.82,48,767,1889813.95,0,78.71,3.61,0.02,0,0.25,29019.71,145.1,1
LN001680,CUST001680,Mortgage,10450.66,5.12,360,834,765508.0,120,91.8,3.39,0.21,0,0.4,10450.66,877.86,3
LN001681,CUST001681,Auto Loan,18807.72,11.63,360,699,2402428.78,60,53.13,7.0,0.02,0,0.25,18807.72,94.04,2
LN001682,CUST001682,Structured Credit,50698.71,7.58,240,637,306822.76,120,78.2,6.95,0.23,0,0.35,50698.71,4081.25,3
LN001683,CUST001683,Mortgage,120708.68,5.07,60,655,998541.92,0,46.07,7.49,0.05,0,0.25,120708.68,1508.86,1
LN001684,CUST001684,Structured Credit,33919.06,9.82,120,843,835207.98,30,72.88,3.65,0.02,0,0.35,33919.06,237.43,2
LN001685,CUST001685,Auto Loan,45682.37,11.86,360,644,358284.01,120,75.04,8.67,0.26,1,0.25,45682.37,2969.35,3
LN001686,CUST001686,Structured Credit,70737.75,11.76,360,802,1162891.81,0,52.97,6.31,0.02,0,0.35,70737.75,495.16,1
LN001687,CUST001687,Structured Credit,20586.16,6.13,180,588,1652008.39,90,63.5,6.9,0.23,0,0.35,20586.16,1657.19,3
LN001688,CUST001688,Mortgage,46946.78,6.27,36,804,2235743.94,0,89.63,3.21,0.06,0,0.4,46946.78,1126.72,1
LN001689,CUST001689,Mortgage,21626.12,8.96,48,603,2476801.86,0,48.9,8.77,0.11,0,0.25,21626.12,594.72,1
LN001690,CUST001690,Mortgage,66527.93,9.46,36,792,2068201.57,0,66.07,6.38,0.02,0,0.25,66527.93,332.64,1
LN001691,CUST001691,Auto Loan,40375.65,10.18,36,659,1304531.17,0,95.96,6.38,0.06,0,0.4,40375.65,969.02,1
LN001692,CUST001692,Mortgage,44753.11,6.27,240,803,1878334.96,60,70.25,8.66,0.05,0,0.25,44753.11,559.41,2
LN001693,CUST001693,Auto Loan,20997.97,11.71,36,661,2148153.52,0,83.51,8.58,0.09,0,0.4,20997.97,755.93,1
LN001694,CUST001694,Auto Loan,59570.91,9.47,120,723,1296941.19,0,89.61,4.32,0.06,0,0.4,59570.91,1429.7,1
LN001695,CUST001695,Auto Loan,156263.51,10.93,240,738,2016372.48,0,52.23,8.59,0.05,0,0.25,156263.51,1953.29,1
LN001696,CUST001696,Auto Loan,17934.15,8.78,360,770,1335967.94,60,53.09,7.42,0.05,0,0.25,17934.15,224.18,2
LN001697,CUST001697,Auto Loan,28628.81,7.9,120,798,1119615.98,0,85.52,3.11,0.06,0,0.4,28628.81,687.09,1
LN001698,CUST001698,Auto Loan,42707.3,11.84,240,601,1433704.39,30,85.2,4.44,0.12,0,0.4,42707.3,2049.95,2
LN001699,CUST001699,Structured Credit,62974.45,9.07,120,711,1770673.16,0,43.61,5.48,0.02,0,0.35,62974.45,440.82,1
LN001700,CUST001700,Mortgage,24546.33,11.07,240,584,1885484.63,90,59.35,6.5,0.23,1,0.25,24546.33,1411.41,3
LN001701,CUST001701,Structured Credit,4998.43,11.67,240,586,1052656.61,30,63.91,7.21,0.11,0,0.35,4998.43,192.44,2
LN001702,CUST001702,Mortgage,94035.97,9.73,60,660,1535470.57,0,89.74,4.26,0.06,0,0.4,94035.97,2256.86,1
LN001703,CUST001703,Auto Loan,61843.01,8.84,120,726,2297209.47,30,65.31,8.02,0.05,0,0.25,61843.01,773.04,2
LN001704,CUST001704,Mortgage,10720.75,5.02,60,558,2446704.03,60,95.56,8.07,0.15,0,0.4,10720.75,643.24,2
LN001705,CUST001705,Mortgage,23734.9,5.28,360,824,761308.21,0,99.8,6.81,0.06,0,0.4,23734.9,569.64,1
LN001706,CUST001706,Auto Loan,108850.18,6.41,240,670,683870.12,0,86.84,8.53,0.09,0,0.4,108850.18,3918.61,1
LN001707,CUST001707,Mortgage,100053.22,6.3,48,654,1772542.68,0,79.98,7.88,0.05,0,0.25,100053.22,1250.67,1
LN001708,CUST001708,Auto Loan,70055.85,6.78,240,705,1183038.74,0,63.51,4.33,0.02,0,0.25,70055.85,350.28,1
LN001709,CUST001709,Mortgage,32103.53,7.13,48,575,304500.26,30,44.02,7.79,0.11,0,0.25,32103.53,882.85,2
LN001710,CUST001710,Mortgage,38487.59,7.52,48,845,1030439.21,0,74.39,8.72,0.05,0,0.25,38487.59,481.09,1
LN001711,CUST001711,Auto Loan,33135.22,7.94,48,574,2065175.67,30,61.7,3.83,0.08,0,0.25,33135.22,662.7,2
LN001712,CUST001712,Auto Loan,79998.87,5.69,48,618,2044210.59,120,61.05,8.87,0.26,1,0.25,79998.87,5199.93,3
LN001713,CUST001713,Mortgage,19671.19,5.3,120,700,1363041.58,0,81.26,3.15,0.06,0,0.4,19671.19,472.11,1
LN001714,CUST001714,Mortgage,20659.7,9.72,180,614,1313300.35,0,67.82,6.13,0.08,0,0.25,20659.7,413.19,1
LN001715,CUST001715,Auto Loan,73658.31,8.76,120,699,1553891.75,120,85.13,7.64,0.24,1,0.4,73658.31,7071.2,3
LN001716,CUST001716,Structured Credit,35205.13,8.11,360,794,743642.6,30,63.89,7.74,0.05,0,0.35,35205.13,616.09,2
LN001717,CUST001717,Auto Loan,95313.54,9.44,180,607,1433598.16,120,49.05,7.41,0.26,0,0.25,95313.54,6195.38,3
LN001718,CUST001718,Mortgage,22695.94,10.79,120,705,274854.31,60,67.68,6.18,0.02,0,0.25,22695.94,113.48,2
LN001719,CUST001719,Structured Credit,34949.35,7.99,360,661,1320009.0,60,97.06,6.91,0.06,0,0.5,34949.35,1048.48,2
LN001720,CUST001720,Auto Loan,19040.26,9.49,48,672,1006114.85,90,88.09,7.2,0.24,0,0.4,19040.26,1827.86,3
LN001721,CUST001721,Auto Loan,36503.15,11.68,36,752,1768456.61,60,52.34,5.97,0.02,0,0.25,36503.15,182.52,2
LN001722,CUST001722,Auto Loan,12900.45,10.88,240,553,1686295.56,0,63.48,6.57,0.08,0,0.25,12900.45,258.01,1
LN001723,CUST001723,Auto Loan,25813.6,7.98,180,678,1106880.73,0,95.67,8.08,0.09,0,0.4,25813.6,929.29,1
LN001724,CUST001724,Auto Loan,13288.07,9.51,36,575,266364.21,0,47.42,4.88,0.08,0,0.25,13288.07,265.76,1
LN001725,CUST001725,Mortgage,59026.76,6.24,48,838,817615.67,120,55.24,6.14,0.17,0,0.25,59026.76,2508.64,3
LN001726,CUST001726,Auto Loan,59970.77,8.92,180,576,1675032.66,60,55.73,3.05,0.08,0,0.25,59970.77,1199.42,2
LN001727,CUST001727,Mortgage,10816.37,11.87,36,591,412840.02,120,74.26,7.12,0.26,0,0.25,10816.37,703.06,3
LN001728,CUST001728,Structured Credit,92385.01,8.63,120,620,492195.45,0,64.64,4.17,0.08,0,0.35,92385.01,2586.78,1
LN001729,CUST001729,Structured Credit,208603.5,11.49,360,613,1705828.81,0,44.79,5.89,0.08,0,0.35,208603.5,5840.9,1
LN001730,CUST001730,Mortgage,37504.06,7.85,48,574,1950476.65,30,77.75,4.26,0.08,0,0.25,37504.06,750.08,2
LN001731,CUST001731,Auto Loan,23184.05,11.99,120,621,973486.84,0,45.94,3.14,0.08,0,0.25,23184.05,463.68,1
LN001732,CUST001732,Mortgage,262244.2,9.05,120,817,1351764.4,0,76.38,5.9,0.02,0,0.25,262244.2,1311.22,1
LN001733,CUST001733,Mortgage,14425.06,5.3,48,644,2377850.57,0,70.42,5.55,0.08,0,0.25,14425.06,288.5,1
LN001734,CUST001734,Mortgage,36830.24,9.11,180,666,2377473.01,0,69.62,5.55,0.02,0,0.25,36830.24,184.15,1
LN001735,CUST001735,Auto Loan,41181.14,6.92,240,713,941881.24,60,44.05,4.25,0.02,0,0.25,41181.14,205.91,2
LN001736,CUST001736,Structured Credit,93116.19,5.23,60,827,2072472.72,30,78.35,8.68,0.05,0,0.35,93116.19,1629.53,2
LN001737,CUST001737,Mortgage,46714.85,10.75,60,614,1586374.12,0,65.88,3.02,0.08,0,0.25,46714.85,934.3,1
LN001738,CUST001738,Auto Loan,25615.59,6.93,240,809,2444840.11,120,64.67,8.35,0.2,1,0.25,25615.59,1280.78,3
LN001739,CUST001739,Auto Loan,18660.62,10.58,48,777,1324630.53,90,75.79,7.42,0.2,1,0.25,18660.62,933.03,3
LN001740,CUST001740,Mortgage,28587.5,7.02,60,749,1993090.45,0,76.37,4.03,0.02,0,0.25,28587.5,142.94,1
LN001741,CUST001741,Structured Credit,17946.51,6.36,240,769,1978308.54,60,40.9,5.83,0.02,0,0.35,17946.51,125.63,2
LN001742,CUST001742,Mortgage,37551.84,11.82,36,729,1369223.95,90,47.51,8.93,0.2,0,0.25,37551.84,1877.59,3
LN001743,CUST001743,Mortgage,24466.56,7.53,240,777,2040167.76,90,54.19,6.86,0.17,1,0.25,24466.56,1039.83,3
LN001744,CUST001744,Auto Loan,12761.31,9.21,180,801,837340.75,0,80.68,3.76,0.06,0,0.4,12761.31,306.27,1
LN001745,CUST001745,Mortgage,87430.73,9.27,360,848,525069.33,0,74.6,5.75,0.02,0,0.25,87430.73,437.15,1
LN001746,CUST001746,Mortgage,25632.83,8.92,240,553,1206618.43,120,85.46,5.81,0.27,1,0.4,25632.83,2768.35,3
LN001747,CUST001747,Auto Loan,14947.57,11.4,120,690,2373168.98,0,84.44,7.81,0.09,0,0.4,14947.57,538.11,1
LN001748,CUST001748,Auto Loan,32280.5,9.72,120,715,1376675.37,30,91.19,8.5,0.09,0,0.4,32280.5,1162.1,2
LN001749,CUST001749,Mortgage,38095.83,7.83,360,803,1679333.06,0,62.61,3.49,0.02,0,0.25,38095.83,190.48,1
LN001750,CUST001750,Auto Loan,10694.38,11.04,48,702,1654365.53,0,60.7,4.88,0.02,0,0.25,10694.38,53.47,1
LN001751,CUST001751,Mortgage,45805.22,6.27,120,616,548288.95,0,89.86,4.79,0.12,0,0.4,45805.22,2198.65,1
LN001752,CUST001752,Auto Loan,17448.16,8.81,36,604,1128167.99,120,54.26,8.98,0.26,0,0.25,17448.16,1134.13,3
LN001753,CUST001753,Auto Loan,120297.14,11.65,240,645,1840612.69,0,67.67,6.36,0.08,0,0.25,120297.14,2405.94,1
LN001754,CUST001754,Auto Loan,52405.79,9.38,360,716,2436977.72,120,51.66,8.28,0.2,0,0.25,52405.79,2620.29,3
LN001755,CUST001755,Structured Credit,27448.59,10.72,36,611,628039.91,0,94.83,5.56,0.12,0,0.5,27448.59,1646.92,1
LN001756,CUST001756,Structured Credit,21555.42,9.57,48,723,1173494.25,120,64.47,7.34,0.2,0,0.35,21555.42,1508.88,3
LN001757,CUST001757,Structured Credit,33742.81,10.88,120,802,463961.05,90,52.75,4.72,0.17,0,0.35,33742.81,2007.7,3
LN001758,CUST001758,Mortgage,55767.89,11.61,360,661,795347.03,30,81.52,8.47,0.09,0,0.4,55767.89,2007.64,2
LN001759,CUST001759,Auto Loan,35673.17,6.91,60,764,1097708.52,0,54.68,5.73,0.02,0,0.25,35673.17,178.37,1
LN001760,CUST001760,Mortgage,31194.24,6.19,240,788,1466447.31,30,96.61,7.82,0.09,0,0.4,31194.24,1122.99,2
LN001761,CUST001761,Mortgage,37830.06,8.39,60,776,768775.49,120,62.06,4.53,0.17,0,0.25,37830.06,1607.78,3
LN001762,CUST001762,Structured Credit,23796.62,9.91,180,779,762015.99,30,79.88,7.16,0.05,0,0.35,23796.62,416.44,2
LN001763,CUST001763,Auto Loan,28559.81,6.59,48,782,2000117.45,0,60.71,5.43,0.02,0,0.25,28559.81,142.8,1
LN001764,CUST001764,Mortgage,8433.32,5.03,180,712,2415943.74,90,88.43,3.19,0.21,0,0.4,8433.32,708.4,3
LN001765,CUST001765,Auto Loan,71797.75,7.4,60,675,978129.18,30,93.82,5.48,0.06,0,0.4,71797.75,1723.15,2
LN001766,CUST001766,Auto Loan,44763.95,11.78,60,802,1797982.04,0,87.28,6.3,0.06,0,0.4,44763.95,1074.33,1
LN001767,CUST001767,Mortgage,21132.79,9.86,60,748,830681.04,30,90.91,3.91,0.06,0,0.4,21132.79,507.19,2
LN001768,CUST001768,Mortgage,137188.95,7.81,180,746,2337892.57,120,46.11,4.1,0.17,0,0.25,137188.95,5830.53,3
LN001769,CUST001769,Auto Loan,38596.29,6.35,360,671,1764030.31,0,95.44,5.79,0.06,0,0.4,38596.29,926.31,1
LN001770,CUST001770,Auto Loan,17583.21,7.49,48,813,2056022.92,60,77.46,5.06,0.02,0,0.25,17583.21,87.92,2
LN001771,CUST001771,Mortgage,66152.38,6.19,240,603,361046.6,0,92.15,5.64,0.12,0,0.4,66152.38,3175.31,1
LN001772,CUST001772,Mortgage,47984.52,5.74,360,684,1596638.43,30,81.07,5.76,0.06,0,0.4,47984.52,1151.63,2
LN001773,CUST001773,Structured Credit,47868.17,11.35,240,700,1437127.75,0,52.11,3.84,0.02,0,0.35,47868.17,335.08,1
LN001774,CUST001774,Structured Credit,26956.27,11.98,36,649,909243.04,120,76.57,4.09,0.23,1,0.35,26956.27,2169.98,3
LN001775,CUST001775,Mortgage,49778.93,6.15,36,783,840467.47,0,45.46,8.09,0.05,0,0.25,49778.93,622.24,1
LN001776,CUST001776,Auto Loan,30235.41,5.38,60,581,1555055.81,0,81.74,3.98,0.12,0,0.4,30235.41,1451.3,1
LN001777,CUST001777,Mortgage,53592.21,7.31,48,611,1839592.68,0,64.54,7.0,0.08,0,0.25,53592.21,1071.84,1
LN001778,CUST001778,Mortgage,9571.44,8.23,48,745,324638.7,0,49.1,5.51,0.02,0,0.25,9571.44,47.86,1
LN001779,CUST001779,Auto Loan,26803.52,6.43,120,579,1526653.56,0,98.75,8.81,0.15,0,0.4,26803.52,1608.21,1
LN001780,CUST001780,Structured Credit,121237.73,7.11,120,792,633533.94,60,94.07,3.4,0.06,0,0.5,121237.73,3637.13,2
LN001781,CUST001781,Auto Loan,21227.5,6.41,360,655,565816.15,90,93.61,7.98,0.24,0,0.4,21227.5,2037.84,3
LN001782,CUST001782,Structured Credit,23796.96,10.42,180,844,1652018.85,0,87.33,5.95,0.06,0,0.5,23796.96,713.91,1
LN001783,CUST001783,Mortgage,26540.5,9.99,120,682,949457.76,60,81.52,3.03,0.06,0,0.4,26540.5,636.97,2
LN001784,CUST001784,Mortgage,15516.13,9.44,360,571,1241980.52,90,79.3,4.58,0.23,0,0.25,15516.13,892.18,3
LN001785,CUST001785,Mortgage,7740.36,7.71,240,705,1059997.32,0,46.37,5.45,0.02,0,0.25,7740.36,38.7,1
LN001786,CUST001786,Structured Credit,30902.41,11.36,240,763,1708756.72,30,94.03,4.89,0.06,0,0.5,30902.41,927.07,2
LN001787,CUST001787,Mortgage,39938.72,11.79,360,775,1307769.47,30,92.87,5.17,0.06,0,0.4,39938.72,958.53,2
LN001788,CUST001788,Mortgage,35005.01,6.22,180,834,2417781.99,120,84.87,8.5,0.24,0,0.4,35005.01,3360.48,3
LN001789,CUST001789,Auto Loan,32813.16,6.56,36,720,1042861.21,0,95.64,5.17,0.06,0,0.4,32813.16,787.52,1
LN001790,CUST001790,Mortgage,37426.29,8.68,60,591,1915639.77,0,73.19,5.51,0.08,0,0.25,37426.29,748.53,1
LN001791,CUST001791,Auto Loan,74309.12,5.64,48,609,828908.28,120,66.86,7.57,0.26,0,0.25,74309.12,4830.09,3
LN001792,CUST001792,Mortgage,31783.03,8.06,36,626,1394694.46,30,98.08,7.76,0.15,0,0.4,31783.03,1906.98,2
LN001793,CUST001793,Mortgage,24297.83,9.07,360,751,1493281.94,120,67.85,3.5,0.17,0,0.25,24297.83,1032.66,3
LN001794,CUST001794,Mortgage,29828.28,8.65,240,769,990495.88,60,78.48,7.22,0.05,0,0.25,29828.28,372.85,2
LN001795,CUST001795,Auto Loan,54477.48,7.32,36,736,1311506.19,90,62.38,5.9,0.17,0,0.25,54477.48,2315.29,3
LN001796,CUST001796,Auto Loan,97579.12,8.8,180,645,878376.94,30,78.18,3.8,0.08,0,0.25,97579.12,1951.58,2
LN001797,CUST001797,Mortgage,23395.51,11.71,60,761,263501.76,0,83.21,4.59,0.06,0,0.4,23395.51,561.49,1
LN001798,CUST001798,Auto Loan,38919.62,6.44,240,811,735208.68,0,77.48,3.27,0.02,0,0.25,38919.62,194.6,1
LN001799,CUST001799,Auto Loan,46020.87,9.58,180,626,1825144.39,0,70.87,5.16,0.08,0,0.25,46020.87,920.42,1
LN001800,CUST001800,Auto Loan,18127.68,5.3,360,580,1984666.81,90,58.01,4.53,0.23,0,0.25,18127.68,1042.34,3
LN001801,CUST001801,Structured Credit,36838.25,5.46,36,588,880456.45,0,78.63,5.29,0.08,0,0.35,36838.25,1031.47,1
LN001802,CUST001802,Mortgage,13017.22,8.86,48,763,1168096.75,120,94.51,6.48,0.21,0,0.4,13017.22,1093.45,3
LN001803,CUST001803,Auto Loan,10526.64,5.73,120,675,334072.74,90,40.41,7.39,0.2,0,0.25,10526.64,526.33,3
LN001804,CUST001804,Auto Loan,46944.55,5.16,180,714,783391.53,120,48.04,6.63,0.17,0,0.25,46944.55,1995.14,3
LN001805,CUST001805,Auto Loan,27758.23,6.2,240,795,2003243.39,0,47.19,7.07,0.05,0,0.25,27758.23,346.98,1
LN001806,CUST001806,Mortgage,41839.51,8.95,36,658,1613469.11,90,95.39,8.19,0.24,1,0.4,41839.51,4016.59,3
LN001807,CUST001807,Mortgage,35863.43,9.92,120,637,712983.67,0,79.76,8.24,0.11,1,0.25,35863.43,986.24,1
LN001808,CUST001808,Auto Loan,18334.14,6.42,120,749,829244.49,90,97.11,8.16,0.24,0,0.4,18334.14,1760.08,3
LN001809,CUST001809,Auto Loan,35183.13,9.68,36,820,2087804.55,0,74.97,3.92,0.02,0,0.25,35183.13,175.92,1
LN001810,CUST001810,Auto Loan,15318.69,6.28,60,600,720439.46,0,67.7,4.51,0.08,0,0.25,15318.69,306.37,1
LN001811,CUST001811,Mortgage,96151.53,9.29,36,747,1001854.88,60,87.54,6.01,0.06,0,0.4,96151.53,2307.64,2
LN001812,CUST001812,Mortgage,14056.23,7.88,240,572,1744807.06,60,49.66,5.15,0.08,0,0.25,14056.23,281.12,2
LN001813,CUST001813,Auto Loan,31664.46,9.58,360,702,1512502.87,0,62.88,3.79,0.02,0,0.25,31664.46,158.32,1
LN001814,CUST001814,Auto Loan,17507.94,11.97,48,772,1286957.96,0,67.98,4.73,0.02,0,0.25,17507.94,87.54,1
LN001815,CUST001815,Auto Loan,54138.17,11.56,240,770,2274417.45,120,57.91,8.85,0.2,0,0.25,54138.17,2706.91,3
LN001816,CUST001816,Structured Credit,28796.18,5.03,360,700,744348.54,120,62.28,5.08,0.17,1,0.35,28796.18,1713.37,3
LN001817,CUST001817,Auto Loan,25258.89,11.2,120,815,1918194.75,0,44.69,5.51,0.02,0,0.25,25258.89,126.29,1
LN001818,CUST001818,Mortgage,65988.85,5.47,48,622,607893.64,120,51.88,3.04,0.23,0,0.25,65988.85,3794.36,3
LN001819,CUST001819,Mortgage,37071.41,11.67,180,626,1635401.13,30,60.13,7.32,0.11,0,0.25,37071.41,1019.46,2
LN001820,CUST001820,Auto Loan,52138.09,6.97,120,581,2208903.02,30,87.75,5.48,0.12,0,0.4,52138.09,2502.63,2
LN001821,CUST001821,Auto Loan,18271.03,7.67,60,614,1280279.02,0,50.95,3.62,0.08,0,0.25,18271.03,365.42,1
LN001822,CUST001822,Auto Loan,13583.73,5.64,36,567,1879662.64,0,60.8,8.81,0.11,0,0.25,13583.73,373.55,1
LN001823,CUST001823,Mortgage,39145.69,5.79,180,713,2095885.04,60,43.9,7.66,0.05,0,0.25,39145.69,489.32,2
LN001824,CUST001824,Mortgage,29050.98,10.09,240,836,556059.46,0,73.43,7.36,0.05,0,0.25,29050.98,363.14,1
LN001825,CUST001825,Mortgage,56303.07,11.61,48,603,1838110.51,0,76.68,8.75,0.11,0,0.25,56303.07,1548.33,1
LN001826,CUST001826,Mortgage,34339.93,9.28,180,612,2319642.3,60,91.93,5.44,0.12,0,0.4,34339.93,1648.32,2
LN001827,CUST001827,Auto Loan,41921.44,10.01,60,806,1546833.87,0,89.15,7.31,0.09,0,0.4,41921.44,1509.17,1
LN001828,CUST001828,Structured Credit,11656.65,10.33,36,788,668775.05,90,57.12,4.24,0.17,0,0.35,11656.65,693.57,3
LN001829,CUST001829,Mortgage,136203.57,6.84,180,558,535620.7,0,48.22,7.18,0.11,0,0.25,136203.57,3745.6,1
LN001830,CUST001830,Auto Loan,32371.4,5.32,240,669,834404.49,0,49.36,3.08,0.02,0,0.25,32371.4,161.86,1
LN001831,CUST001831,Structured Credit,59178.34,5.01,48,639,482904.86,30,98.14,3.76,0.12,0,0.5,59178.34,3550.7,2
LN001832,CUST001832,Mortgage,20226.24,7.45,180,724,1405136.66,0,80.39,5.55,0.06,0,0.4,20226.24,485.43,1
LN001833,CUST001833,Mortgage,45053.54,6.69,36,552,406835.54,60,42.55,3.07,0.08,0,0.25,45053.54,901.07,2
LN001834,CUST001834,Mortgage,14588.79,5.44,240,679,752660.41,0,48.21,5.77,0.02,0,0.25,14588.79,72.94,1
LN001835,CUST001835,Structured Credit,49833.74,6.26,180,603,1239798.5,0,69.15,6.14,0.08,0,0.35,49833.74,1395.34,1
LN001836,CUST001836,Mortgage,28305.69,5.87,48,842,1316308.19,120,52.47,6.73,0.17,0,0.25,28305.69,1202.99,3
LN001837,CUST001837,Auto Loan,37065.18,11.4,36,733,1522146.59,60,88.22,3.6,0.06,0,0.4,37065.18,889.56,2
LN001838,CUST001838,Auto Loan,59194.38,5.98,60,773,1837633.67,0,74.39,4.09,0.02,0,0.25,59194.38,295.97,1
LN001839,CUST001839,Structured Credit,15324.71,8.76,60,561,356264.44,90,76.76,6.68,0.23,0,0.35,15324.71,1233.64,3
LN001840,CUST001840,Auto Loan,22490.67,9.15,120,744,431397.14,120,67.77,6.95,0.17,0,0.25,22490.67,955.85,3
LN001841,CUST001841,Auto Loan,50017.44,8.8,180,796,386933.09,0,55.36,3.16,0.02,0,0.25,50017.44,250.09,1
LN001842,CUST001842,Mortgage,157748.15,5.69,48,703,1202088.21,60,75.36,6.24,0.02,0,0.25,157748.15,788.74,2
LN001843,CUST001843,Mortgage,32969.64,7.23,180,627,344157.88,60,83.02,7.71,0.15,0,0.4,32969.64,1978.18,2
LN001844,CUST001844,Mortgage,54928.92,5.36,36,689,1928682.85,0,62.26,3.41,0.02,0,0.25,54928.92,274.64,1
LN001845,CUST001845,Structured Credit,33695.51,7.77,120,639,751750.41,120,70.3,5.48,0.23,0,0.35,33695.51,2712.49,3
LN001846,CUST001846,Auto Loan,141431.66,6.32,48,693,2363228.11,0,90.38,4.96,0.06,0,0.4,141431.66,3394.36,1
LN001847,CUST001847,Auto Loan,10688.73,8.93,180,621,1344408.45,120,48.92,8.48,0.26,0,0.25,10688.73,694.77,3
LN001848,CUST001848,Auto Loan,38802.3,9.85,48,726,1254232.94,30,72.71,4.11,0.02,0,0.25,38802.3,194.01,2
LN001849,CUST001849,Structured Credit,11639.03,8.72,36,812,2006212.06,0,60.9,4.91,0.02,0,0.35,11639.03,81.47,1
LN001850,CUST001850,Mortgage,6281.72,8.04,120,820,1854596.46,0,82.17,8.39,0.09,0,0.4,6281.72,226.14,1
LN001851,CUST001851,Auto Loan,44722.12,7.71,48,654,1616445.34,60,41.13,4.98,0.02,0,0.25,44722.12,223.61,2
LN001852,CUST001852,Structured Credit,40040.57,10.89,36,621,2354080.09,0,80.23,6.19,0.12,0,0.5,40040.57,2402.43,1
LN001853,CUST001853,Structured Credit,29750.88,6.54,60,623,1200083.34,0,46.17,3.2,0.08,1,0.35,29750.88,833.02,1
LN001854,CUST001854,Structured Credit,33713.85,10.14,48,692,2069196.27,120,43.89,8.91,0.2,0,0.35,33713.85,2359.97,3
LN001855,CUST001855,Structured Credit,317683.09,10.3,120,611,1105209.13,30,83.48,7.95,0.15,0,0.5,317683.09,23826.23,2
LN001856,CUST001856,Auto Loan,30311.35,7.93,360,695,2136277.77,90,78.42,6.81,0.17,0,0.25,30311.35,1288.23,3
LN001857,CUST001857,Mortgage,51900.67,7.08,240,595,833817.92,0,93.7,3.36,0.12,0,0.4,51900.67,2491.23,1
LN001858,CUST001858,Mortgage,23050.54,8.29,240,778,900850.91,0,71.18,3.45,0.02,0,0.25,23050.54,115.25,1
LN001859,CUST001859,Structured Credit,44652.38,5.65,48,654,1775206.45,120,71.8,6.27,0.17,0,0.35,44652.38,2656.82,3
LN001860,CUST001860,Mortgage,30737.43,5.32,48,658,728604.91,0,82.42,4.71,0.06,0,0.4,30737.43,737.7,1
LN001861,CUST001861,Mortgage,27245.32,5.78,36,670,765596.92,90,59.4,6.74,0.17,0,0.25,27245.32,1157.93,3
LN001862,CUST001862,Mortgage,129732.38,6.31,180,592,936840.47,0,42.21,6.59,0.08,0,0.25,129732.38,2594.65,1
LN001863,CUST001863,Auto Loan,82787.26,8.53,240,648,1777589.73,0,53.8,8.03,0.11,0,0.25,82787.26,2276.65,1
LN001864,CUST001864,Mortgage,39963.53,10.94,180,743,2251123.21,30,54.28,4.69,0.02,0,0.25,39963.53,199.82,2
LN001865,CUST001865,Structured Credit,7237.65,6.65,240,763,1767777.22,120,60.14,6.47,0.17,0,0.35,7237.65,430.64,3
LN001866,CUST001866,Structured Credit,28206.1,11.55,48,778,2112582.05,30,96.61,7.66,0.09,0,0.5,28206.1,1269.27,2
LN001867,CUST001867,Auto Loan,240895.69,11.68,120,734,1473011.33,0,88.29,5.94,0.06,0,0.4,240895.69,5781.5,1
LN001868,CUST001868,Auto Loan,30900.78,11.71,120,661,405077.25,30,96.16,7.98,0.09,0,0.4,30900.78,1112.43,2
LN001869,CUST001869,Auto Loan,78609.85,10.86,360,821,476048.98,0,99.92,3.79,0.06,0,0.4,78609.85,1886.64,1
LN001870,CUST001870,Mortgage,99644.06,7.55,240,651,1497381.95,0,66.03,7.4,0.05,0,0.25,99644.06,1245.55,1
LN001871,CUST001871,Structured Credit,42330.99,5.51,240,759,987552.18,90,53.62,8.66,0.2,0,0.35,42330.99,2963.17,3
LN001872,CUST001872,Auto Loan,20145.27,8.98,36,776,746278.17,30,73.6,4.99,0.02,0,0.25,20145.27,100.73,2
LN001873,CUST001873,Mortgage,6603.01,8.91,48,830,1299078.09,0,92.87,5.2,0.06,0,0.4,6603.01,158.47,1
LN001874,CUST001874,Structured Credit,58624.87,10.95,48,571,1749617.67,120,67.94,3.5,0.23,0,0.35,58624.87,4719.3,3
LN001875,CUST001875,Mortgage,20530.58,11.97,360,797,1116231.88,90,70.32,6.85,0.17,0,0.25,20530.58,872.55,3
LN001876,CUST001876,Mortgage,41081.18,8.56,180,708,2055720.08,0,48.07,6.31,0.02,0,0.25,41081.18,205.41,1
LN001877,CUST001877,Mortgage,15140.46,7.42,36,778,1911677.3,90,65.23,3.24,0.17,0,0.25,15140.46,643.47,3
LN001878,CUST001878,Mortgage,30161.87,6.3,60,736,1903558.48,120,63.22,7.51,0.2,0,0.25,30161.87,1508.09,3
LN001879,CUST001879,Auto Loan,37182.87,5.03,120,692,2466676.8,90,61.1,7.98,0.2,0,0.25,37182.87,1859.14,3
LN001880,CUST001880,Mortgage,43827.45,8.56,120,573,914267.45,0,93.24,8.44,0.15,0,0.4,43827.45,2629.65,1
LN001881,CUST001881,Mortgage,16640.99,8.89,48,690,1700632.57,0,43.56,6.27,0.02,0,0.25,16640.99,83.2,1
LN001882,CUST001882,Structured Credit,83938.33,10.77,360,789,2174826.27,0,98.33,5.72,0.06,0,0.5,83938.33,2518.15,1
LN001883,CUST001883,Mortgage,23912.91,8.53,36,841,1553929.98,120,40.49,8.26,0.2,0,0.25,23912.91,1195.65,3
LN001884,CUST001884,Mortgage,11247.17,11.42,60,631,2026379.9,120,96.74,5.39,0.27,0,0.4,11247.17,1214.69,3
LN001885,CUST001885,Auto Loan,33647.15,9.4,120,597,1182517.42,0,72.88,6.93,0.08,0,0.25,33647.15,672.94,1
LN001886,CUST001886,Mortgage,37199.95,10.88,36,720,1578605.53,0,82.15,6.69,0.06,0,0.4,37199.95,892.8,1
LN001887,CUST001887,Auto Loan,40636.12,6.04,60,811,375249.38,120,51.23,5.23,0.17,0,0.25,40636.12,1727.04,3
LN001888,CUST001888,Auto Loan,94229.89,10.99,240,617,2467977.11,90,79.25,3.52,0.23,0,0.25,94229.89,5418.22,3
LN001889,CUST001889,Mortgage,30775.86,9.73,48,563,2050041.58,30,92.92,3.13,0.12,0,0.4,30775.86,1477.24,2
LN001890,CUST001890,Structured Credit,33398.5,6.19,180,579,2204820.41,0,48.37,5.57,0.08,0,0.35,33398.5,935.16,1
LN001891,CUST001891,Auto Loan,16777.11,6.33,120,659,1812162.13,90,47.62,5.89,0.17,0,0.25,16777.11,713.03,3
LN001892,CUST001892,Mortgage,64497.87,11.49,120,761,668612.57,0,58.24,7.94,0.05,1,0.25,64497.87,806.22,1
LN001893,CUST001893,Structured Credit,41316.46,5.23,60,813,319814.0,0,49.7,5.49,0.02,0,0.35,41316.46,289.22,1
LN001894,CUST001894,Auto Loan,27064.57,8.24,180,751,2195477.37,90,46.64,4.69,0.17,0,0.25,27064.57,1150.24,3
LN001895,CUST001895,Mortgage,9573.25,7.19,240,633,1141743.97,0,80.7,5.77,0.12,0,0.4,9573.25,459.52,1
LN001896,CUST001896,Mortgage,99816.48,9.66,36,602,843695.97,30,52.83,4.43,0.08,0,0.25,99816.48,1996.33,2
LN001897,CUST001897,Mortgage,15376.94,10.88,48,805,1513764.16,90,80.02,3.55,0.21,1,0.4,15376.94,1291.66,3
LN001898,CUST001898,Auto Loan,24007.11,7.52,36,623,1197021.68,60,91.72,3.68,0.12,0,0.4,24007.11,1152.34,2
LN001899,CUST001899,Auto Loan,46669.27,7.99,60,769,1716248.49,0,79.12,4.91,0.02,0,0.25,46669.27,233.35,1
LN001900,CUST001900,Mortgage,15715.61,11.87,120,692,1338534.77,90,47.16,3.08,0.17,0,0.25,15715.61,667.91,3
LN001901,CUST001901,Mortgage,12766.03,10.49,240,649,1818774.57,120,74.41,4.32,0.23,1,0.25,12766.03,734.05,3
LN001902,CUST001902,Auto Loan,8211.05,11.28,120,678,2170202.36,90,63.62,7.73,0.2,0,0.25,8211.05,410.55,3
LN001903,CUST001903,Mortgage,60156.08,8.07,36,768,690003.27,0,60.6,4.41,0.02,0,0.25,60156.08,300.78,1
LN001904,CUST001904,Auto Loan,24794.31,6.64,240,820,991223.98,90,59.11,3.66,0.17,0,0.25,24794.31,1053.76,3
LN001905,CUST001905,Mortgage,281838.38,7.88,360,571,1232835.07,0,95.77,8.69,0.15,0,0.4,281838.38,16910.3,1
LN001906,CUST001906,Auto Loan,18105.15,10.01,48,727,2414631.51,90,84.55,6.73,0.21,0,0.4,18105.15,1520.83,3
LN001907,CUST001907,Structured Credit,19053.08,5.77,60,597,1072000.63,60,48.03,3.36,0.08,0,0.35,19053.08,533.49,2
LN001908,CUST001908,Auto Loan,24446.07,6.89,48,666,1107474.66,90,68.56,3.37,0.17,0,0.25,24446.07,1038.96,3
LN001909,CUST001909,Auto Loan,43053.3,5.33,60,728,1720313.18,120,59.09,6.67,0.17,0,0.25,43053.3,1829.77,3
LN001910,CUST001910,Auto Loan,26130.48,8.03,48,822,1193199.35,120,98.68,6.24,0.21,0,0.4,26130.48,2194.96,3
LN001911,CUST001911,Auto Loan,55749.99,10.79,360,728,2390253.43,0,98.68,3.41,0.06,0,0.4,55749.99,1338.0,1
LN001912,CUST001912,Structured Credit,18306.07,5.17,36,598,2262554.71,120,59.17,4.35,0.23,0,0.35,18306.07,1473.64,3
LN001913,CUST001913,Structured Credit,13806.38,9.73,180,804,1405169.75,120,61.13,8.57,0.2,0,0.35,13806.38,966.45,3
LN001914,CUST001914,Auto Loan,10313.92,11.53,240,579,1700744.28,30,75.96,6.43,0.08,0,0.25,10313.92,206.28,2
LN001915,CUST001915,Mortgage,7657.94,6.66,60,634,380568.76,90,68.76,5.64,0.23,0,0.25,7657.94,440.33,3
LN001916,CUST001916,Mortgage,25269.46,9.86,36,826,1815393.69,0,52.79,4.5,0.02,0,0.25,25269.46,126.35,1
LN001917,CUST001917,Structured Credit,29416.58,11.83,120,583,1841201.96,120,79.62,3.8,0.23,0,0.35,29416.58,2368.03,3
LN001918,CUST001918,Mortgage,23341.64,11.74,120,647,1058198.42,0,60.05,5.42,0.08,0,0.25,23341.64,466.83,1
LN001919,CUST001919,Auto Loan,86715.16,6.64,48,625,744286.49,0,79.22,8.53,0.11,0,0.25,86715.16,2384.67,1
LN001920,CUST001920,Mortgage,85786.86,5.7,120,724,2308926.4,90,63.02,3.29,0.17,0,0.25,85786.86,3645.94,3
LN001921,CUST001921,Mortgage,28728.3,6.04,180,798,1210086.03,30,82.01,8.95,0.09,0,0.4,28728.3,1034.22,2
LN001922,CUST001922,Auto Loan,10344.97,9.91,60,683,1720838.74,0,80.07,4.25,0.06,0,0.4,10344.97,248.28,1
LN001923,CUST001923,Mortgage,24423.63,10.08,48,727,324989.79,0,70.53,5.45,0.02,0,0.25,24423.63,122.12,1
LN001924,CUST001924,Auto Loan,23863.97,9.72,60,777,1181651.12,0,82.28,3.27,0.06,0,0.4,23863.97,572.74,1
LN001925,CUST001925,Mortgage,22925.51,7.35,60,612,2088832.32,0,67.66,6.51,0.08,0,0.25,22925.51,458.51,1
LN001926,CUST001926,Auto Loan,22283.39,6.19,360,817,1122046.0,90,46.97,5.9,0.17,0,0.25,22283.39,947.04,3
LN001927,CUST001927,Mortgage,22984.51,9.07,36,807,1607112.61,0,50.93,7.0,0.02,0,0.25,22984.51,114.92,1
LN001928,CUST001928,Mortgage,27706.46,8.39,120,693,722175.55,0,54.76,6.26,0.02,0,0.25,27706.46,138.53,1
LN001929,CUST001929,Mortgage,23274.68,10.1,240,601,1187182.71,0,43.79,5.39,0.08,0,0.25,23274.68,465.49,1
LN001930,CUST001930,Auto Loan,42016.84,8.09,60,648,2337184.87,30,82.68,7.43,0.15,1,0.4,42016.84,2521.01,2
LN001931,CUST001931,Mortgage,46735.44,7.37,180,594,1524516.44,0,62.04,3.15,0.08,0,0.25,46735.44,934.71,1
LN001932,CUST001932,Mortgage,19197.75,7.05,360,591,2279345.78,90,45.61,6.25,0.23,1,0.25,19197.75,1103.87,3
LN001933,CUST001933,Mortgage,88410.47,6.48,180,606,2279543.42,120,89.2,3.68,0.27,0,0.4,88410.47,9548.33,3
LN001934,CUST001934,Mortgage,18287.2,6.86,240,582,2374332.55,120,81.02,5.62,0.27,0,0.4,18287.2,1975.02,3
LN001935,CUST001935,Mortgage,11702.29,5.66,120,663,2264631.24,30,67.13,7.75,0.05,0,0.25,11702.29,146.28,2
LN001936,CUST001936,Structured Credit,47407.92,7.43,120,849,257382.54,120,54.85,3.85,0.17,0,0.35,47407.92,2820.77,3
LN001937,CUST001937,Auto Loan,20492.5,5.26,48,663,2351533.51,120,49.1,8.61,0.2,1,0.25,20492.5,1024.62,3
LN001938,CUST001938,Structured Credit,45474.36,6.3,48,605,559283.74,60,67.5,8.33,0.11,0,0.35,45474.36,1750.76,2
LN001939,CUST001939,Mortgage,6750.91,10.23,48,593,339834.07,0,93.11,5.49,0.12,0,0.4,6750.91,324.04,1
LN001940,CUST001940,Auto Loan,96251.43,7.28,120,761,374624.2,0,51.3,3.04,0.02,0,0.25,96251.43,481.26,1
LN001941,CUST001941,Auto Loan,58139.78,9.68,60,583,1035061.44,0,74.12,7.74,0.11,0,0.25,58139.78,1598.84,1
LN001942,CUST001942,Auto Loan,12703.93,10.02,36,819,1646809.19,0,97.7,8.29,0.09,0,0.4,12703.93,457.34,1
LN001943,CUST001943,Mortgage,12898.37,9.07,240,745,1155200.19,90,78.23,4.05,0.17,0,0.25,12898.37,548.18,3
LN001944,CUST001944,Mortgage,117076.88,11.71,360,674,307497.14,90,66.4,8.5,0.2,0,0.25,117076.88,5853.84,3
LN001945,CUST001945,Mortgage,21673.25,5.15,240,628,1322085.93,0,82.98,8.48,0.15,1,0.4,21673.25,1300.4,1
LN001946,CUST001946,Mortgage,20253.25,10.17,240,804,1244794.17,0,89.47,5.83,0.06,0,0.4,20253.25,486.08,1
LN001947,CUST001947,Mortgage,7433.59,11.71,48,694,1952910.85,90,75.43,7.79,0.2,1,0.25,7433.59,371.68,3
LN001948,CUST001948,Auto Loan,28408.83,11.04,36,632,879129.02,60,92.31,5.67,0.12,0,0.4,28408.83,1363.62,2
LN001949,CUST001949,Auto Loan,30964.49,6.18,180,779,739445.14,0,70.88,6.38,0.02,0,0.25,30964.49,154.82,1
LN001950,CUST001950,Mortgage,59924.77,7.29,120,686,825862.65,0,89.8,4.92,0.06,0,0.4,59924.77,1438.19,1
LN001951,CUST001951,Auto Loan,13638.41,6.21,180,576,933414.6,120,97.12,3.96,0.27,0,0.4,13638.41,1472.95,3
LN001952,CUST001952,Auto Loan,12528.98,9.21,48,726,1598120.97,120,70.07,7.48,0.2,0,0.25,12528.98,626.45,3
LN001953,CUST001953,Mortgage,49795.2,9.99,60,756,1310932.34,0,76.3,3.01,0.02,0,0.25,49795.2,248.98,1
LN001954,CUST001954,Mortgage,73475.78,7.22,360,762,1008012.77,0,76.57,6.48,0.02,0,0.25,73475.78,367.38,1
LN001955,CUST001955,Structured Credit,12090.72,8.78,360,586,1092206.86,120,86.89,8.19,0.3,0,0.5,12090.72,1813.61,3
LN001956,CUST001956,Structured Credit,77424.6,9.84,48,842,1084578.24,0,89.38,4.33,0.06,0,0.5,77424.6,2322.74,1
LN001957,CUST001957,Mortgage,37282.5,7.95,36,728,2437915.06,0,41.63,5.0,0.02,0,0.25,37282.5,186.41,1
LN001958,CUST001958,Mortgage,77984.37,10.98,360,709,774243.22,120,84.0,6.52,0.21,0,0.4,77984.37,6550.69,3
LN001959,CUST001959,Mortgage,34573.6,10.4,48,561,2090638.51,0,87.03,4.48,0.12,0,0.4,34573.6,1659.53,1
LN001960,CUST001960,Mortgage,6213.04,5.45,240,718,1843474.38,0,82.03,8.08,0.09,0,0.4,6213.04,223.67,1
LN001961,CUST001961,Auto Loan,32650.74,9.35,60,629,262532.51,0,82.82,5.2,0.12,0,0.4,32650.74,1567.24,1
LN001962,CUST001962,Mortgage,76275.01,6.65,60,563,2484646.49,0,42.48,6.49,0.08,0,0.25,76275.01,1525.5,1
LN001963,CUST001963,Structured Credit,19426.2,8.9,120,603,1951988.58,90,66.52,4.36,0.23,0,0.35,19426.2,1563.81,3
LN001964,CUST001964,Auto Loan,27678.87,11.7,120,803,1785511.57,60,89.09,3.25,0.06,0,0.4,27678.87,664.29,2
LN001965,CUST001965,Mortgage,32103.06,11.15,240,614,1161980.59,0,96.04,4.04,0.12,0,0.4,32103.06,1540.95,1
LN001966,CUST001966,Mortgage,4771.14,7.83,60,607,1499206.95,60,53.77,3.28,0.08,0,0.25,4771.14,95.42,2
LN001967,CUST001967,Auto Loan,117001.65,7.04,240,645,819859.52,0,74.75,5.81,0.08,0,0.25,117001.65,2340.03,1
LN001968,CUST001968,Auto Loan,19322.72,6.64,60,570,329837.66,0,88.26,6.52,0.12,0,0.4,19322.72,927.49,1
LN001969,CUST001969,Auto Loan,51741.47,8.73,36,809,2131048.73,30,85.14,3.27,0.06,0,0.4,51741.47,1241.8,2
LN001970,CUST001970,Auto Loan,34177.03,5.8,48,622,2267090.11,0,77.13,3.54,0.08,0,0.25,34177.03,683.54,1
LN001971,CUST001971,Auto Loan,87582.22,8.84,120,797,615558.93,30,41.12,5.91,0.02,0,0.25,87582.22,437.91,2
LN001972,CUST001972,Structured Credit,48254.25,5.01,36,676,2020876.22,0,83.43,7.8,0.09,0,0.5,48254.25,2171.44,1
LN001973,CUST001973,Auto Loan,30808.72,7.27,360,595,1917593.51,0,86.39,6.77,0.12,0,0.4,30808.72,1478.82,1
LN001974,CUST001974,Mortgage,19429.34,6.54,48,817,651343.75,0,83.37,3.63,0.06,0,0.4,19429.34,466.3,1
LN001975,CUST001975,Auto Loan,63480.97,11.8,120,677,1199114.81,0,85.95,8.33,0.09,0,0.4,63480.97,2285.31,1
LN001976,CUST001976,Structured Credit,9784.86,10.09,360,579,1201205.32,0,65.85,8.5,0.11,1,0.35,9784.86,376.72,1
LN001977,CUST001977,Auto Loan,57075.1,7.45,240,643,1959919.58,30,99.63,4.95,0.12,0,0.4,57075.1,2739.6,2
LN001978,CUST001978,Mortgage,16825.8,5.65,360,773,2134737.04,0,86.25,6.7,0.06,0,0.4,16825.8,403.82,1
LN001979,CUST001979,Structured Credit,87255.73,8.62,36,649,463244.02,0,74.72,5.95,0.08,0,0.35,87255.73,2443.16,1
LN001980,CUST001980,Structured Credit,40656.32,6.49,180,620,1516680.78,60,96.05,8.65,0.15,0,0.5,40656.32,3049.22,2
LN001981,CUST001981,Auto Loan,57004.57,8.76,360,630,1963934.12,90,94.49,6.05,0.27,0,0.4,57004.57,6156.49,3
LN001982,CUST001982,Structured Credit,38460.7,10.85,180,849,2018928.84,60,88.87,8.76,0.09,0,0.5,38460.7,1730.73,2
LN001983,CUST001983,Mortgage,10650.22,9.31,120,657,582985.43,120,73.82,4.2,0.17,1,0.25,10650.22,452.63,3
LN001984,CUST001984,Mortgage,19880.4,9.44,36,651,1432386.57,0,71.63,5.07,0.02,0,0.25,19880.4,99.4,1
LN001985,CUST001985,Auto Loan,58143.68,8.79,360,640,2179507.09,120,59.72,7.69,0.26,1,0.25,58143.68,3779.34,3
LN001986,CUST001986,Auto Loan,40809.05,11.49,48,565,966666.8,90,55.05,7.7,0.26,0,0.25,40809.05,2652.59,3
LN001987,CUST001987,Mortgage,83008.06,11.52,360,659,1206513.02,120,70.74,7.39,0.2,0,0.25,83008.06,4150.4,3
LN001988,CUST001988,Mortgage,48160.39,8.59,48,812,2059806.65,0,74.67,8.16,0.05,0,0.25,48160.39,602.0,1
LN001989,CUST001989,Mortgage,18459.02,7.14,36,709,450968.92,90,54.67,7.22,0.2,0,0.25,18459.02,922.95,3
LN001990,CUST001990,Mortgage,20800.97,8.22,180,802,2183859.9,90,95.36,6.82,0.21,1,0.4,20800.97,1747.28,3
LN001991,CUST001991,Mortgage,39028.29,6.31,36,638,950102.61,120,73.44,5.75,0.23,0,0.25,39028.29,2244.13,3
LN001992,CUST001992,Auto Loan,7188.01,9.45,180,644,253263.21,30,71.59,5.8,0.08,0,0.25,7188.01,143.76,2
LN001993,CUST001993,Mortgage,117173.3,8.5,180,821,776858.08,90,66.14,5.44,0.17,0,0.25,117173.3,4979.87,3
LN001994,CUST001994,Auto Loan,49475.0,5.72,240,796,451376.44,90,43.48,6.72,0.17,0,0.25,49475.0,2102.69,3
LN001995,CUST001995,Mortgage,85727.1,6.38,240,755,457866.04,0,92.94,5.44,0.06,0,0.4,85727.1,2057.45,1
LN001996,CUST001996,Mortgage,12010.99,8.36,48,835,1808880.4,60,59.02,3.88,0.02,0,0.25,12010.99,60.05,2
LN001997,CUST001997,Structured Credit,86785.57,11.21,120,797,731446.76,30,78.55,3.64,0.02,0,0.35,86785.57,607.5,2
LN001998,CUST001998,Auto Loan,173173.5,8.96,60,616,2353170.32,60,76.45,8.55,0.11,1,0.25,173173.5,4762.27,2
LN001999,CUST001999,Auto Loan,14405.79,9.77,36,595,1412000.23,0,75.07,3.15,0.08,0,0.25,14405.79,288.12,1
LN002000,CUST002000,Auto Loan,62316.48,7.37,180,592,1285221.08,120,71.54,3.63,0.23,0,0.25,62316.48,3583.2,3
LN002001,CUST002001,Auto Loan,36343.73,9.0,36,778,1227137.92,0,50.89,5.67,0.02,0,0.25,36343.73,181.72,1
LN002002,CUST002002,Auto Loan,12318.98,8.13,120,850,1808322.19,0,56.84,4.58,0.02,0,0.25,12318.98,61.59,1
LN002003,CUST002003,Structured Credit,51278.09,9.61,120,783,1267591.22,0,71.45,5.44,0.02,0,0.35,51278.09,358.95,1
LN002004,CUST002004,Auto Loan,65089.74,5.35,60,748,539350.8,60,87.36,3.7,0.06,0,0.4,65089.74,1562.15,2
LN002005,CUST002005,Auto Loan,23842.18,8.45,360,581,2230387.41,120,65.92,3.79,0.23,0,0.25,23842.18,1370.93,3
LN002006,CUST002006,Mortgage,82136.81,7.07,60,813,1213889.54,90,52.24,7.8,0.2,0,0.25,82136.81,4106.84,3
LN002007,CUST002007,Mortgage,11308.0,7.28,180,662,416510.3,30,45.28,7.55,0.05,0,0.25,11308.0,141.35,2
LN002008,CUST002008,Mortgage,12754.9,11.73,240,825,1441073.47,30,79.78,3.63,0.02,0,0.25,12754.9,63.77,2
LN002009,CUST002009,Auto Loan,39959.36,6.28,360,695,1706530.43,0,65.4,7.01,0.05,0,0.25,39959.36,499.49,1
LN002010,CUST002010,Mortgage,36966.59,7.18,60,555,870060.54,60,47.52,6.66,0.08,0,0.25,36966.59,739.33,2
LN002011,CUST002011,Auto Loan,21991.22,8.57,240,657,2050765.92,0,80.47,7.28,0.09,0,0.4,21991.22,791.68,1
LN002012,CUST002012,Auto Loan,64004.98,11.04,360,809,1756995.65,120,52.45,5.85,0.17,1,0.25,64004.98,2720.21,3
LN002013,CUST002013,Structured Credit,52660.77,7.92,240,620,1713267.63,90,70.54,4.62,0.23,1,0.35,52660.77,4239.19,3
LN002014,CUST002014,Auto Loan,66217.32,10.21,180,711,1196856.14,60,58.37,6.98,0.02,0,0.25,66217.32,331.09,2
LN002015,CUST002015,Mortgage,33316.38,10.99,48,649,2414309.43,120,95.9,5.23,0.27,1,0.4,33316.38,3598.17,3
LN002016,CUST002016,Mortgage,55370.72,7.17,240,582,866925.63,90,53.7,4.31,0.23,0,0.25,55370.72,3183.82,3
LN002017,CUST002017,Auto Loan,26583.47,7.75,180,692,1549837.38,0,65.2,5.45,0.02,0,0.25,26583.47,132.92,1
LN002018,CUST002018,Structured Credit,152920.44,7.5,60,793,945374.1,60,97.57,7.58,0.09,0,0.5,152920.44,6881.42,2
LN002019,CUST002019,Auto Loan,20562.37,10.83,36,773,1925810.69,60,59.12,5.85,0.02,0,0.25,20562.37,102.81,2
LN002020,CUST002020,Mortgage,158531.44,5.31,60,763,357530.84,0,78.68,4.8,0.02,0,0.25,158531.44,792.66,1
LN002021,CUST002021,Structured Credit,37213.3,7.16,120,669,353261.2,0,59.0,7.99,0.05,0,0.35,37213.3,651.23,1
LN002022,CUST002022,Mortgage,13865.27,9.76,60,717,2074437.18,90,46.64,8.29,0.2,0,0.25,13865.27,693.26,3
LN002023,CUST002023,Structured Credit,94622.97,8.96,48,766,1227103.36,0,77.65,5.6,0.02,0,0.35,94622.97,662.36,1
LN002024,CUST002024,Auto Loan,39661.29,8.05,180,766,1017655.12,60,94.96,5.25,0.06,0,0.4,39661.29,951.87,2
LN002025,CUST002025,Mortgage,65892.96,8.78,240,603,1616935.44,0,67.15,6.68,0.08,0,0.25,65892.96,1317.86,1
LN002026,CUST002026,Auto Loan,85536.56,6.38,120,757,1829273.52,30,77.57,3.35,0.02,0,0.25,85536.56,427.68,2
LN002027,CUST002027,Mortgage,46007.92,8.02,180,629,702703.03,60,76.53,7.15,0.11,0,0.25,46007.92,1265.22,2
LN002028,CUST002028,Structured Credit,23990.94,8.51,180,700,667220.29,0,64.91,7.69,0.05,0,0.35,23990.94,419.84,1
LN002029,CUST002029,Auto Loan,71897.69,11.31,240,604,2405839.18,0,76.89,5.38,0.08,0,0.25,71897.69,1437.95,1
LN002030,CUST002030,Mortgage,36334.71,6.83,360,554,1576744.69,0,55.56,4.05,0.08,0,0.25,36334.71,726.69,1
LN002031,CUST002031,Auto Loan,58694.45,11.07,60,584,1127762.07,120,62.68,3.17,0.23,1,0.25,58694.45,3374.93,3
LN002032,CUST002032,Mortgage,8041.64,9.51,36,668,2053243.81,120,66.54,6.82,0.17,1,0.25,8041.64,341.77,3
LN002033,CUST002033,Mortgage,49656.63,5.14,360,746,1431607.66,0,91.84,4.61,0.06,0,0.4,49656.63,1191.76,1
LN002034,CUST002034,Structured Credit,23225.12,10.07,120,603,793741.32,60,60.9,5.78,0.08,1,0.35,23225.12,650.3,2
LN002035,CUST002035,Mortgage,115533.61,5.25,240,808,715154.44,0,78.11,5.32,0.02,0,0.25,115533.61,577.67,1
LN002036,CUST002036,Auto Loan,56171.3,11.98,48,811,1142933.35,0,52.8,4.05,0.02,0,0.25,56171.3,280.86,1
LN002037,CUST002037,Auto Loan,42954.66,11.11,48,551,2184765.69,0,55.15,6.05,0.08,0,0.25,42954.66,859.09,1
LN002038,CUST002038,Auto Loan,51042.66,7.08,36,631,388257.81,120,78.91,5.76,0.23,1,0.25,51042.66,2934.95,3
LN002039,CUST002039,Auto Loan,18053.44,6.8,36,554,741683.5,0,85.74,6.74,0.12,0,0.4,18053.44,866.57,1
LN002040,CUST002040,Auto Loan,113128.51,7.67,60,723,2259591.59,120,67.73,4.51,0.17,1,0.25,113128.51,4807.96,3
LN002041,CUST002041,Structured Credit,146379.71,7.49,48,688,523902.78,0,60.11,4.29,0.02,0,0.35,146379.71,1024.66,1
LN002042,CUST002042,Mortgage,47812.36,7.61,120,742,1666657.87,0,94.62,7.89,0.09,0,0.4,47812.36,1721.24,1
LN002043,CUST002043,Mortgage,110556.56,7.23,240,687,730400.58,30,48.15,7.21,0.05,0,0.25,110556.56,1381.96,2
LN002044,CUST002044,Auto Loan,24381.9,9.35,36,846,1613200.41,0,83.24,7.63,0.09,0,0.4,24381.9,877.75,1
LN002045,CUST002045,Structured Credit,20785.7,6.15,36,665,1111984.38,90,81.41,3.74,0.21,1,0.5,20785.7,2182.5,3
LN002046,CUST002046,Mortgage,37370.89,10.92,36,593,478773.02,0,81.41,4.34,0.12,0,0.4,37370.89,1793.8,1
LN002047,CUST002047,Auto Loan,49239.86,10.69,240,838,1560568.9,0,96.13,6.45,0.06,0,0.4,49239.86,1181.76,1
LN002048,CUST002048,Mortgage,27562.44,8.34,120,768,1786846.18,0,83.69,8.14,0.09,0,0.4,27562.44,992.25,1
LN002049,CUST002049,Mortgage,52914.77,10.97,48,605,1780613.39,0,58.09,8.35,0.11,1,0.25,52914.77,1455.16,1
LN002050,CUST002050,Auto Loan,45002.47,6.73,360,791,1683327.42,0,61.2,7.99,0.05,0,0.25,45002.47,562.53,1
LN002051,CUST002051,Mortgage,18055.13,5.12,120,807,1375505.76,60,63.47,3.26,0.02,0,0.25,18055.13,90.28,2
LN002052,CUST002052,Mortgage,52216.57,9.33,240,550,1418813.39,60,41.85,7.93,0.11,0,0.25,52216.57,1435.96,2
LN002053,CUST002053,Auto Loan,66467.59,8.21,120,838,1680190.25,0,94.81,8.39,0.09,0,0.4,66467.59,2392.83,1
LN002054,CUST002054,Structured Credit,40946.78,8.97,60,652,1803083.56,60,44.41,3.34,0.02,0,0.35,40946.78,286.63,2
LN002055,CUST002055,Structured Credit,81377.47,11.3,360,841,1723472.66,0,81.99,5.5,0.06,0,0.5,81377.47,2441.32,1
LN002056,CUST002056,Mortgage,15487.95,11.79,240,698,1570627.52,90,83.81,6.22,0.21,1,0.4,15487.95,1300.99,3
LN002057,CUST002057,Mortgage,50390.87,9.44,360,633,600637.72,0,90.62,4.4,0.12,0,0.4,50390.87,2418.76,1
LN002058,CUST002058,Mortgage,16007.35,10.35,360,575,723887.21,30,73.2,6.1,0.08,0,0.25,16007.35,320.15,2
LN002059,CUST002059,Mortgage,16649.63,5.59,36,724,835504.05,90,83.52,8.32,0.24,0,0.4,16649.63,1598.36,3
LN002060,CUST002060,Mortgage,23349.91,6.13,48,772,2319238.73,30,58.16,8.2,0.05,0,0.25,23349.91,291.87,2
LN002061,CUST002061,Auto Loan,18780.19,10.13,360,678,1958638.96,0,84.74,8.64,0.09,0,0.4,18780.19,676.09,1
LN002062,CUST002062,Mortgage,24745.6,8.02,60,691,1493950.34,0,60.6,5.9,0.02,0,0.25,24745.6,123.73,1
LN002063,CUST002063,Structured Credit,31260.01,8.12,60,847,817128.09,0,94.17,5.46,0.06,0,0.5,31260.01,937.8,1
LN002064,CUST002064,Mortgage,65251.75,7.16,240,684,499505.93,30,49.8,6.99,0.02,0,0.25,65251.75,326.26,2
LN002065,CUST002065,Auto Loan,29003.99,9.25,180,604,2272208.26,90,58.95,5.5,0.23,0,0.25,29003.99,1667.73,3
LN002066,CUST002066,Mortgage,11968.84,6.3,36,605,2258498.54,60,69.93,3.25,0.08,1,0.25,11968.84,239.38,2
LN002067,CUST002067,Auto Loan,80663.99,9.39,48,625,499065.09,30,86.55,7.32,0.15,0,0.4,80663.99,4839.84,2
LN002068,CUST002068,Auto Loan,20212.1,6.22,48,681,2043737.5,120,84.93,4.69,0.21,0,0.4,20212.1,1697.82,3
LN002069,CUST002069,Auto Loan,34853.04,5.45,48,591,1254951.41,0,52.64,3.29,0.08,0,0.25,34853.04,697.06,1
LN002070,CUST002070,Auto Loan,49641.16,7.31,240,659,978925.6,90,48.65,3.12,0.17,0,0.25,49641.16,2109.75,3
LN002071,CUST002071,Mortgage,41761.38,6.62,36,619,1912985.21,0,58.24,8.59,0.11,0,0.25,41761.38,1148.44,1
LN002072,CUST002072,Mortgage,78114.09,11.22,360,833,1632241.47,0,69.03,4.51,0.02,0,0.25,78114.09,390.57,1
LN002073,CUST002073,Auto Loan,50782.25,5.38,360,675,2005067.74,30,72.34,5.69,0.02,0,0.25,50782.25,253.91,2
LN002074,CUST002074,Structured Credit,19872.32,6.24,240,845,417239.94,120,65.75,8.7,0.2,1,0.35,19872.32,1391.06,3
LN002075,CUST002075,Structured Credit,166873.87,8.84,48,728,966820.79,0,79.79,5.81,0.02,0,0.35,166873.87,1168.12,1
LN002076,CUST002076,Structured Credit,41607.4,8.37,360,847,968462.91,30,65.65,3.47,0.02,0,0.35,41607.4,291.25,2
LN002077,CUST002077,Auto Loan,32756.67,5.32,120,746,991944.46,0,96.78,6.31,0.06,0,0.4,32756.67,786.16,1
LN002078,CUST002078,Mortgage,71306.86,5.05,120,810,1380579.71,0,55.66,3.53,0.02,0,0.25,71306.86,356.53,1
LN002079,CUST002079,Structured Credit,43244.08,11.92,36,650,886781.06,60,77.64,3.57,0.02,0,0.35,43244.08,302.71,2
LN002080,CUST002080,Mortgage,48024.17,9.61,48,610,1249863.12,60,76.68,8.11,0.11,0,0.25,48024.17,1320.66,2
LN002081,CUST002081,Auto Loan,207841.03,7.56,240,732,1077499.58,0,56.89,4.74,0.02,0,0.25,207841.03,1039.21,1
LN002082,CUST002082,Auto Loan,29953.91,8.29,180,846,1904416.11,30,64.7,7.07,0.05,0,0.25,29953.91,374.42,2
LN002083,CUST002083,Mortgage,29073.06,6.87,180,558,1607876.79,30,61.93,6.05,0.08,0,0.25,29073.06,581.46,2
LN002084,CUST002084,Structured Credit,39403.3,7.41,180,755,1720666.22,0,50.35,4.33,0.02,0,0.35,39403.3,275.82,1
LN002085,CUST002085,Mortgage,76884.62,9.54,120,603,723813.76,30,68.64,6.11,0.08,0,0.25,76884.62,1537.69,2
LN002086,CUST002086,Mortgage,12650.17,11.18,240,729,982379.87,0,63.2,3.41,0.02,0,0.25,12650.17,63.25,1
LN002087,CUST002087,Auto Loan,9173.84,6.29,180,653,297622.26,90,50.7,5.08,0.17,0,0.25,9173.84,389.89,3
LN002088,CUST002088,Mortgage,24077.17,10.88,48,675,493843.09,120,66.99,6.14,0.17,0,0.25,24077.17,1023.28,3
LN002089,CUST002089,Structured Credit,11570.96,5.85,48,583,846372.02,90,65.31,4.37,0.23,0,0.35,11570.96,931.46,3
LN002090,CUST002090,Auto Loan,26973.71,6.5,180,714,397293.37,0,47.88,6.96,0.02,0,0.25,26973.71,134.87,1
LN002091,CUST002091,Mortgage,51624.4,5.26,60,847,1605922.9,0,47.87,3.31,0.02,0,0.25,51624.4,258.12,1
LN002092,CUST002092,Structured Credit,19467.0,5.99,180,819,2495792.76,0,78.85,5.91,0.02,0,0.35,19467.0,136.27,1
LN002093,CUST002093,Auto Loan,13376.05,11.42,60,838,476834.23,60,82.39,7.29,0.09,0,0.4,13376.05,481.54,2
LN002094,CUST002094,Mortgage,38121.59,8.22,36,667,2097767.98,0,96.47,5.58,0.06,0,0.4,38121.59,914.92,1
LN002095,CUST002095,Auto Loan,66421.79,5.54,36,641,517336.56,120,45.22,8.25,0.26,1,0.25,66421.79,4317.42,3
LN002096,CUST002096,Mortgage,11086.89,11.72,48,649,1757306.54,30,47.07,6.79,0.08,0,0.25,11086.89,221.74,2
LN002097,CUST002097,Mortgage,64483.37,11.15,240,636,1697104.61,0,43.11,8.75,0.11,0,0.25,64483.37,1773.29,1
LN002098,CUST002098,Mortgage,64351.42,10.28,120,783,2281113.1,0,71.93,4.7,0.02,0,0.25,64351.42,321.76,1
LN002099,CUST002099,Mortgage,70817.37,11.53,240,673,506377.63,0,77.36,8.63,0.05,0,0.25,70817.37,885.22,1
LN002100,CUST002100,Auto Loan,85215.29,6.54,48,752,959750.05,90,64.21,6.64,0.17,0,0.25,85215.29,3621.65,3
LN002101,CUST002101,Structured Credit,169635.92,10.85,48,581,454254.46,0,87.87,7.47,0.15,0,0.5,169635.92,12722.69,1
LN002102,CUST002102,Mortgage,28303.35,9.83,240,588,1166612.48,0,81.2,8.41,0.15,1,0.4,28303.35,1698.2,1
LN002103,CUST002103,Auto Loan,39210.51,11.09,120,643,2301084.64,60,99.15,6.31,0.12,0,0.4,39210.51,1882.1,2
LN002104,CUST002104,Mortgage,27132.65,10.58,48,559,2008427.09,0,48.27,8.17,0.11,0,0.25,27132.65,746.15,1
LN002105,CUST002105,Mortgage,36365.79,7.43,360,764,1876525.23,120,43.5,6.25,0.17,0,0.25,36365.79,1545.55,3
LN002106,CUST002106,Auto Loan,106192.77,10.42,360,649,1449311.89,30,56.49,6.6,0.08,0,0.25,106192.77,2123.86,2
LN002107,CUST002107,Structured Credit,14164.44,6.84,120,793,2237842.92,60,41.14,5.67,0.02,0,0.35,14164.44,99.15,2
LN002108,CUST002108,Structured Credit,19875.94,7.3,48,607,1261244.05,90,95.96,3.87,0.27,1,0.5,19875.94,2683.25,3
LN002109,CUST002109,Auto Loan,95227.75,5.76,360,568,586792.75,0,58.24,6.32,0.08,0,0.25,95227.75,1904.56,1
LN002110,CUST002110,Structured Credit,74163.36,11.55,36,666,2134566.75,90,73.15,8.86,0.2,0,0.35,74163.36,5191.44,3
LN002111,CUST002111,Auto Loan,28164.23,7.04,60,685,879186.24,30,59.08,7.72,0.05,0,0.25,28164.23,352.05,2
LN002112,CUST002112,Auto Loan,66044.33,8.64,48,845,370675.47,0,54.75,7.48,0.05,0,0.25,66044.33,825.55,1
LN002113,CUST002113,Auto Loan,46113.04,7.74,60,562,533585.57,0,49.14,6.86,0.08,0,0.25,46113.04,922.26,1
LN002114,CUST002114,Structured Credit,103796.99,11.72,180,650,1620382.56,0,59.22,5.09,0.02,0,0.35,103796.99,726.58,1
LN002115,CUST002115,Mortgage,38259.87,7.35,360,704,1615934.42,0,76.93,4.02,0.02,0,0.25,38259.87,191.3,1
LN002116,CUST002116,Auto Loan,74454.43,10.45,48,631,835412.13,90,98.3,4.35,0.27,0,0.4,74454.43,8041.08,3
LN002117,CUST002117,Mortgage,230823.43,10.99,36,637,1886155.33,30,73.49,3.04,0.08,0,0.25,230823.43,4616.47,2
LN002118,CUST002118,Mortgage,55197.3,8.05,120,654,1990690.35,60,71.96,7.04,0.05,0,0.25,55197.3,689.97,2
LN002119,CUST002119,Auto Loan,37591.37,7.65,36,679,2321130.91,0,42.12,7.87,0.05,0,0.25,37591.37,469.89,1
LN002120,CUST002120,Structured Credit,60217.18,10.23,60,821,1566109.37,90,90.41,4.61,0.21,1,0.5,60217.18,6322.8,3
LN002121,CUST002121,Structured Credit,28121.89,11.39,120,563,2003702.57,0,42.69,3.55,0.08,0,0.35,28121.89,787.41,1
LN002122,CUST002122,Mortgage,193218.59,10.28,36,677,1944474.28,0,94.37,5.01,0.06,0,0.4,193218.59,4637.25,1
LN002123,CUST002123,Structured Credit,41194.08,6.59,36,609,830070.36,120,72.32,4.75,0.23,0,0.35,41194.08,3316.12,3
LN002124,CUST002124,Mortgage,29999.82,11.22,36,776,948008.34,90,50.11,5.71,0.17,0,0.25,29999.82,1274.99,3
LN002125,CUST002125,Structured Credit,20231.94,7.71,240,566,1326585.39,90,67.1,4.58,0.23,0,0.35,20231.94,1628.67,3
LN002126,CUST002126,Mortgage,78280.53,9.03,120,594,292837.68,90,99.7,5.04,0.27,0,0.4,78280.53,8454.3,3
LN002127,CUST002127,Mortgage,66638.06,10.82,36,587,919144.99,0,58.3,8.45,0.11,0,0.25,66638.06,1832.55,1
LN002128,CUST002128,Auto Loan,25638.54,6.32,360,673,1316236.47,0,56.17,5.01,0.02,1,0.25,25638.54,128.19,1
LN002129,CUST002129,Structured Credit,54367.18,10.49,360,613,493155.91,0,47.08,7.71,0.11,0,0.35,54367.18,2093.14,1
LN002130,CUST002130,Mortgage,12632.28,9.17,36,802,534120.75,0,75.83,6.76,0.02,0,0.25,12632.28,63.16,1
LN002131,CUST002131,Auto Loan,41335.6,11.25,60,811,1292282.66,30,45.35,5.03,0.02,0,0.25,41335.6,206.68,2
LN002132,CUST002132,Auto Loan,49857.76,6.2,36,661,1894671.32,0,85.96,7.91,0.09,0,0.4,49857.76,1794.88,1
LN002133,CUST002133,Mortgage,119986.06,7.94,360,651,2125935.09,90,95.15,6.57,0.21,1,0.4,119986.06,10078.83,3
LN002134,CUST002134,Mortgage,21171.83,10.83,36,598,1479206.27,90,95.91,3.05,0.27,1,0.4,21171.83,2286.56,3
LN002135,CUST002135,Mortgage,14841.06,5.13,180,826,1318185.22,120,46.47,3.41,0.17,0,0.25,14841.06,630.75,3
LN002136,CUST002136,Structured Credit,19403.34,5.79,120,776,1114631.28,0,73.5,7.52,0.05,0,0.35,19403.34,339.56,1
LN002137,CUST002137,Auto Loan,14248.43,11.93,180,572,684135.23,30,45.83,5.68,0.08,0,0.25,14248.43,284.97,2
LN002138,CUST002138,Mortgage,92564.42,6.96,240,734,579764.51,0,74.32,5.43,0.02,0,0.25,92564.42,462.82,1
LN002139,CUST002139,Auto Loan,107371.23,11.83,60,613,2031767.02,0,88.9,3.87,0.12,0,0.4,107371.23,5153.82,1
LN002140,CUST002140,Structured Credit,45440.16,6.28,180,706,1296264.92,0,72.27,3.94,0.02,0,0.35,45440.16,318.08,1
LN002141,CUST002141,Structured Credit,85383.36,7.53,240,832,2028220.55,30,92.32,7.79,0.09,0,0.5,85383.36,3842.25,2
LN002142,CUST002142,Mortgage,39885.61,10.27,48,698,1834186.83,0,88.1,7.97,0.09,0,0.4,39885.61,1435.88,1
LN002143,CUST002143,Mortgage,33976.41,9.6,120,718,686265.81,120,56.59,6.36,0.17,0,0.25,33976.41,1444.0,3
LN002144,CUST002144,Auto Loan,28763.82,9.07,36,682,1398191.34,30,77.81,4.77,0.02,0,0.25,28763.82,143.82,2
LN002145,CUST002145,Mortgage,29223.44,8.71,180,681,1249037.42,0,40.44,8.6,0.05,0,0.25,29223.44,365.29,1
LN002146,CUST002146,Structured Credit,12289.97,10.9,180,746,1203715.39,90,63.76,6.74,0.17,0,0.35,12289.97,731.25,3
LN002147,CUST002147,Mortgage,43694.54,6.64,36,684,1470784.86,60,54.28,7.78,0.05,0,0.25,43694.54,546.18,2
LN002148,CUST002148,Auto Loan,35304.52,8.1,36,584,2459684.28,0,96.23,3.02,0.12,0,0.4,35304.52,1694.62,1
LN002149,CUST002149,Mortgage,61190.82,6.09,60,769,2079026.34,120,64.32,5.7,0.17,0,0.25,61190.82,2600.61,3
LN002150,CUST002150,Structured Credit,38772.5,9.17,180,734,2283352.97,0,79.24,8.23,0.05,0,0.35,38772.5,678.52,1
LN002151,CUST002151,Auto Loan,32406.28,6.75,180,554,316689.06,0,83.92,5.03,0.12,1,0.4,32406.28,1555.5,1
LN002152,CUST002152,Auto Loan,19735.31,7.34,360,620,565756.83,0,86.39,7.36,0.15,0,0.4,19735.31,1184.12,1
LN002153,CUST002153,Mortgage,38196.81,8.3,48,790,440718.24,90,84.15,6.95,0.21,0,0.4,38196.81,3208.53,3
LN002154,CUST002154,Structured Credit,60886.46,5.19,360,846,842269.76,0,57.35,3.91,0.02,0,0.35,60886.46,426.21,1
LN002155,CUST002155,Auto Loan,16312.1,5.64,240,742,1244258.11,0,81.16,7.65,0.09,0,0.4,16312.1,587.24,1
LN002156,CUST002156,Auto Loan,38608.65,9.8,48,717,1694619.81,60,72.94,3.68,0.02,0,0.25,38608.65,193.04,2
LN002157,CUST002157,Auto Loan,42750.24,8.0,360,785,1376870.35,0,75.84,7.37,0.05,0,0.25,42750.24,534.38,1
LN002158,CUST002158,Auto Loan,21968.28,11.05,180,843,2282163.81,90,40.05,8.95,0.2,0,0.25,21968.28,1098.41,3
LN002159,CUST002159,Mortgage,24064.68,9.86,48,847,2364675.91,0,55.5,8.75,0.05,0,0.25,24064.68,300.81,1
LN002160,CUST002160,Mortgage,42677.52,5.06,180,797,617922.14,60,95.84,7.8,0.09,0,0.4,42677.52,1536.39,2
LN002161,CUST002161,Mortgage,16425.75,9.32,120,714,2169054.07,90,57.4,6.21,0.17,0,0.25,16425.75,698.09,3
LN002162,CUST002162,Mortgage,46394.98,5.66,60,620,1333874.96,0,66.28,7.05,0.11,0,0.25,46394.98,1275.86,1
LN002163,CUST002163,Auto Loan,19404.34,10.47,48,780,1269991.31,30,51.2,7.37,0.05,0,0.25,19404.34,242.55,2
LN002164,CUST002164,Structured Credit,76419.84,11.94,180,604,2016113.53,90,48.32,3.05,0.23,1,0.35,76419.84,6151.8,3
LN002165,CUST002165,Mortgage,186554.63,8.72,48,731,459566.15,90,52.52,3.61,0.17,0,0.25,186554.63,7928.57,3
LN002166,CUST002166,Structured Credit,19880.02,9.78,240,571,2235609.54,0,73.22,6.58,0.08,0,0.35,19880.02,556.64,1
LN002167,CUST002167,Mortgage,52783.06,6.66,60,832,1759442.55,0,95.14,3.04,0.06,0,0.4,52783.06,1266.79,1
LN002168,CUST002168,Auto Loan,21835.24,8.06,120,654,2219338.62,0,59.57,8.45,0.05,0,0.25,21835.24,272.94,1
LN002169,CUST002169,Mortgage,75257.28,10.99,36,724,2487574.55,0,59.4,5.94,0.02,0,0.25,75257.28,376.29,1
LN002170,CUST002170,Auto Loan,14977.72,6.17,36,843,1415510.02,90,73.85,4.55,0.17,0,0.25,14977.72,636.55,3
LN002171,CUST002171,Mortgage,50838.58,6.86,48,588,459839.95,90,61.4,5.36,0.23,0,0.25,50838.58,2923.22,3
LN002172,CUST002172,Auto Loan,19710.52,8.12,180,609,624678.69,60,94.62,8.1,0.15,0,0.4,19710.52,1182.63,2
LN002173,CUST002173,Auto Loan,31417.2,9.99,240,849,978141.05,30,62.67,8.56,0.05,0,0.25,31417.2,392.72,2
LN002174,CUST002174,Structured Credit,17646.32,7.63,60,848,482994.12,0,69.43,3.7,0.02,0,0.35,17646.32,123.52,1
LN002175,CUST002175,Auto Loan,64579.05,11.49,120,761,2084519.11,90,72.0,7.67,0.2,1,0.25,64579.05,3228.95,3
LN002176,CUST002176,Structured Credit,20213.66,5.66,120,704,917952.66,0,86.92,6.47,0.06,0,0.5,20213.66,606.41,1
LN002177,CUST002177,Auto Loan,53443.22,7.6,360,722,2445743.92,120,73.83,6.51,0.17,0,0.25,53443.22,2271.34,3
LN002178,CUST002178,Mortgage,28541.98,9.96,120,572,1830830.72,0,54.35,7.68,0.11,0,0.25,28541.98,784.9,1
LN002179,CUST002179,Mortgage,33519.05,6.58,36,789,640218.33,0,47.44,4.34,0.02,0,0.25,33519.05,167.6,1
LN002180,CUST002180,Mortgage,40272.7,9.59,60,758,1321095.96,90,96.27,6.19,0.21,0,0.4,40272.7,3382.91,3
LN002181,CUST002181,Auto Loan,21305.55,6.15,360,671,1300489.5,90,88.09,4.92,0.21,1,0.4,21305.55,1789.67,3
LN002182,CUST002182,Auto Loan,42077.02,5.39,36,802,1358151.23,60,41.38,3.57,0.02,0,0.25,42077.02,210.39,2
LN002183,CUST002183,Auto Loan,106004.22,5.85,48,690,1455305.13,30,89.29,3.63,0.06,0,0.4,106004.22,2544.1,2
LN002184,CUST002184,Auto Loan,21064.27,11.51,120,702,320139.44,0,75.44,3.82,0.02,0,0.25,21064.27,105.32,1
LN002185,CUST002185,Mortgage,82476.37,8.86,60,763,1794177.53,0,71.13,6.69,0.02,0,0.25,82476.37,412.38,1
LN002186,CUST002186,Structured Credit,103638.93,10.57,120,597,1346181.49,0,40.73,3.63,0.08,0,0.35,103638.93,2901.89,1
LN002187,CUST002187,Structured Credit,20510.49,7.33,36,566,2029672.15,0,86.85,6.42,0.12,0,0.5,20510.49,1230.63,1
LN002188,CUST002188,Mortgage,13114.34,9.15,36,845,2084536.54,60,51.88,6.53,0.02,0,0.25,13114.34,65.57,2
LN002189,CUST002189,Mortgage,44863.18,8.46,36,618,768704.02,0,83.68,8.42,0.15,0,0.4,44863.18,2691.79,1
LN002190,CUST002190,Mortgage,24755.79,11.62,120,634,358951.63,0,40.95,6.76,0.08,0,0.25,24755.79,495.12,1
LN002191,CUST002191,Auto Loan,134325.64,10.23,60,831,1832276.18,30,87.78,8.91,0.09,0,0.4,134325.64,4835.72,2
LN002192,CUST002192,Structured Credit,37211.21,10.11,60,757,2449966.27,0,41.38,3.19,0.02,0,0.35,37211.21,260.48,1
LN002193,CUST002193,Mortgage,20711.83,5.32,48,589,1254980.47,30,54.15,7.22,0.11,0,0.25,20711.83,569.58,2
LN002194,CUST002194,Mortgage,16268.54,8.85,120,645,834128.82,60,56.1,3.16,0.08,0,0.25,16268.54,325.37,2
LN002195,CUST002195,Auto Loan,77880.7,8.27,48,799,602511.76,30,49.45,7.38,0.05,0,0.25,77880.7,973.51,2
LN002196,CUST002196,Mortgage,24347.18,11.49,240,685,896752.59,0,68.86,5.32,0.02,0,0.25,24347.18,121.74,1
LN002197,CUST002197,Mortgage,37446.94,6.8,48,622,987818.99,90,57.02,6.67,0.23,1,0.25,37446.94,2153.2,3
LN002198,CUST002198,Structured Credit,70902.57,6.89,48,850,1203718.17,30,99.6,4.86,0.06,0,0.5,70902.57,2127.08,2
LN002199,CUST002199,Mortgage,25874.65,7.88,48,822,1724666.03,0,74.8,3.95,0.02,0,0.25,25874.65,129.37,1
LN002200,CUST002200,Auto Loan,35166.52,6.7,36,718,864616.88,0,73.99,7.34,0.05,0,0.25,35166.52,439.58,1
LN002201,CUST002201,Structured Credit,35896.75,5.9,240,747,364697.72,0,53.25,8.43,0.05,0,0.35,35896.75,628.19,1
LN002202,CUST002202,Auto Loan,58590.46,11.0,360,655,1089876.88,60,64.52,4.1,0.02,0,0.25,58590.46,292.95,2
LN002203,CUST002203,Mortgage,54913.86,8.91,48,650,2175166.64,0,47.44,8.52,0.05,0,0.25,54913.86,686.42,1
LN002204,CUST002204,Auto Loan,31129.79,11.03,60,784,1371290.9,0,85.75,3.84,0.06,0,0.4,31129.79,747.11,1
LN002205,CUST002205,Mortgage,37970.1,10.82,48,829,2420763.45,90,59.87,7.41,0.2,0,0.25,37970.1,1898.5,3
LN002206,CUST002206,Structured Credit,27994.26,6.97,36,655,1383148.44,0,85.12,8.76,0.09,0,0.5,27994.26,1259.74,1
LN002207,CUST002207,Auto Loan,12908.89,8.83,180,584,870772.34,60,62.3,3.88,0.08,0,0.25,12908.89,258.18,2
LN002208,CUST002208,Structured Credit,43491.49,5.58,360,706,684956.49,120,99.33,5.61,0.21,0,0.5,43491.49,4566.61,3
LN002209,CUST002209,Auto Loan,136562.03,11.41,240,822,1812680.12,0,50.27,5.02,0.02,0,0.25,136562.03,682.81,1
LN002210,CUST002210,Structured Credit,19563.03,7.83,180,789,1456857.89,0,40.09,5.33,0.02,0,0.35,19563.03,136.94,1
LN002211,CUST002211,Mortgage,21139.09,7.76,180,756,1608997.59,60,75.69,7.52,0.05,0,0.25,21139.09,264.24,2
LN002212,CUST002212,Structured Credit,19741.74,7.12,240,794,1949035.28,0,97.18,6.97,0.06,0,0.5,19741.74,592.25,1
LN002213,CUST002213,Auto Loan,60307.65,8.22,120,642,1883282.79,0,78.82,8.81,0.11,0,0.25,60307.65,1658.46,1
LN002214,CUST002214,Structured Credit,49708.93,6.76,360,658,347567.43,0,45.14,4.11,0.02,0,0.35,49708.93,347.96,1
LN002215,CUST002215,Mortgage,32500.92,7.62,360,663,2055786.79,120,72.43,6.26,0.17,1,0.25,32500.92,1381.29,3
LN002216,CUST002216,Auto Loan,19098.91,10.6,60,573,1448582.44,120,94.57,5.69,0.27,0,0.4,19098.91,2062.68,3
LN002217,CUST002217,Structured Credit,38741.39,10.84,36,842,1131344.19,0,40.39,8.51,0.05,0,0.35,38741.39,677.97,1
LN002218,CUST002218,Auto Loan,12146.11,7.13,240,801,1459418.71,90,50.01,3.06,0.17,0,0.25,12146.11,516.21,3
LN002219,CUST002219,Structured Credit,40150.84,8.28,180,816,1628015.76,0,88.87,8.94,0.09,0,0.5,40150.84,1806.79,1
LN002220,CUST002220,Auto Loan,66840.67,11.12,36,758,586389.2,30,93.63,5.88,0.06,0,0.4,66840.67,1604.18,2
LN002221,CUST002221,Mortgage,15125.85,5.37,36,604,1189184.64,0,82.43,6.75,0.12,0,0.4,15125.85,726.04,1
LN002222,CUST002222,Mortgage,12422.16,11.22,120,576,1005068.97,0,99.49,5.16,0.12,0,0.4,12422.16,596.26,1
LN002223,CUST002223,Auto Loan,109711.18,6.53,180,551,1038420.13,120,45.41,8.12,0.26,0,0.25,109711.18,7131.23,3
LN002224,CUST002224,Auto Loan,23665.37,9.75,48,617,455503.61,60,72.74,6.37,0.08,0,0.25,23665.37,473.31,2
LN002225,CUST002225,Auto Loan,80431.69,9.08,36,697,609647.85,0,81.1,6.98,0.06,0,0.4,80431.69,1930.36,1
LN002226,CUST002226,Mortgage,32604.37,8.87,180,679,614122.15,120,82.16,6.89,0.21,0,0.4,32604.37,2738.77,3
LN002227,CUST002227,Auto Loan,32423.27,11.02,360,632,1089755.67,0,87.61,5.18,0.12,0,0.4,32423.27,1556.32,1
LN002228,CUST002228,Mortgage,49359.67,5.71,36,591,2262605.98,0,95.06,3.46,0.12,0,0.4,49359.67,2369.26,1
LN002229,CUST002229,Auto Loan,19559.2,7.43,120,705,713561.59,60,61.7,7.85,0.05,0,0.25,19559.2,244.49,2
LN002230,CUST002230,Auto Loan,39844.83,8.77,120,706,1186433.14,0,42.58,4.74,0.02,0,0.25,39844.83,199.22,1
LN002231,CUST002231,Mortgage,27804.62,10.68,48,656,951121.18,0,61.75,8.09,0.05,0,0.25,27804.62,347.56,1
LN002232,CUST002232,Auto Loan,14409.67,6.52,120,833,2021612.45,0,80.3,6.65,0.06,0,0.4,14409.67,345.83,1
LN002233,CUST002233,Structured Credit,45992.68,10.62,180,737,362784.47,60,52.81,5.12,0.02,0,0.35,45992.68,321.95,2
LN002234,CUST002234,Structured Credit,30202.64,7.8,240,654,692222.64,0,88.6,6.57,0.06,0,0.5,30202.64,906.08,1
LN002235,CUST002235,Mortgage,32535.35,6.32,120,661,723943.47,90,53.19,6.87,0.17,0,0.25,32535.35,1382.75,3
LN002236,CUST002236,Mortgage,15566.67,10.31,240,682,2484166.3,0,40.6,7.24,0.05,0,0.25,15566.67,194.58,1
LN002237,CUST002237,Structured Credit,110633.73,5.64,48,820,1534243.79,0,70.48,7.93,0.05,0,0.35,110633.73,1936.09,1
LN002238,CUST002238,Auto Loan,67083.94,8.6,360,659,562656.09,0,83.59,3.96,0.06,0,0.4,67083.94,1610.01,1
LN002239,CUST002239,Auto Loan,71318.36,5.45,60,622,862448.06,30,60.98,8.66,0.11,1,0.25,71318.36,1961.25,2
LN002240,CUST002240,Auto Loan,29324.8,7.49,36,842,627599.71,60,84.93,5.47,0.06,0,0.4,29324.8,703.8,2
LN002241,CUST002241,Mortgage,10824.55,9.21,36,692,530360.28,0,66.3,8.16,0.05,0,0.25,10824.55,135.31,1
LN002242,CUST002242,Auto Loan,142492.15,8.89,180,809,2043659.56,60,50.3,4.32,0.02,1,0.25,142492.15,712.46,2
LN002243,CUST002243,Mortgage,34795.1,7.83,48,794,1365443.41,0,45.43,3.17,0.02,0,0.25,34795.1,173.98,1
LN002244,CUST002244,Structured Credit,21500.69,8.0,48,704,1670222.81,120,82.64,6.44,0.21,0,0.5,21500.69,2257.57,3
LN002245,CUST002245,Structured Credit,48618.58,6.59,48,698,995315.31,0,63.14,4.95,0.02,0,0.35,48618.58,340.33,1
LN002246,CUST002246,Mortgage,82206.08,8.19,36,609,1495813.94,60,94.77,8.91,0.15,0,0.4,82206.08,4932.36,2
LN002247,CUST002247,Auto Loan,35734.24,11.67,120,635,829530.32,0,72.42,3.63,0.08,0,0.25,35734.24,714.68,1
LN002248,CUST002248,Structured Credit,88876.46,10.95,36,741,943081.62,0,60.91,3.28,0.02,0,0.35,88876.46,622.14,1
LN002249,CUST002249,Mortgage,77505.17,6.02,36,731,1717535.37,60,60.94,3.27,0.02,0,0.25,77505.17,387.53,2
LN002250,CUST002250,Auto Loan,17094.86,5.21,36,836,588287.78,0,47.89,4.3,0.02,0,0.25,17094.86,85.47,1
LN002251,CUST002251,Auto Loan,22659.78,11.53,360,822,1638749.18,60,75.63,6.48,0.02,0,0.25,22659.78,113.3,2
LN002252,CUST002252,Structured Credit,70988.7,8.69,360,804,2167528.34,0,74.93,6.03,0.02,0,0.35,70988.7,496.92,1
LN002253,CUST002253,Mortgage,5438.02,8.76,120,556,520952.26,0,88.0,5.1,0.12,0,0.4,5438.02,261.02,1
LN002254,CUST002254,Structured Credit,32708.2,10.47,60,675,2269287.88,0,52.07,3.53,0.02,0,0.35,32708.2,228.96,1
LN002255,CUST002255,Structured Credit,13338.61,7.2,180,632,428752.78,0,57.45,4.4,0.08,0,0.35,13338.61,373.48,1
LN002256,CUST002256,Mortgage,26014.58,8.37,60,577,1035045.76,120,45.83,4.1,0.23,1,0.25,26014.58,1495.84,3
LN002257,CUST002257,Mortgage,29461.1,11.78,60,815,1623645.96,0,57.72,7.47,0.05,1,0.25,29461.1,368.26,1
LN002258,CUST002258,Mortgage,28260.74,9.71,36,832,1508683.21,0,65.69,7.68,0.05,0,0.25,28260.74,353.26,1
LN002259,CUST002259,Auto Loan,24671.82,6.08,60,800,466879.91,0,97.84,7.66,0.09,0,0.4,24671.82,888.19,1
LN002260,CUST002260,Mortgage,16848.21,5.93,36,737,2047554.63,0,79.18,8.81,0.05,0,0.25,16848.21,210.6,1
LN002261,CUST002261,Mortgage,180653.82,6.43,36,848,2439594.91,0,86.97,8.31,0.09,0,0.4,180653.82,6503.54,1
LN002262,CUST002262,Mortgage,134218.37,10.37,180,618,657763.65,120,59.53,5.99,0.23,0,0.25,134218.37,7717.56,3
LN002263,CUST002263,Structured Credit,16099.67,7.07,48,648,2264044.68,30,48.67,5.49,0.08,0,0.35,16099.67,450.79,2
LN002264,CUST002264,Mortgage,109917.1,5.15,36,742,1502821.24,120,55.4,8.49,0.2,0,0.25,109917.1,5495.86,3
LN002265,CUST002265,Mortgage,27456.94,11.61,360,776,2355850.99,30,55.39,6.67,0.02,0,0.25,27456.94,137.28,2
LN002266,CUST002266,Mortgage,39752.63,6.19,60,731,646193.41,30,74.99,4.77,0.02,0,0.25,39752.63,198.76,2
LN002267,CUST002267,Mortgage,34742.13,5.07,180,642,2032048.13,90,60.49,6.39,0.23,0,0.25,34742.13,1997.67,3
LN002268,CUST002268,Mortgage,22883.6,6.66,240,692,384508.54,30,91.44,8.95,0.09,0,0.4,22883.6,823.81,2
LN002269,CUST002269,Auto Loan,72308.48,6.65,240,752,2237192.01,30,99.31,8.1,0.09,0,0.4,72308.48,2603.11,2
LN002270,CUST002270,Mortgage,39660.88,7.95,240,681,1766858.7,30,60.6,4.69,0.02,0,0.25,39660.88,198.3,2
LN002271,CUST002271,Auto Loan,26014.62,11.44,60,816,1083073.26,30,82.3,8.72,0.09,0,0.4,26014.62,936.53,2
LN002272,CUST002272,Auto Loan,14570.98,11.15,48,683,678550.35,0,79.45,8.89,0.05,0,0.25,14570.98,182.14,1
LN002273,CUST002273,Mortgage,19428.25,8.2,120,728,2087199.47,30,51.67,4.39,0.02,0,0.25,19428.25,97.14,2
LN002274,CUST002274,Mortgage,11510.72,7.88,48,735,1607292.97,120,95.08,8.37,0.24,1,0.4,11510.72,1105.03,3
LN002275,CUST002275,Structured Credit,36627.57,8.89,180,567,1060935.67,60,51.97,8.3,0.11,0,0.35,36627.57,1410.16,2
LN002276,CUST002276,Mortgage,15714.42,6.7,48,646,1248630.61,60,84.22,3.24,0.12,1,0.4,15714.42,754.29,2
LN002277,CUST002277,Mortgage,30155.05,5.37,240,583,2109720.98,30,60.86,7.02,0.11,1,0.25,30155.05,829.26,2
LN002278,CUST002278,Mortgage,94757.03,11.57,48,849,1012586.19,90,62.02,4.83,0.17,0,0.25,94757.03,4027.17,3
LN002279,CUST002279,Mortgage,84078.8,6.31,180,736,451673.53,0,67.33,7.05,0.05,0,0.25,84078.8,1050.99,1
LN002280,CUST002280,Auto Loan,35504.2,6.39,180,660,2300384.89,0,91.87,8.48,0.09,0,0.4,35504.2,1278.15,1
LN002281,CUST002281,Auto Loan,34167.86,8.31,240,796,1121523.41,120,48.42,5.99,0.17,1,0.25,34167.86,1452.13,3
LN002282,CUST002282,Auto Loan,135389.65,8.44,360,620,1033871.9,60,43.27,5.49,0.08,0,0.25,135389.65,2707.79,2
LN002283,CUST002283,Mortgage,52288.37,5.13,60,761,709899.14,120,64.12,8.53,0.2,0,0.25,52288.37,2614.42,3
LN002284,CUST002284,Auto Loan,28869.34,6.04,36,657,2269200.79,0,43.34,8.84,0.05,0,0.25,28869.34,360.87,1
LN002285,CUST002285,Auto Loan,13383.63,7.65,120,726,739387.0,0,81.26,3.37,0.06,0,0.4,13383.63,321.21,1
LN002286,CUST002286,Auto Loan,47844.49,9.79,120,777,1682513.95,30,85.62,8.54,0.09,0,0.4,47844.49,1722.4,2
LN002287,CUST002287,Structured Credit,64895.05,6.6,240,568,2231721.28,120,91.28,3.5,0.27,0,0.5,64895.05,8760.83,3
LN002288,CUST002288,Auto Loan,23338.13,7.96,360,797,328555.63,0,84.63,5.02,0.06,0,0.4,23338.13,560.12,1
LN002289,CUST002289,Mortgage,44526.59,8.9,120,758,2114781.34,120,94.98,7.58,0.24,0,0.4,44526.59,4274.55,3
LN002290,CUST002290,Auto Loan,28155.52,11.22,48,765,1173848.7,90,84.9,7.66,0.24,0,0.4,28155.52,2702.93,3
LN002291,CUST002291,Mortgage,31926.04,7.28,180,750,1730442.79,120,96.16,7.35,0.24,0,0.4,31926.04,3064.9,3
LN002292,CUST002292,Auto Loan,6364.71,5.93,360,806,1087910.27,90,51.59,3.23,0.17,0,0.25,6364.71,270.5,3
LN002293,CUST002293,Auto Loan,31093.47,8.42,180,655,1814911.58,90,69.99,3.8,0.17,0,0.25,31093.47,1321.47,3
LN002294,CUST002294,Mortgage,71579.11,10.23,240,820,822163.56,30,99.64,8.62,0.09,0,0.4,71579.11,2576.85,2
LN002295,CUST002295,Auto Loan,23342.2,5.77,180,820,299343.72,120,80.89,3.49,0.21,0,0.4,23342.2,1960.74,3
LN002296,CUST002296,Auto Loan,37675.62,7.97,36,670,2382521.91,30,92.72,3.47,0.06,0,0.4,37675.62,904.21,2
LN002297,CUST002297,Auto Loan,21393.33,5.12,180,794,286827.47,0,41.82,8.01,0.05,0,0.25,21393.33,267.42,1
LN002298,CUST002298,Auto Loan,46737.83,5.23,180,615,2104223.4,90,92.31,6.85,0.27,0,0.4,46737.83,5047.69,3
LN002299,CUST002299,Auto Loan,31208.13,8.38,360,777,630559.58,90,81.86,5.11,0.21,0,0.4,31208.13,2621.48,3
LN002300,CUST002300,Auto Loan,18817.28,7.09,48,686,1132495.51,90,50.25,3.99,0.17,0,0.25,18817.28,799.73,3
LN002301,CUST002301,Structured Credit,92298.76,10.92,60,743,2100607.85,0,41.54,8.31,0.05,0,0.35,92298.76,1615.23,1
LN002302,CUST002302,Mortgage,69581.39,9.22,120,743,713347.34,0,55.6,8.93,0.05,1,0.25,69581.39,869.77,1
LN002303,CUST002303,Mortgage,23779.17,8.18,48,695,2197842.11,0,94.95,3.3,0.06,0,0.4,23779.17,570.7,1
LN002304,CUST002304,Auto Loan,51454.43,7.86,48,694,1369957.61,90,80.09,6.32,0.21,0,0.4,51454.43,4322.17,3
LN002305,CUST002305,Structured Credit,52901.58,8.48,48,621,1073845.29,0,95.17,4.57,0.12,1,0.5,52901.58,3174.09,1
LN002306,CUST002306,Auto Loan,56931.89,5.28,120,741,1740484.93,120,66.77,7.99,0.2,1,0.25,56931.89,2846.59,3
LN002307,CUST002307,Auto Loan,11092.46,11.25,240,593,1018126.87,60,96.2,5.08,0.12,0,0.4,11092.46,532.44,2
LN002308,CUST002308,Mortgage,73469.42,11.99,48,706,1031398.81,0,67.78,7.29,0.05,0,0.25,73469.42,918.37,1
LN002309,CUST002309,Auto Loan,24372.5,6.27,60,565,1900434.38,120,52.26,6.24,0.23,0,0.25,24372.5,1401.42,3
LN002310,CUST002310,Auto Loan,28268.98,5.84,240,627,947122.51,0,49.08,6.25,0.08,0,0.25,28268.98,565.38,1
LN002311,CUST002311,Mortgage,230157.06,6.01,180,601,701738.46,0,99.63,8.15,0.15,1,0.4,230157.06,13809.42,1
LN002312,CUST002312,Structured Credit,44860.43,9.63,60,551,2067203.79,30,60.03,5.82,0.08,0,0.35,44860.43,1256.09,2
LN002313,CUST002313,Mortgage,27710.71,9.63,360,781,2062084.83,30,49.6,8.07,0.05,0,0.25,27710.71,346.38,2
LN002314,CUST002314,Mortgage,7756.56,10.94,240,610,1369567.83,30,40.5,5.18,0.08,0,0.25,7756.56,155.13,2
LN002315,CUST002315,Structured Credit,96070.24,10.26,180,681,1434975.14,120,57.13,4.05,0.17,0,0.35,96070.24,5716.18,3
LN002316,CUST002316,Auto Loan,14162.5,8.15,180,601,1816172.41,120,93.35,5.73,0.27,0,0.4,14162.5,1529.55,3
LN002317,CUST002317,Auto Loan,17990.39,9.29,48,846,1395867.16,120,72.04,5.99,0.17,0,0.25,17990.39,764.59,3
LN002318,CUST002318,Auto Loan,28797.77,9.82,48,729,1188339.91,30,77.95,5.87,0.02,0,0.25,28797.77,143.99,2
LN002319,CUST002319,Mortgage,97879.09,8.59,120,580,2488511.93,30,95.34,7.85,0.15,1,0.4,97879.09,5872.75,2
LN002320,CUST002320,Mortgage,62396.72,8.33,36,704,582190.96,0,70.77,6.39,0.02,0,0.25,62396.72,311.98,1
LN002321,CUST002321,Structured Credit,32516.85,9.52,60,670,1583637.95,0,90.3,8.33,0.09,0,0.5,32516.85,1463.26,1
LN002322,CUST002322,Mortgage,45062.44,8.9,120,600,2243191.81,60,59.43,6.09,0.08,0,0.25,45062.44,901.25,2
LN002323,CUST002323,Mortgage,23854.54,9.51,120,644,1796233.84,0,98.63,4.35,0.12,0,0.4,23854.54,1145.02,1
LN002324,CUST002324,Auto Loan,40044.94,9.29,60,725,2232077.42,0,44.73,3.78,0.02,0,0.25,40044.94,200.22,1
LN002325,CUST002325,Structured Credit,38228.47,10.03,240,560,1006753.12,0,83.49,8.21,0.15,1,0.5,38228.47,2867.14,1
LN002326,CUST002326,Structured Credit,71549.08,9.5,360,561,861984.2,90,79.63,3.34,0.23,0,0.35,71549.08,5759.7,3
LN002327,CUST002327,Structured Credit,71469.4,8.64,60,594,2165362.87,90,51.5,3.71,0.23,0,0.35,71469.4,5753.29,3
LN002328,CUST002328,Auto Loan,51317.35,9.77,180,839,1136757.8,30,63.33,3.38,0.02,0,0.25,51317.35,256.59,2
LN002329,CUST002329,Mortgage,28179.69,8.15,360,754,1846785.23,90,58.77,5.54,0.17,0,0.25,28179.69,1197.64,3
LN002330,CUST002330,Auto Loan,61039.45,6.69,36,768,582434.3,0,45.67,6.2,0.02,0,0.25,61039.45,305.2,1
LN002331,CUST002331,Auto Loan,34051.25,5.01,240,805,1950635.78,60,75.09,3.12,0.02,0,0.25,34051.25,170.26,2
LN002332,CUST002332,Auto Loan,17028.78,8.92,48,797,1485210.96,60,99.62,6.09,0.06,0,0.4,17028.78,408.69,2
LN002333,CUST002333,Mortgage,27383.57,9.13,36,570,854376.19,0,73.58,5.36,0.08,0,0.25,27383.57,547.67,1
LN002334,CUST002334,Mortgage,38529.09,11.8,36,590,1362633.92,90,72.72,7.64,0.26,1,0.25,38529.09,2504.39,3
LN002335,CUST002335,Auto Loan,68675.72,7.53,48,827,1818123.16,0,42.42,7.98,0.05,0,0.25,68675.72,858.45,1
LN002336,CUST002336,Auto Loan,31937.31,7.76,36,826,276744.42,0,48.35,7.11,0.05,0,0.25,31937.31,399.22,1
LN002337,CUST002337,Mortgage,15577.16,6.41,240,744,1684300.88,0,70.79,5.84,0.02,0,0.25,15577.16,77.89,1
LN002338,CUST002338,Auto Loan,37786.95,5.49,240,620,1468579.25,0,99.11,4.3,0.12,1,0.4,37786.95,1813.77,1
LN002339,CUST002339,Auto Loan,39317.27,10.41,240,819,745643.88,60,92.6,8.08,0.09,0,0.4,39317.27,1415.42,2
LN002340,CUST002340,Mortgage,41360.7,6.75,120,622,1944207.42,0,60.41,5.05,0.08,0,0.25,41360.7,827.21,1
LN002341,CUST002341,Mortgage,69141.48,9.26,120,748,932787.22,30,72.58,5.14,0.02,0,0.25,69141.48,345.71,2
LN002342,CUST002342,Auto Loan,74105.59,9.81,240,625,872937.1,0,73.16,8.5,0.11,0,0.25,74105.59,2037.9,1
LN002343,CUST002343,Auto Loan,23957.88,8.3,48,824,1310241.29,90,81.12,8.85,0.24,0,0.4,23957.88,2299.96,3
LN002344,CUST002344,Auto Loan,23592.86,11.13,48,832,1771336.78,30,81.27,8.39,0.09,0,0.4,23592.86,849.34,2
LN002345,CUST002345,Structured Credit,17533.36,8.11,60,695,2339903.45,60,87.39,8.99,0.09,0,0.5,17533.36,789.0,2
LN002346,CUST002346,Mortgage,59229.26,6.99,60,562,568053.8,120,41.5,8.21,0.26,0,0.25,59229.26,3849.9,3
LN002347,CUST002347,Mortgage,100124.94,11.27,240,678,1142053.27,0,96.62,7.23,0.09,0,0.4,100124.94,3604.5,1
LN002348,CUST002348,Auto Loan,29127.63,11.03,360,779,400726.58,0,44.2,4.76,0.02,0,0.25,29127.63,145.64,1
LN002349,CUST002349,Mortgage,30668.72,6.15,36,634,1956739.18,120,68.57,8.72,0.26,0,0.25,30668.72,1993.47,3
LN002350,CUST002350,Auto Loan,101391.83,5.18,36,711,1257399.0,60,95.17,8.26,0.09,0,0.4,101391.83,3650.11,2
LN002351,CUST002351,Mortgage,51735.04,5.63,48,600,1840590.55,60,69.26,4.44,0.08,0,0.25,51735.04,1034.7,2
LN002352,CUST002352,Structured Credit,49284.5,7.01,360,764,974937.45,0,43.82,5.93,0.02,0,0.35,49284.5,344.99,1
LN002353,CUST002353,Mortgage,15777.79,11.81,36,550,2149713.79,0,53.75,3.42,0.08,0,0.25,15777.79,315.56,1
LN002354,CUST002354,Structured Credit,58402.25,8.91,180,672,1453363.18,60,74.72,8.72,0.05,1,0.35,58402.25,1022.04,2
LN002355,CUST002355,Mortgage,18950.86,7.61,120,837,2373117.6,0,45.27,6.44,0.02,0,0.25,18950.86,94.75,1
LN002356,CUST002356,Auto Loan,16418.86,11.22,36,749,427332.94,0,65.42,4.47,0.02,0,0.25,16418.86,82.09,1
LN002357,CUST002357,Structured Credit,28488.62,8.17,36,732,1407122.86,60,59.75,4.75,0.02,0,0.35,28488.62,199.42,2
LN002358,CUST002358,Auto Loan,24099.47,7.21,60,765,1974524.3,120,88.91,8.88,0.24,0,0.4,24099.47,2313.55,3
LN002359,CUST002359,Mortgage,31097.42,11.59,180,789,1600343.46,90,46.61,6.69,0.17,0,0.25,31097.42,1321.64,3
LN002360,CUST002360,Auto Loan,13244.17,10.95,36,617,302186.82,60,80.97,5.52,0.12,1,0.4,13244.17,635.72,2
LN002361,CUST002361,Auto Loan,71052.29,10.91,120,631,2437762.03,120,64.4,6.0,0.23,0,0.25,71052.29,4085.51,3
LN002362,CUST002362,Mortgage,79967.89,8.59,36,691,921093.31,120,75.27,3.59,0.17,0,0.25,79967.89,3398.64,3
LN002363,CUST002363,Auto Loan,9291.55,10.53,48,590,810875.2,0,52.33,3.45,0.08,0,0.25,9291.55,185.83,1
LN002364,CUST002364,Mortgage,72035.94,6.26,180,788,1342734.72,0,76.58,6.56,0.02,0,0.25,72035.94,360.18,1
LN002365,CUST002365,Mortgage,20591.42,9.01,36,552,1469855.74,120,80.44,6.07,0.27,0,0.4,20591.42,2223.87,3
LN002366,CUST002366,Auto Loan,66163.41,11.89,360,643,1974148.31,90,44.21,5.15,0.23,0,0.25,66163.41,3804.4,3
LN002367,CUST002367,Auto Loan,34616.56,7.04,180,608,1134865.73,0,89.46,6.4,0.12,0,0.4,34616.56,1661.59,1
LN002368,CUST002368,Mortgage,37054.42,10.56,36,777,1239910.85,0,91.68,3.44,0.06,0,0.4,37054.42,889.31,1
LN002369,CUST002369,Auto Loan,31902.24,8.43,120,567,1453659.81,90,43.81,8.66,0.26,1,0.25,31902.24,2073.65,3
LN002370,CUST002370,Mortgage,84837.29,5.28,120,788,1137370.97,60,76.19,4.76,0.02,0,0.25,84837.29,424.19,2
LN002371,CUST002371,Mortgage,15249.29,10.34,180,623,2307733.18,0,75.64,3.43,0.08,0,0.25,15249.29,304.99,1
LN002372,CUST002372,Structured Credit,55574.97,6.18,240,718,2165316.92,30,40.75,4.02,0.02,0,0.35,55574.97,389.02,2
LN002373,CUST002373,Mortgage,78506.06,9.42,60,813,1273690.81,0,60.54,3.57,0.02,0,0.25,78506.06,392.53,1
LN002374,CUST002374,Mortgage,59960.31,5.6,60,709,250438.44,0,98.14,4.07,0.06,0,0.4,59960.31,1439.05,1
LN002375,CUST002375,Mortgage,184848.02,11.63,48,718,2277102.61,30,73.33,5.5,0.02,0,0.25,184848.02,924.24,2
LN002376,CUST002376,Auto Loan,25077.77,7.04,240,755,529757.29,60,95.99,7.43,0.09,0,0.4,25077.77,902.8,2
LN002377,CUST002377,Auto Loan,70977.16,6.59,60,558,800152.93,0,80.54,4.63,0.12,0,0.4,70977.16,3406.9,1
LN002378,CUST002378,Mortgage,33716.3,5.9,180,664,592812.89,0,41.7,5.62,0.02,0,0.25,33716.3,168.58,1
LN002379,CUST002379,Mortgage,86110.29,11.62,60,701,654585.03,60,44.66,8.57,0.05,0,0.25,86110.29,1076.38,2
LN002380,CUST002380,Mortgage,36120.57,9.98,48,636,2056474.46,120,83.33,4.77,0.27,0,0.4,36120.57,3901.02,3
LN002381,CUST002381,Structured Credit,27680.6,10.19,36,644,1553878.24,0,73.27,7.77,0.11,0,0.35,27680.6,1065.7,1
LN002382,CUST002382,Structured Credit,90603.72,8.5,60,780,2401214.12,0,47.63,3.95,0.02,0,0.35,90603.72,634.23,1
LN002383,CUST002383,Structured Credit,25742.71,8.32,180,735,770770.4,0,76.84,4.07,0.02,0,0.35,25742.71,180.2,1
LN002384,CUST002384,Mortgage,13508.74,5.77,180,663,1342678.54,120,88.62,5.74,0.21,1,0.4,13508.74,1134.73,3
LN002385,CUST002385,Auto Loan,25291.08,8.92,48,823,2449213.83,60,85.18,4.4,0.06,0,0.4,25291.08,606.99,2
LN002386,CUST002386,Mortgage,56012.1,6.73,360,578,2109497.91,120,54.77,8.42,0.26,0,0.25,56012.1,3640.79,3
LN002387,CUST002387,Auto Loan,96223.33,11.84,48,752,1889385.28,0,55.49,3.3,0.02,0,0.25,96223.33,481.12,1
LN002388,CUST002388,Mortgage,39253.29,10.58,360,551,675194.2,0,98.07,6.58,0.12,1,0.4,39253.29,1884.16,1
LN002389,CUST002389,Mortgage,91375.98,7.89,120,627,1981162.15,60,93.24,6.63,0.12,0,0.4,91375.98,4386.05,2
LN002390,CUST002390,Mortgage,14034.55,6.06,120,780,1032021.53,60,59.1,3.4,0.02,0,0.25,14034.55,70.17,2
LN002391,CUST002391,Auto Loan,26627.92,10.5,120,647,1443708.02,60,89.44,7.4,0.15,0,0.4,26627.92,1597.68,2
LN002392,CUST002392,Auto Loan,29673.14,5.85,360,666,1620612.73,90,49.7,5.81,0.17,1,0.25,29673.14,1261.11,3
LN002393,CUST002393,Mortgage,33517.01,6.33,36,659,1621068.35,60,51.81,7.34,0.05,1,0.25,33517.01,418.96,2
LN002394,CUST002394,Auto Loan,38517.43,6.48,180,716,1884677.81,0,50.87,7.96,0.05,0,0.25,38517.43,481.47,1
LN002395,CUST002395,Structured Credit,58902.43,8.9,120,846,1738829.71,60,45.26,4.94,0.02,0,0.35,58902.43,412.32,2
LN002396,CUST002396,Auto Loan,26599.17,10.51,180,636,403834.48,30,91.28,5.91,0.12,0,0.4,26599.17,1276.76,2
LN002397,CUST002397,Auto Loan,40027.42,7.2,48,571,1279030.81,60,74.73,4.56,0.08,0,0.25,40027.42,800.55,2
LN002398,CUST002398,Auto Loan,35186.37,5.59,36,759,1744048.62,0,55.54,4.21,0.02,0,0.25,35186.37,175.93,1
LN002399,CUST002399,Mortgage,18993.97,8.25,48,821,915984.21,30,90.92,3.0,0.06,0,0.4,18993.97,455.86,2
LN002400,CUST002400,Mortgage,33537.96,10.24,180,827,954377.55,90,88.16,8.78,0.24,0,0.4,33537.96,3219.64,3
LN002401,CUST002401,Auto Loan,32841.17,6.55,240,688,530276.98,0,46.06,5.65,0.02,0,0.25,32841.17,164.21,1
LN002402,CUST002402,Auto Loan,32352.4,6.54,360,781,1191883.72,0,78.65,3.08,0.02,0,0.25,32352.4,161.76,1
LN002403,CUST002403,Mortgage,37131.9,11.63,240,782,2470368.48,0,83.31,3.05,0.06,0,0.4,37131.9,891.17,1
LN002404,CUST002404,Auto Loan,38291.05,11.68,120,629,891968.56,30,82.95,4.73,0.12,1,0.4,38291.05,1837.97,2
LN002405,CUST002405,Mortgage,26833.15,11.93,240,604,1445733.01,90,83.39,3.08,0.27,0,0.4,26833.15,2897.98,3
LN002406,CUST002406,Mortgage,88512.61,10.65,48,840,1922283.82,0,50.17,5.25,0.02,0,0.25,88512.61,442.56,1
LN002407,CUST002407,Auto Loan,16016.32,6.32,360,583,280368.86,120,58.91,3.38,0.23,0,0.25,16016.32,920.94,3
LN002408,CUST002408,Auto Loan,21923.64,6.48,240,801,2275989.01,0,90.65,3.24,0.06,0,0.4,21923.64,526.17,1
LN002409,CUST002409,Structured Credit,254224.89,7.38,60,674,1119737.92,60,93.9,7.02,0.09,0,0.5,254224.89,11440.12,2
LN002410,CUST002410,Mortgage,17560.48,7.23,36,560,2205510.97,120,56.75,8.44,0.26,0,0.25,17560.48,1141.43,3
LN002411,CUST002411,Mortgage,14078.04,11.7,180,671,337632.23,90,41.38,5.46,0.17,0,0.25,14078.04,598.32,3
LN002412,CUST002412,Auto Loan,60726.39,10.52,360,584,577742.99,0,91.59,8.02,0.15,0,0.4,60726.39,3643.58,1
LN002413,CUST002413,Mortgage,8484.67,10.07,120,618,975691.27,90,62.63,3.18,0.23,0,0.25,8484.67,487.87,3
LN002414,CUST002414,Auto Loan,30801.18,6.3,48,688,1027288.99,0,59.77,7.67,0.05,0,0.25,30801.18,385.01,1
LN002415,CUST002415,Mortgage,163093.26,11.37,36,561,2157537.0,0,60.82,3.38,0.08,0,0.25,163093.26,3261.87,1
LN002416,CUST002416,Structured Credit,12314.65,10.8,120,674,275202.51,60,64.94,8.03,0.05,0,0.35,12314.65,215.51,2
LN002417,CUST002417,Auto Loan,9069.07,6.15,48,848,1692501.5,0,62.7,8.29,0.05,0,0.25,9069.07,113.36,1
LN002418,CUST002418,Auto Loan,12715.45,11.1,240,696,545452.98,60,73.99,7.72,0.05,0,0.25,12715.45,158.94,2
LN002419,CUST002419,Auto Loan,68108.12,6.91,360,626,2102235.21,60,44.74,7.92,0.11,0,0.25,68108.12,1872.97,2
LN002420,CUST002420,Auto Loan,79805.18,5.57,180,617,2001789.85,0,98.29,6.37,0.12,0,0.4,79805.18,3830.65,1
LN002421,CUST002421,Auto Loan,25366.58,9.6,360,755,1374822.31,0,96.19,4.59,0.06,0,0.4,25366.58,608.8,1
LN002422,CUST002422,Auto Loan,58585.86,9.58,60,785,728546.26,0,96.06,6.86,0.06,0,0.4,58585.86,1406.06,1
LN002423,CUST002423,Mortgage,96103.28,5.66,60,608,1677614.63,60,92.76,5.64,0.12,1,0.4,96103.28,4612.96,2
LN002424,CUST002424,Mortgage,126898.46,7.23,360,807,601581.21,0,79.62,3.03,0.02,0,0.25,126898.46,634.49,1
LN002425,CUST002425,Auto Loan,30563.61,11.95,240,803,677553.53,0,53.27,5.86,0.02,0,0.25,30563.61,152.82,1
LN002426,CUST002426,Structured Credit,7251.54,9.75,180,792,1660052.28,0,42.97,6.91,0.02,0,0.35,7251.54,50.76,1
LN002427,CUST002427,Auto Loan,20442.77,10.11,36,826,2480264.0,30,45.96,3.08,0.02,0,0.25,20442.77,102.21,2
LN002428,CUST002428,Structured Credit,26936.49,6.49,180,769,2254886.88,90,59.44,6.73,0.17,0,0.35,26936.49,1602.72,3
LN002429,CUST002429,Auto Loan,30295.15,5.55,240,774,1584491.55,60,70.23,6.92,0.02,0,0.25,30295.15,151.48,2
LN002430,CUST002430,Structured Credit,31840.63,6.94,48,650,1461707.73,60,99.6,3.95,0.06,0,0.5,31840.63,955.22,2
LN002431,CUST002431,Mortgage,79477.26,6.74,360,671,2496365.98,0,66.13,5.59,0.02,0,0.25,79477.26,397.39,1
LN002432,CUST002432,Structured Credit,88618.85,6.64,360,767,1481643.58,30,71.48,8.79,0.05,0,0.35,88618.85,1550.83,2
LN002433,CUST002433,Structured Credit,32203.44,6.35,360,624,1195262.17,0,81.71,8.31,0.15,0,0.5,32203.44,2415.26,1
LN002434,CUST002434,Auto Loan,78349.86,9.02,360,786,2296499.96,120,50.84,5.46,0.17,0,0.25,78349.86,3329.87,3
LN002435,CUST002435,Structured Credit,46646.96,7.3,36,789,776914.67,90,95.97,5.1,0.21,0,0.5,46646.96,4897.93,3
LN002436,CUST002436,Auto Loan,37992.88,10.74,60,714,469433.48,0,71.74,3.74,0.02,0,0.25,37992.88,189.96,1
LN002437,CUST002437,Auto Loan,68499.44,6.29,240,706,1676702.58,60,56.58,3.21,0.02,0,0.25,68499.44,342.5,2
LN002438,CUST002438,Auto Loan,38199.45,8.25,48,760,465661.68,0,96.11,4.78,0.06,0,0.4,38199.45,916.79,1
LN002439,CUST002439,Mortgage,153348.41,5.1,240,826,1089584.21,90,77.53,8.64,0.2,0,0.25,153348.41,7667.42,3
LN002440,CUST002440,Auto Loan,13268.02,8.37,120,765,1203049.12,60,69.02,8.75,0.05,0,0.25,13268.02,165.85,2
LN002441,CUST002441,Mortgage,25320.77,5.39,120,767,1481960.65,90,74.81,7.88,0.2,0,0.25,25320.77,1266.04,3
LN002442,CUST002442,Mortgage,33237.59,11.84,120,782,2481233.98,0,84.9,5.1,0.06,0,0.4,33237.59,797.7,1
LN002443,CUST002443,Mortgage,49395.61,10.53,60,561,747208.88,60,49.27,3.86,0.08,0,0.25,49395.61,987.91,2
LN002444,CUST002444,Structured Credit,88218.53,8.43,180,632,1095451.85,30,91.89,6.57,0.12,0,0.5,88218.53,5293.11,2
LN002445,CUST002445,Mortgage,35700.54,5.61,36,662,547540.28,60,97.57,6.88,0.06,0,0.4,35700.54,856.81,2
LN002446,CUST002446,Auto Loan,13419.17,9.15,360,820,1617130.43,0,74.02,5.55,0.02,0,0.25,13419.17,67.1,1
LN002447,CUST002447,Auto Loan,65497.01,10.31,60,744,1887264.66,90,80.94,7.15,0.24,0,0.4,65497.01,6287.71,3
LN002448,CUST002448,Auto Loan,61603.33,6.34,48,690,1334672.85,0,91.59,7.48,0.09,0,0.4,61603.33,2217.72,1
LN002449,CUST002449,Auto Loan,9327.28,8.98,48,673,803120.35,0,62.49,7.7,0.05,0,0.25,9327.28,116.59,1
LN002450,CUST002450,Auto Loan,36218.93,10.7,120,690,1646998.61,0,99.57,6.01,0.06,0,0.4,36218.93,869.25,1
LN002451,CUST002451,Auto Loan,11931.06,10.38,36,757,1463104.88,120,80.83,7.75,0.24,0,0.4,11931.06,1145.38,3
LN002452,CUST002452,Structured Credit,22805.21,10.62,120,664,635167.88,120,65.44,3.15,0.17,0,0.35,22805.21,1356.91,3
LN002453,CUST002453,Mortgage,19303.35,11.16,48,755,1162784.28,0,80.64,7.08,0.09,0,0.4,19303.35,694.92,1
LN002454,CUST002454,Auto Loan,63990.2,11.56,48,837,1229193.46,0,71.3,4.41,0.02,0,0.25,63990.2,319.95,1
LN002455,CUST002455,Mortgage,39410.25,7.84,360,698,2460889.95,30,46.7,4.62,0.02,0,0.25,39410.25,197.05,2
LN002456,CUST002456,Auto Loan,14766.06,8.98,180,759,2160893.12,60,87.75,3.55,0.06,0,0.4,14766.06,354.39,2
LN002457,CUST002457,Mortgage,67241.52,10.53,360,661,1902334.27,30,73.86,4.15,0.02,0,0.25,67241.52,336.21,2
LN002458,CUST002458,Mortgage,13310.87,9.88,180,691,2249748.31,30,87.75,8.95,0.09,0,0.4,13310.87,479.19,2
LN002459,CUST002459,Mortgage,45756.07,11.97,360,573,1904839.91,0,49.29,5.49,0.08,1,0.25,45756.07,915.12,1
LN002460,CUST002460,Mortgage,20541.3,5.1,180,598,2282654.17,0,72.3,8.57,0.11,0,0.25,20541.3,564.89,1
LN002461,CUST002461,Structured Credit,28114.09,7.49,120,837,372744.51,60,86.0,3.98,0.06,0,0.5,28114.09,843.42,2
LN002462,CUST002462,Structured Credit,51688.44,6.97,240,560,1276148.97,60,99.3,4.22,0.12,0,0.5,51688.44,3101.31,2
LN002463,CUST002463,Mortgage,52313.75,6.84,36,737,1930521.25,90,93.06,6.35,0.21,0,0.4,52313.75,4394.36,3
LN002464,CUST002464,Mortgage,92584.62,6.56,180,617,1562415.54,0,91.86,5.1,0.12,0,0.4,92584.62,4444.06,1
LN002465,CUST002465,Mortgage,34283.6,9.96,60,639,644123.87,30,54.85,6.86,0.08,0,0.25,34283.6,685.67,2
LN002466,CUST002466,Auto Loan,45004.4,5.59,180,659,1016107.19,0,90.28,5.53,0.06,0,0.4,45004.4,1080.11,1
LN002467,CUST002467,Auto Loan,26731.12,10.19,120,713,964992.34,0,50.16,7.87,0.05,0,0.25,26731.12,334.14,1
LN002468,CUST002468,Auto Loan,41249.44,9.85,36,755,838030.55,0,51.89,5.59,0.02,0,0.25,41249.44,206.25,1
LN002469,CUST002469,Mortgage,49396.77,6.76,180,581,1022055.0,90,46.61,6.43,0.23,1,0.25,49396.77,2840.31,3
LN002470,CUST002470,Mortgage,33900.43,6.77,360,623,1408419.9,0,91.46,4.93,0.12,0,0.4,33900.43,1627.22,1
LN002471,CUST002471,Auto Loan,10274.03,9.4,36,800,2173455.31,30,46.5,7.22,0.05,0,0.25,10274.03,128.43,2
LN002472,CUST002472,Structured Credit,45799.55,10.34,60,570,1919573.49,0,48.29,6.93,0.08,0,0.35,45799.55,1282.39,1
LN002473,CUST002473,Structured Credit,46872.81,11.14,48,845,2129311.83,60,54.75,5.38,0.02,0,0.35,46872.81,328.11,2
LN002474,CUST002474,Mortgage,22558.76,10.96,360,847,2238108.43,0,74.36,4.66,0.02,0,0.25,22558.76,112.79,1
LN002475,CUST002475,Mortgage,14778.51,11.75,36,622,1186338.53,0,92.81,6.68,0.12,0,0.4,14778.51,709.37,1
LN002476,CUST002476,Structured Credit,102039.51,9.07,240,590,1028559.14,60,65.09,8.66,0.11,0,0.35,102039.51,3928.52,2
LN002477,CUST002477,Auto Loan,51226.48,11.36,180,643,379652.61,0,72.78,3.8,0.08,0,0.25,51226.48,1024.53,1
LN002478,CUST002478,Mortgage,30934.99,10.66,360,681,2343606.15,0,49.99,7.79,0.05,0,0.25,30934.99,386.69,1
LN002479,CUST002479,Auto Loan,16384.27,11.26,120,648,398101.79,0,55.96,6.26,0.08,0,0.25,16384.27,327.69,1
LN002480,CUST002480,Mortgage,20429.39,5.08,240,602,1917554.91,0,48.04,6.15,0.08,1,0.25,20429.39,408.59,1
LN002481,CUST002481,Auto Loan,90383.16,11.76,240,778,1100743.69,90,64.6,8.77,0.2,1,0.25,90383.16,4519.16,3
LN002482,CUST002482,Structured Credit,39989.15,8.31,120,677,2384756.74,0,75.42,6.64,0.02,0,0.35,39989.15,279.92,1
LN002483,CUST002483,Structured Credit,24700.75,10.59,120,761,1194104.55,90,57.04,7.98,0.2,1,0.35,24700.75,1729.05,3
LN002484,CUST002484,Auto Loan,51884.87,5.89,120,834,2087368.79,90,90.76,6.09,0.21,0,0.4,51884.87,4358.33,3
LN002485,CUST002485,Mortgage,20535.72,7.77,240,828,885973.37,120,98.87,4.5,0.21,0,0.4,20535.72,1725.0,3
LN002486,CUST002486,Structured Credit,103838.3,6.9,36,708,922949.61,0,47.21,7.17,0.05,0,0.35,103838.3,1817.17,1
LN002487,CUST002487,Mortgage,93616.35,7.04,120,782,1589918.67,0,41.07,8.54,0.05,0,0.25,93616.35,1170.2,1
LN002488,CUST002488,Structured Credit,26196.95,5.86,48,620,2495460.93,120,87.39,8.05,0.3,0,0.5,26196.95,3929.54,3
LN002489,CUST002489,Mortgage,23386.89,10.64,240,754,1414537.94,0,51.44,4.19,0.02,0,0.25,23386.89,116.93,1
LN002490,CUST002490,Auto Loan,5809.83,5.06,240,738,2356694.43,0,61.19,4.9,0.02,0,0.25,5809.83,29.05,1
LN002491,CUST002491,Auto Loan,12873.08,7.19,240,700,2019062.11,0,63.65,6.1,0.02,0,0.25,12873.08,64.37,1
LN002492,CUST002492,Auto Loan,14219.52,6.22,60,557,2040694.71,120,95.0,6.43,0.27,1,0.4,14219.52,1535.71,3
LN002493,CUST002493,Mortgage,39920.02,9.12,36,649,1230909.98,0,79.53,4.16,0.08,0,0.25,39920.02,798.4,1
LN002494,CUST002494,Auto Loan,28901.14,6.78,36,565,1119720.06,120,42.44,4.38,0.23,0,0.25,28901.14,1661.82,3
LN002495,CUST002495,Mortgage,14161.26,6.81,120,703,681824.07,0,40.89,7.55,0.05,0,0.25,14161.26,177.02,1
LN002496,CUST002496,Mortgage,29827.47,8.42,240,706,2418867.85,60,51.97,7.38,0.05,0,0.25,29827.47,372.84,2
LN002497,CUST002497,Mortgage,51727.04,9.57,360,642,2408635.63,0,59.09,8.04,0.11,0,0.25,51727.04,1422.49,1
LN002498,CUST002498,Structured Credit,52548.27,5.85,240,811,1930902.4,120,69.07,8.6,0.2,0,0.35,52548.27,3678.38,3
LN002499,CUST002499,Structured Credit,9606.84,6.23,120,586,916568.01,0,90.27,4.85,0.12,0,0.5,9606.84,576.41,1
LN002500,CUST002500,Mortgage,33197.03,6.73,36,710,801653.97,0,58.89,8.16,0.05,0,0.25,33197.03,414.96,1
LN002501,CUST002501,Structured Credit,13789.48,11.82,120,723,2474373.05,0,62.59,7.0,0.02,0,0.35,13789.48,96.53,1
LN002502,CUST002502,Mortgage,68268.93,7.78,120,567,399721.33,120,59.76,8.75,0.26,0,0.25,68268.93,4437.48,3
LN002503,CUST002503,Mortgage,62874.91,9.19,120,565,2148019.66,0,40.54,4.63,0.08,0,0.25,62874.91,1257.5,1
LN002504,CUST002504,Structured Credit,19368.07,6.69,120,819,1049780.5,120,97.31,4.62,0.21,0,0.5,19368.07,2033.65,3
LN002505,CUST002505,Auto Loan,21242.7,8.43,120,617,1192456.87,0,48.34,7.23,0.11,0,0.25,21242.7,584.17,1
LN002506,CUST002506,Auto Loan,26294.45,5.52,180,579,2121949.71,60,57.26,8.57,0.11,0,0.25,26294.45,723.1,2
LN002507,CUST002507,Structured Credit,7502.9,5.24,180,774,453856.79,0,47.76,7.95,0.05,0,0.35,7502.9,131.3,1
LN002508,CUST002508,Mortgage,45943.96,8.28,240,713,1046881.78,120,69.43,7.36,0.2,1,0.25,45943.96,2297.2,3
LN002509,CUST002509,Structured Credit,30001.68,7.79,240,563,2392054.62,60,95.93,5.32,0.12,1,0.5,30001.68,1800.1,2
LN002510,CUST002510,Structured Credit,71619.49,5.96,360,828,1822898.3,60,46.04,7.31,0.05,0,0.35,71619.49,1253.34,2
LN002511,CUST002511,Auto Loan,16833.29,9.81,360,705,1948613.12,0,66.45,7.81,0.05,0,0.25,16833.29,210.42,1
LN002512,CUST002512,Structured Credit,23543.71,11.95,180,671,1954386.93,0,41.34,7.52,0.05,0,0.35,23543.71,412.01,1
LN002513,CUST002513,Mortgage,12650.25,7.77,36,812,386282.69,60,86.25,7.06,0.09,0,0.4,12650.25,455.41,2
LN002514,CUST002514,Mortgage,17979.66,9.37,60,719,707217.08,0,78.47,3.28,0.02,0,0.25,17979.66,89.9,1
LN002515,CUST002515,Mortgage,15876.77,11.74,36,559,1355342.33,0,81.98,6.96,0.12,0,0.4,15876.77,762.08,1
LN002516,CUST002516,Structured Credit,72924.62,10.82,360,721,1078338.02,30,68.34,5.87,0.02,0,0.35,72924.62,510.47,2
LN002517,CUST002517,Auto Loan,22274.92,8.24,240,562,1174552.66,60,94.46,8.77,0.15,0,0.4,22274.92,1336.5,2
LN002518,CUST002518,Mortgage,39613.41,10.16,180,762,2008256.6,120,64.57,6.64,0.17,0,0.25,39613.41,1683.57,3
LN002519,CUST002519,Mortgage,27818.75,5.9,36,710,283028.28,90,70.85,6.65,0.17,1,0.25,27818.75,1182.3,3
LN002520,CUST002520,Mortgage,14933.68,8.58,60,781,1736106.83,60,81.72,8.96,0.09,0,0.4,14933.68,537.61,2
LN002521,CUST002521,Mortgage,32279.57,6.95,120,709,250248.02,0,71.23,3.56,0.02,0,0.25,32279.57,161.4,1
LN002522,CUST002522,Auto Loan,55236.12,6.13,48,676,391881.68,0,51.36,4.66,0.02,0,0.25,55236.12,276.18,1
LN002523,CUST002523,Auto Loan,15592.86,7.98,180,597,1168643.77,120,59.02,6.94,0.23,0,0.25,15592.86,896.59,3
LN002524,CUST002524,Auto Loan,63983.4,5.92,180,810,2142134.17,120,45.54,4.89,0.17,1,0.25,63983.4,2719.29,3
LN002525,CUST002525,Structured Credit,20034.19,9.89,60,610,576240.47,0,65.96,5.08,0.08,0,0.35,20034.19,560.96,1
LN002526,CUST002526,Auto Loan,25897.75,8.19,120,671,1497898.17,30,76.56,8.36,0.05,0,0.25,25897.75,323.72,2
LN002527,CUST002527,Auto Loan,52652.98,8.72,120,639,1776636.76,0,47.11,6.48,0.08,1,0.25,52652.98,1053.06,1
LN002528,CUST002528,Structured Credit,22824.61,6.02,48,804,766448.99,0,77.84,3.62,0.02,0,0.35,22824.61,159.77,1
LN002529,CUST002529,Auto Loan,37283.36,5.98,120,639,1402743.07,0,93.57,4.87,0.12,0,0.4,37283.36,1789.6,1
LN002530,CUST002530,Structured Credit,29135.61,9.08,60,552,2300666.39,120,60.26,3.46,0.23,0,0.35,29135.61,2345.42,3
LN002531,CUST002531,Mortgage,39757.65,11.9,240,829,1402514.18,30,53.32,6.34,0.02,0,0.25,39757.65,198.79,2
LN002532,CUST002532,Structured Credit,6860.14,5.67,120,666,603976.89,0,93.58,4.04,0.06,0,0.5,6860.14,205.8,1
LN002533,CUST002533,Auto Loan,10089.22,7.0,240,647,1662582.17,0,81.52,8.14,0.15,1,0.4,10089.22,605.35,1
LN002534,CUST002534,Auto Loan,55892.02,11.09,360,711,1582450.41,0,46.32,6.46,0.02,0,0.25,55892.02,279.46,1
LN002535,CUST002535,Mortgage,75058.79,5.51,360,847,310648.21,0,64.49,3.36,0.02,0,0.25,75058.79,375.29,1
LN002536,CUST002536,Structured Credit,19199.88,11.13,240,846,453837.41,90,80.45,4.81,0.21,0,0.5,19199.88,2015.99,3
LN002537,CUST002537,Mortgage,30613.0,8.67,60,631,602758.05,90,74.46,6.7,0.23,0,0.25,30613.0,1760.25,3
LN002538,CUST002538,Auto Loan,44636.33,7.86,180,697,556650.42,30,77.11,5.01,0.02,0,0.25,44636.33,223.18,2
LN002539,CUST002539,Mortgage,58997.62,7.17,180,555,833797.98,120,74.03,6.08,0.23,0,0.25,58997.62,3392.36,3
LN002540,CUST002540,Mortgage,8783.46,7.08,180,734,1271736.98,30,87.88,8.46,0.09,0,0.4,8783.46,316.2,2
LN002541,CUST002541,Mortgage,19531.27,7.14,36,801,1086361.67,30,59.23,5.1,0.02,0,0.25,19531.27,97.66,2
LN002542,CUST002542,Mortgage,28773.05,11.19,180,574,2253962.26,30,82.51,5.02,0.12,1,0.4,28773.05,1381.11,2
LN002543,CUST002543,Structured Credit,59408.83,10.07,60,590,1627246.17,30,99.46,7.92,0.15,0,0.5,59408.83,4455.66,2
LN002544,CUST002544,Mortgage,208751.82,9.69,48,718,2221324.79,90,63.4,4.91,0.17,0,0.25,208751.82,8871.95,3
LN002545,CUST002545,Auto Loan,30958.29,10.59,360,552,1435838.48,0,87.46,3.47,0.12,0,0.4,30958.29,1486.0,1
LN002546,CUST002546,Mortgage,13563.2,6.8,120,720,452208.56,0,54.77,4.09,0.02,0,0.25,13563.2,67.82,1
LN002547,CUST002547,Auto Loan,48126.47,9.33,180,606,1292396.76,120,56.91,8.69,0.26,0,0.25,48126.47,3128.22,3
LN002548,CUST002548,Mortgage,91555.17,8.22,36,632,2099573.23,60,96.09,8.6,0.15,0,0.4,91555.17,5493.31,2
LN002549,CUST002549,Mortgage,39167.79,10.48,360,728,686733.48,30,41.56,4.35,0.02,0,0.25,39167.79,195.84,2
LN002550,CUST002550,Auto Loan,19251.53,7.16,360,682,455232.13,90,53.05,6.32,0.17,0,0.25,19251.53,818.19,3
LN002551,CUST002551,Auto Loan,71011.4,9.5,240,635,991228.16,60,68.98,3.82,0.08,0,0.25,71011.4,1420.23,2
LN002552,CUST002552,Auto Loan,57784.85,11.18,36,820,1125020.12,0,64.11,7.05,0.05,0,0.25,57784.85,722.31,1
LN002553,CUST002553,Structured Credit,17707.5,7.82,60,643,939079.77,90,77.75,4.11,0.23,0,0.35,17707.5,1425.45,3
LN002554,CUST002554,Structured Credit,47429.42,5.47,48,799,554291.77,60,51.56,3.3,0.02,0,0.35,47429.42,332.01,2
LN002555,CUST002555,Auto Loan,72990.6,8.61,180,844,814389.68,90,44.23,7.95,0.2,0,0.25,72990.6,3649.53,3
LN002556,CUST002556,Structured Credit,83060.37,7.42,180,747,1785135.41,60,62.16,4.95,0.02,0,0.35,83060.37,581.42,2
LN002557,CUST002557,Mortgage,34665.0,9.71,36,628,1118339.16,120,71.46,3.65,0.23,0,0.25,34665.0,1993.24,3
LN002558,CUST002558,Auto Loan,28264.01,11.66,60,715,1673236.25,90,73.72,8.0,0.2,1,0.25,28264.01,1413.2,3
LN002559,CUST002559,Auto Loan,85741.45,8.4,36,588,1456683.5,0,76.09,7.57,0.11,1,0.25,85741.45,2357.89,1
LN002560,CUST002560,Mortgage,15566.67,8.26,36,763,1485369.11,60,72.92,7.1,0.05,0,0.25,15566.67,194.58,2
LN002561,CUST002561,Mortgage,49365.42,9.58,48,680,809236.51,0,54.75,8.47,0.05,0,0.25,49365.42,617.07,1
LN002562,CUST002562,Mortgage,13918.6,5.72,60,706,1423471.82,90,85.87,5.94,0.21,0,0.4,13918.6,1169.16,3
LN002563,CUST002563,Auto Loan,76554.9,6.77,48,708,303088.11,120,45.27,3.77,0.17,0,0.25,76554.9,3253.58,3
LN002564,CUST002564,Auto Loan,30314.1,11.43,60,776,1221423.42,0,51.9,3.37,0.02,0,0.25,30314.1,151.57,1
LN002565,CUST002565,Mortgage,88257.0,9.69,180,594,1538401.35,90,84.36,4.91,0.27,1,0.4,88257.0,9531.76,3
LN002566,CUST002566,Auto Loan,51225.31,5.09,120,750,659490.15,30,56.78,3.52,0.02,0,0.25,51225.31,256.13,2
LN002567,CUST002567,Auto Loan,15425.02,6.43,240,571,827256.64,0,69.61,6.21,0.08,1,0.25,15425.02,308.5,1
LN002568,CUST002568,Auto Loan,98443.63,9.78,120,791,743944.79,90,59.63,3.09,0.17,0,0.25,98443.63,4183.85,3
LN002569,CUST002569,Structured Credit,107567.27,10.35,360,778,408755.4,120,70.42,5.66,0.17,0,0.35,107567.27,6400.25,3
LN002570,CUST002570,Structured Credit,67346.12,10.88,60,787,1032678.97,0,60.8,4.07,0.02,0,0.35,67346.12,471.42,1
LN002571,CUST002571,Mortgage,21309.08,7.05,120,698,2452672.97,0,99.65,5.21,0.06,0,0.4,21309.08,511.42,1
LN002572,CUST002572,Structured Credit,29313.11,11.52,36,822,1046230.91,0,61.45,7.05,0.05,0,0.35,29313.11,512.98,1
LN002573,CUST002573,Auto Loan,40207.11,8.87,180,616,1286207.4,60,77.62,5.11,0.08,0,0.25,40207.11,804.14,2
LN002574,CUST002574,Mortgage,22190.13,9.88,240,556,1719446.31,0,93.3,5.05,0.12,0,0.4,22190.13,1065.13,1
LN002575,CUST002575,Auto Loan,118734.19,9.18,240,782,1709119.94,30,78.28,8.94,0.05,0,0.25,118734.19,1484.18,2
LN002576,CUST002576,Mortgage,40176.14,5.86,360,841,2387263.71,0,73.95,7.31,0.05,0,0.25,40176.14,502.2,1
LN002577,CUST002577,Structured Credit,5473.41,11.74,240,805,2179519.32,60,74.15,6.08,0.02,0,0.35,5473.41,38.31,2
LN002578,CUST002578,Mortgage,46053.04,5.86,180,616,2036389.05,0,69.79,6.48,0.08,0,0.25,46053.04,921.06,1
LN002579,CUST002579,Auto Loan,28460.99,6.78,120,799,2391161.26,0,88.45,6.72,0.06,0,0.4,28460.99,683.06,1
LN002580,CUST002580,Mortgage,34459.89,10.7,240,626,769222.12,0,43.03,3.15,0.08,1,0.25,34459.89,689.2,1
LN002581,CUST002581,Auto Loan,28056.24,9.33,240,636,1638371.94,60,93.11,3.48,0.12,0,0.4,28056.24,1346.7,2
LN002582,CUST002582,Structured Credit,63890.92,10.87,60,801,2246192.73,90,75.18,6.9,0.17,0,0.35,63890.92,3801.51,3
LN002583,CUST002583,Mortgage,79521.4,8.61,36,771,1654310.86,120,90.93,5.19,0.21,0,0.4,79521.4,6679.8,3
LN002584,CUST002584,Mortgage,44273.31,7.64,60,621,2449196.07,0,40.62,3.33,0.08,0,0.25,44273.31,885.47,1
LN002585,CUST002585,Mortgage,28637.78,11.45,120,751,475793.61,0,92.16,4.79,0.06,0,0.4,28637.78,687.31,1
LN002586,CUST002586,Mortgage,35279.73,5.25,180,608,1238493.63,0,47.21,3.78,0.08,0,0.25,35279.73,705.59,1
LN002587,CUST002587,Auto Loan,36817.18,10.99,180,825,2449066.54,90,83.27,8.5,0.24,0,0.4,36817.18,3534.45,3
LN002588,CUST002588,Mortgage,20708.49,6.62,60,770,1104028.06,0,64.99,4.22,0.02,0,0.25,20708.49,103.54,1
LN002589,CUST002589,Auto Loan,54461.54,10.94,48,706,1914001.84,120,80.86,3.86,0.21,0,0.4,54461.54,4574.77,3
LN002590,CUST002590,Mortgage,50112.69,5.97,60,730,318406.53,90,77.69,6.76,0.17,0,0.25,50112.69,2129.79,3
LN002591,CUST002591,Structured Credit,106756.83,9.06,48,762,1813383.51,30,49.8,6.13,0.02,0,0.35,106756.83,747.3,2
LN002592,CUST002592,Structured Credit,87443.21,11.22,360,678,2352910.15,120,70.88,6.46,0.17,0,0.35,87443.21,5202.87,3
LN002593,CUST002593,Mortgage,22472.05,8.31,60,792,1111089.14,0,56.63,5.62,0.02,0,0.25,22472.05,112.36,1
LN002594,CUST002594,Mortgage,64486.35,10.23,48,721,297924.64,30,73.63,5.8,0.02,0,0.25,64486.35,322.43,2
LN002595,CUST002595,Auto Loan,18663.64,10.63,48,819,312797.06,120,84.28,7.67,0.24,0,0.4,18663.64,1791.71,3
LN002596,CUST002596,Mortgage,59109.83,10.16,240,712,2257052.44,0,44.88,4.32,0.02,0,0.25,59109.83,295.55,1
LN002597,CUST002597,Auto Loan,25295.2,11.48,360,573,1875661.24,60,70.95,5.38,0.08,0,0.25,25295.2,505.9,2
LN002598,CUST002598,Mortgage,17742.58,8.13,240,742,490044.36,0,77.06,8.75,0.05,0,0.25,17742.58,221.78,1
LN002599,CUST002599,Auto Loan,44180.19,6.21,48,843,372828.12,0,57.72,4.14,0.02,0,0.25,44180.19,220.9,1
LN002600,CUST002600,Auto Loan,5584.8,5.33,48,678,2060857.07,120,97.18,4.76,0.21,1,0.4,5584.8,469.12,3
LN002601,CUST002601,Mortgage,10660.68,6.73,36,590,2072186.42,60,71.22,4.15,0.08,0,0.25,10660.68,213.21,2
LN002602,CUST002602,Auto Loan,32072.55,6.0,48,580,521174.14,0,50.95,3.12,0.08,0,0.25,32072.55,641.45,1
LN002603,CUST002603,Mortgage,38472.89,8.91,240,585,928420.91,0,46.47,4.62,0.08,1,0.25,38472.89,769.46,1
LN002604,CUST002604,Auto Loan,28042.51,6.29,48,802,2005058.65,0,72.5,3.28,0.02,0,0.25,28042.51,140.21,1
LN002605,CUST002605,Auto Loan,12020.81,5.27,180,764,1432177.16,120,62.51,3.93,0.17,0,0.25,12020.81,510.88,3
LN002606,CUST002606,Mortgage,20485.56,5.25,36,836,2402315.94,0,51.55,5.18,0.02,0,0.25,20485.56,102.43,1
LN002607,CUST002607,Auto Loan,47755.36,10.82,48,805,1332390.95,30,41.84,3.12,0.02,0,0.25,47755.36,238.78,2
LN002608,CUST002608,Auto Loan,54570.42,9.14,240,735,1773155.36,120,74.0,7.52,0.2,0,0.25,54570.42,2728.52,3
LN002609,CUST002609,Mortgage,35905.43,7.51,240,610,1397012.57,0,75.92,7.77,0.11,0,0.25,35905.43,987.4,1
LN002610,CUST002610,Auto Loan,81616.25,11.26,120,811,2371672.37,60,48.51,5.47,0.02,0,0.25,81616.25,408.08,2
LN002611,CUST002611,Structured Credit,47962.65,5.49,240,825,1146982.96,60,76.1,8.91,0.05,0,0.35,47962.65,839.35,2
LN002612,CUST002612,Auto Loan,21520.93,11.86,36,660,767042.02,120,97.12,7.07,0.24,0,0.4,21520.93,2066.01,3
LN002613,CUST002613,Auto Loan,29841.3,9.31,240,690,984926.19,0,98.7,7.46,0.09,0,0.4,29841.3,1074.29,1
LN002614,CUST002614,Mortgage,13602.29,6.28,180,782,2168744.21,0,93.31,4.15,0.06,0,0.4,13602.29,326.45,1
LN002615,CUST002615,Auto Loan,33667.99,9.75,60,572,1370361.77,30,88.42,8.02,0.15,1,0.4,33667.99,2020.08,2
LN002616,CUST002616,Auto Loan,79100.18,10.34,180,628,1047067.68,60,52.56,8.67,0.11,1,0.25,79100.18,2175.25,2
LN002617,CUST002617,Auto Loan,58671.13,8.01,360,580,1474585.05,0,49.39,4.42,0.08,0,0.25,58671.13,1173.42,1
LN002618,CUST002618,Auto Loan,96897.26,11.03,180,553,549766.84,0,66.7,7.12,0.11,0,0.25,96897.26,2664.67,1
LN002619,CUST002619,Structured Credit,29377.38,6.06,36,667,262058.44,120,77.18,7.48,0.2,0,0.35,29377.38,2056.42,3
LN002620,CUST002620,Auto Loan,93178.27,6.95,36,615,881315.54,0,91.04,4.83,0.12,1,0.4,93178.27,4472.56,1
LN002621,CUST002621,Mortgage,31719.5,5.65,120,836,1611262.87,0,53.92,5.85,0.02,0,0.25,31719.5,158.6,1
LN002622,CUST002622,Structured Credit,101733.26,6.48,240,725,1851281.73,120,68.78,3.59,0.17,0,0.35,101733.26,6053.13,3
LN002623,CUST002623,Mortgage,35764.11,6.67,120,672,2109874.67,0,78.85,4.04,0.02,0,0.25,35764.11,178.82,1
LN002624,CUST002624,Structured Credit,59579.21,11.42,36,780,2334993.01,0,66.74,3.37,0.02,0,0.35,59579.21,417.05,1
LN002625,CUST002625,Auto Loan,101984.76,5.55,240,592,1177252.78,0,67.25,6.36,0.08,0,0.25,101984.76,2039.7,1
LN002626,CUST002626,Structured Credit,31716.76,7.99,36,553,1916162.8,0,53.51,6.75,0.08,1,0.35,31716.76,888.07,1
LN002627,CUST002627,Auto Loan,42313.96,8.73,36,739,418014.09,90,99.2,8.5,0.24,0,0.4,42313.96,4062.14,3
LN002628,CUST002628,Mortgage,89518.84,11.29,60,799,379442.5,0,68.51,6.25,0.02,0,0.25,89518.84,447.59,1
LN002629,CUST002629,Mortgage,33087.07,11.98,180,693,530795.48,0,71.96,4.56,0.02,0,0.25,33087.07,165.44,1
LN002630,CUST002630,Auto Loan,14405.64,10.27,120,707,1259280.47,0,53.11,3.36,0.02,0,0.25,14405.64,72.03,1
LN002631,CUST002631,Mortgage,162771.87,11.8,120,614,725383.24,0,70.85,8.31,0.11,1,0.25,162771.87,4476.23,1
LN002632,CUST002632,Mortgage,26138.51,10.51,48,819,895581.12,0,55.32,5.87,0.02,0,0.25,26138.51,130.69,1
LN002633,CUST002633,Auto Loan,40584.0,11.74,360,624,1707730.39,0,52.14,7.42,0.11,0,0.25,40584.0,1116.06,1
LN002634,CUST002634,Auto Loan,81569.01,9.95,60,578,1056674.9,90,56.54,3.09,0.23,0,0.25,81569.01,4690.22,3
LN002635,CUST002635,Mortgage,23719.54,5.56,36,787,1504086.0,0,40.17,5.93,0.02,0,0.25,23719.54,118.6,1
LN002636,CUST002636,Mortgage,17934.7,7.81,36,702,1177908.45,0,74.21,4.95,0.02,0,0.25,17934.7,89.67,1
LN002637,CUST002637,Structured Credit,43374.03,9.53,60,643,630180.82,0,63.25,3.18,0.08,0,0.35,43374.03,1214.47,1
LN002638,CUST002638,Mortgage,10351.08,7.46,240,786,416544.98,90,93.92,7.65,0.24,0,0.4,10351.08,993.7,3
LN002639,CUST002639,Structured Credit,29687.04,6.91,120,664,781520.86,120,42.44,6.08,0.17,0,0.35,29687.04,1766.38,3
LN002640,CUST002640,Mortgage,43110.72,9.04,36,845,379826.06,90,42.59,5.0,0.17,0,0.25,43110.72,1832.21,3
LN002641,CUST002641,Auto Loan,30062.5,11.53,360,768,1641876.91,30,93.15,7.83,0.09,0,0.4,30062.5,1082.25,2
LN002642,CUST002642,Auto Loan,12327.46,5.24,48,795,2040364.6,60,47.6,5.68,0.02,0,0.25,12327.46,61.64,2
LN002643,CUST002643,Mortgage,110849.04,10.38,120,581,1014416.73,60,40.13,3.02,0.08,0,0.25,110849.04,2216.98,2
LN002644,CUST002644,Mortgage,39045.26,10.06,180,569,1120999.87,0,50.73,8.67,0.11,0,0.25,39045.26,1073.74,1
LN002645,CUST002645,Auto Loan,98894.26,11.75,360,602,2086429.89,60,89.43,4.53,0.12,1,0.4,98894.26,4746.92,2
LN002646,CUST002646,Auto Loan,30271.88,11.51,60,755,750879.05,30,88.16,7.98,0.09,0,0.4,30271.88,1089.79,2
LN002647,CUST002647,Structured Credit,19613.86,10.34,120,768,518110.6,0,60.41,7.9,0.05,0,0.35,19613.86,343.24,1
LN002648,CUST002648,Mortgage,43845.47,8.64,180,744,1377515.76,30,80.08,3.97,0.06,0,0.4,43845.47,1052.29,2
LN002649,CUST002649,Mortgage,31224.21,6.43,48,744,1703927.88,0,70.43,5.84,0.02,0,0.25,31224.21,156.12,1
LN002650,CUST002650,Mortgage,15923.75,8.82,240,631,1599222.46,60,94.28,3.24,0.12,0,0.4,15923.75,764.34,2
LN002651,CUST002651,Auto Loan,101605.1,10.36,60,550,1856214.35,90,43.39,5.13,0.23,0,0.25,101605.1,5842.29,3
LN002652,CUST002652,Auto Loan,23491.9,11.27,240,716,377690.16,0,88.79,7.39,0.09,0,0.4,23491.9,845.71,1
LN002653,CUST002653,Auto Loan,10014.74,10.53,360,732,1213453.63,0,50.24,4.42,0.02,0,0.25,10014.74,50.07,1
LN002654,CUST002654,Auto Loan,92015.86,6.37,36,822,786783.68,90,63.5,3.7,0.17,0,0.25,92015.86,3910.67,3
LN002655,CUST002655,Mortgage,25514.22,9.2,240,706,1958022.83,0,51.52,6.04,0.02,0,0.25,25514.22,127.57,1
LN002656,CUST002656,Mortgage,23730.66,7.33,36,750,2213643.59,120,82.16,6.22,0.21,0,0.4,23730.66,1993.38,3
LN002657,CUST002657,Structured Credit,10553.67,5.06,360,741,883005.42,0,80.7,7.05,0.09,0,0.5,10553.67,474.92,1
LN002658,CUST002658,Structured Credit,122842.59,6.4,180,848,464240.68,0,72.87,7.55,0.05,0,0.35,122842.59,2149.75,1
LN002659,CUST002659,Auto Loan,14725.91,5.79,120,625,820212.91,0,81.89,7.17,0.15,0,0.4,14725.91,883.55,1
LN002660,CUST002660,Mortgage,37832.15,10.9,48,689,484019.1,0,78.37,8.07,0.05,0,0.25,37832.15,472.9,1
LN002661,CUST002661,Mortgage,68791.41,6.81,180,745,975449.87,0,86.59,4.34,0.06,0,0.4,68791.41,1650.99,1
LN002662,CUST002662,Structured Credit,48786.16,6.99,48,610,1460946.8,0,54.36,6.42,0.08,0,0.35,48786.16,1366.01,1
LN002663,CUST002663,Auto Loan,34830.27,11.72,240,632,2440782.15,90,65.73,5.16,0.23,0,0.25,34830.27,2002.74,3
LN002664,CUST002664,Mortgage,11035.07,7.65,48,554,1148583.07,90,49.1,8.77,0.26,0,0.25,11035.07,717.28,3
LN002665,CUST002665,Mortgage,20603.01,5.07,240,768,745089.83,90,65.78,5.64,0.17,1,0.25,20603.01,875.63,3
LN002666,CUST002666,Auto Loan,41417.56,6.99,48,803,625303.92,0,82.1,8.76,0.09,0,0.4,41417.56,1491.03,1
LN002667,CUST002667,Auto Loan,20930.82,5.84,60,637,639339.47,0,81.48,7.61,0.15,0,0.4,20930.82,1255.85,1
LN002668,CUST002668,Mortgage,41871.12,5.72,180,758,683344.79,120,82.57,7.31,0.24,1,0.4,41871.12,4019.63,3
LN002669,CUST002669,Mortgage,58525.65,5.54,60,729,1965100.8,0,58.53,5.95,0.02,0,0.25,58525.65,292.63,1
LN002670,CUST002670,Auto Loan,71235.89,9.15,120,757,387312.35,0,79.73,5.66,0.02,1,0.25,71235.89,356.18,1
LN002671,CUST002671,Mortgage,15393.1,6.33,120,822,2494156.09,30,62.05,6.16,0.02,0,0.25,15393.1,76.97,2
LN002672,CUST002672,Auto Loan,168999.7,7.53,36,614,1426044.38,90,96.67,4.76,0.27,0,0.4,168999.7,18251.97,3
LN002673,CUST002673,Mortgage,62145.62,11.03,36,570,1474611.76,30,60.6,8.43,0.11,0,0.25,62145.62,1709.0,2
LN002674,CUST002674,Auto Loan,36271.95,7.97,36,726,1054518.73,0,76.18,7.77,0.05,0,0.25,36271.95,453.4,1
LN002675,CUST002675,Structured Credit,77860.62,11.41,360,571,1803074.56,90,85.01,7.81,0.3,0,0.5,77860.62,11679.09,3
LN002676,CUST002676,Auto Loan,190191.25,8.49,120,585,1310776.77,90,94.38,5.6,0.27,0,0.4,190191.25,20540.66,3
LN002677,CUST002677,Auto Loan,13265.15,7.79,48,799,990387.89,0,66.28,3.43,0.02,0,0.25,13265.15,66.33,1
LN002678,CUST002678,Auto Loan,31017.79,10.25,240,698,846561.41,0,61.63,7.1,0.05,0,0.25,31017.79,387.72,1
LN002679,CUST002679,Auto Loan,6871.23,5.51,360,622,2332715.22,0,65.8,5.25,0.08,0,0.25,6871.23,137.42,1
LN002680,CUST002680,Mortgage,41558.45,5.63,48,640,904726.41,120,59.42,8.22,0.26,1,0.25,41558.45,2701.3,3
LN002681,CUST002681,Auto Loan,46900.14,9.56,180,725,1231884.83,120,79.24,7.68,0.2,0,0.25,46900.14,2345.01,3
LN002682,CUST002682,Structured Credit,35333.49,8.41,120,675,1038268.15,60,95.96,3.87,0.06,0,0.5,35333.49,1060.0,2
LN002683,CUST002683,Auto Loan,22967.29,10.53,240,753,443902.36,30,47.56,6.61,0.02,0,0.25,22967.29,114.84,2
LN002684,CUST002684,Auto Loan,8650.22,11.41,240,795,668352.39,30,73.66,7.15,0.05,0,0.25,8650.22,108.13,2
LN002685,CUST002685,Auto Loan,47168.12,7.72,240,648,676379.44,0,93.86,6.41,0.12,0,0.4,47168.12,2264.07,1
LN002686,CUST002686,Auto Loan,100589.6,9.17,36,820,1810711.41,90,46.01,6.08,0.17,0,0.25,100589.6,4275.06,3
LN002687,CUST002687,Auto Loan,24011.47,8.5,240,593,1164817.17,60,69.63,4.37,0.08,0,0.25,24011.47,480.23,2
LN002688,CUST002688,Mortgage,49416.61,11.87,240,771,2009427.02,0,91.91,4.42,0.06,0,0.4,49416.61,1186.0,1
LN002689,CUST002689,Mortgage,12116.2,10.82,120,646,1845139.58,0,94.03,7.61,0.15,0,0.4,12116.2,726.97,1
LN002690,CUST002690,Mortgage,50013.54,11.38,48,585,682111.97,0,70.86,3.11,0.08,0,0.25,50013.54,1000.27,1
LN002691,CUST002691,Mortgage,27574.11,6.78,360,717,1516563.07,120,41.5,7.67,0.2,0,0.25,27574.11,1378.71,3
LN002692,CUST002692,Mortgage,21296.7,10.41,360,579,1921544.9,60,46.34,6.16,0.08,0,0.25,21296.7,425.93,2
LN002693,CUST002693,Auto Loan,21327.35,6.86,48,831,1674346.58,60,75.2,8.62,0.05,0,0.25,21327.35,266.59,2
LN002694,CUST002694,Mortgage,27569.68,6.46,60,634,1600037.14,0,47.43,8.98,0.11,0,0.25,27569.68,758.17,1
LN002695,CUST002695,Structured Credit,47462.89,11.61,60,670,1914124.5,0,48.97,6.98,0.02,0,0.35,47462.89,332.24,1
LN002696,CUST002696,Mortgage,14493.94,5.14,180,836,377756.66,90,86.33,5.47,0.21,0,0.4,14493.94,1217.49,3
LN002697,CUST002697,Mortgage,27502.14,11.76,120,797,1895699.38,30,85.04,5.85,0.06,0,0.4,27502.14,660.05,2
LN002698,CUST002698,Auto Loan,35276.41,6.04,60,733,863474.34,30,90.57,4.23,0.06,0,0.4,35276.41,846.63,2
LN002699,CUST002699,Mortgage,16825.86,10.74,60,802,1536712.57,0,46.34,3.6,0.02,0,0.25,16825.86,84.13,1
LN002700,CUST002700,Mortgage,127728.94,6.93,120,822,795186.24,30,51.89,6.47,0.02,0,0.25,127728.94,638.64,2
LN002701,CUST002701,Mortgage,19981.32,7.45,48,758,2137339.54,0,89.98,7.83,0.09,0,0.4,19981.32,719.33,1
LN002702,CUST002702,Structured Credit,22728.94,6.52,180,573,1331258.55,60,83.27,4.57,0.12,0,0.5,22728.94,1363.74,2
LN002703,CUST002703,Auto Loan,18309.67,9.1,180,671,1696617.73,60,88.36,5.52,0.06,0,0.4,18309.67,439.43,2
LN002704,CUST002704,Auto Loan,127891.31,7.44,180,774,2036684.6,0,99.38,6.33,0.06,0,0.4,127891.31,3069.39,1
LN002705,CUST002705,Mortgage,53478.43,9.6,60,672,2264459.32,90,91.87,8.45,0.24,1,0.4,53478.43,5133.93,3
LN002706,CUST002706,Structured Credit,18852.21,5.11,48,843,1897139.72,60,71.23,3.83,0.02,0,0.35,18852.21,131.97,2
LN002707,CUST002707,Auto Loan,78775.88,5.45,180,722,584729.3,90,58.65,4.42,0.17,0,0.25,78775.88,3347.97,3
LN002708,CUST002708,Auto Loan,41793.21,5.7,120,692,2172697.83,0,74.18,8.51,0.05,0,0.25,41793.21,522.42,1
LN002709,CUST002709,Auto Loan,43480.92,7.93,180,718,1641800.31,0,78.32,3.24,0.02,0,0.25,43480.92,217.4,1
LN002710,CUST002710,Auto Loan,28534.41,10.7,360,606,1621261.96,0,60.12,6.94,0.08,0,0.25,28534.41,570.69,1
LN002711,CUST002711,Mortgage,21491.41,11.22,36,591,2323016.26,0,86.26,6.84,0.12,0,0.4,21491.41,1031.59,1
LN002712,CUST002712,Mortgage,46001.82,6.71,48,668,809871.0,0,45.57,5.3,0.02,0,0.25,46001.82,230.01,1
LN002713,CUST002713,Auto Loan,24796.03,9.02,36,670,789072.14,90,86.76,5.81,0.21,0,0.4,24796.03,2082.87,3
LN002714,CUST002714,Auto Loan,129537.92,10.38,48,800,1404685.5,0,41.92,8.13,0.05,0,0.25,129537.92,1619.22,1
LN002715,CUST002715,Auto Loan,14935.5,7.02,240,731,1939441.9,90,69.88,3.99,0.17,0,0.25,14935.5,634.76,3
LN002716,CUST002716,Auto Loan,106437.13,7.86,120,714,1256291.59,0,91.69,4.39,0.06,0,0.4,106437.13,2554.49,1
LN002717,CUST002717,Mortgage,33593.13,8.67,240,813,1676255.63,0,45.19,6.07,0.02,0,0.25,33593.13,167.97,1
LN002718,CUST002718,Structured Credit,44772.98,5.94,60,759,1268180.63,60,71.06,5.46,0.02,0,0.35,44772.98,313.41,2
LN002719,CUST002719,Structured Credit,65069.45,5.18,60,560,1623371.16,0,49.56,6.45,0.08,1,0.35,65069.45,1821.94,1
LN002720,CUST002720,Auto Loan,23361.05,6.07,240,731,2100090.18,90,93.69,8.53,0.24,0,0.4,23361.05,2242.66,3
LN002721,CUST002721,Structured Credit,66501.11,9.39,48,800,656072.57,60,89.94,8.5,0.09,0,0.5,66501.11,2992.55,2
LN002722,CUST002722,Mortgage,5457.35,5.52,180,687,1814601.7,0,96.04,4.38,0.06,0,0.4,5457.35,130.98,1
LN002723,CUST002723,Mortgage,21938.7,6.33,36,767,2021707.91,0,92.5,4.81,0.06,0,0.4,21938.7,526.53,1
LN002724,CUST002724,Mortgage,19018.28,7.36,120,788,1256000.67,30,84.19,3.97,0.06,0,0.4,19018.28,456.44,2
LN002725,CUST002725,Auto Loan,15101.45,5.55,180,636,977275.55,120,51.09,8.57,0.26,0,0.25,15101.45,981.59,3
LN002726,CUST002726,Auto Loan,31242.41,6.34,60,847,280474.73,90,58.15,5.39,0.17,0,0.25,31242.41,1327.8,3
LN002727,CUST002727,Auto Loan,47573.21,11.38,180,842,2043486.3,120,69.81,5.7,0.17,0,0.25,47573.21,2021.86,3
LN002728,CUST002728,Auto Loan,59388.86,5.14,240,641,987861.98,0,75.33,7.82,0.11,0,0.25,59388.86,1633.19,1
LN002729,CUST002729,Auto Loan,42985.31,9.57,240,757,1053946.31,0,86.93,6.08,0.06,0,0.4,42985.31,1031.65,1
LN002730,CUST002730,Mortgage,22788.57,7.69,360,753,1006013.87,120,53.62,3.72,0.17,0,0.25,22788.57,968.51,3
LN002731,CUST002731,Mortgage,47019.21,9.71,360,735,1372163.49,0,47.7,5.63,0.02,0,0.25,47019.21,235.1,1
LN002732,CUST002732,Mortgage,39616.46,9.12,36,634,1830624.04,0,68.96,6.78,0.08,0,0.25,39616.46,792.33,1
LN002733,CUST002733,Auto Loan,69929.25,6.56,60,701,1986692.04,0,49.47,7.32,0.05,0,0.25,69929.25,874.12,1
LN002734,CUST002734,Structured Credit,62558.39,10.93,48,705,1133284.12,0,81.62,6.87,0.06,0,0.5,62558.39,1876.75,1
LN002735,CUST002735,Structured Credit,37098.56,8.44,120,842,1741979.58,0,74.54,3.72,0.02,0,0.35,37098.56,259.69,1
LN002736,CUST002736,Mortgage,19378.57,10.76,240,570,1871539.56,120,84.47,4.83,0.27,0,0.4,19378.57,2092.89,3
LN002737,CUST002737,Structured Credit,22992.77,7.84,120,710,918064.0,0,43.81,7.4,0.05,0,0.35,22992.77,402.37,1
LN002738,CUST002738,Mortgage,24714.55,11.89,60,705,467398.31,0,97.88,8.28,0.09,0,0.4,24714.55,889.72,1
LN002739,CUST002739,Structured Credit,29123.88,10.39,48,692,2262997.87,60,40.0,3.28,0.02,0,0.35,29123.88,203.87,2
LN002740,CUST002740,Auto Loan,43810.79,11.76,360,806,1773510.94,0,59.53,3.25,0.02,0,0.25,43810.79,219.05,1
LN002741,CUST002741,Auto Loan,59911.4,8.6,240,656,1708248.42,0,80.78,6.86,0.06,0,0.4,59911.4,1437.87,1
LN002742,CUST002742,Auto Loan,35039.0,8.32,36,833,382530.66,0,42.71,6.29,0.02,0,0.25,35039.0,175.2,1
LN002743,CUST002743,Auto Loan,36727.73,10.29,120,599,2090214.38,30,45.0,3.93,0.08,0,0.25,36727.73,734.55,2
LN002744,CUST002744,Auto Loan,40147.46,11.16,60,584,1523621.85,30,44.6,6.29,0.08,0,0.25,40147.46,802.95,2
LN002745,CUST002745,Mortgage,25307.76,11.75,120,773,2157739.94,90,74.89,8.85,0.2,1,0.25,25307.76,1265.39,3
LN002746,CUST002746,Mortgage,19000.59,7.27,360,705,2442762.66,60,93.76,6.79,0.06,0,0.4,19000.59,456.01,2
LN002747,CUST002747,Mortgage,10627.43,10.59,360,740,2403475.72,0,73.33,5.69,0.02,0,0.25,10627.43,53.14,1
LN002748,CUST002748,Auto Loan,22323.51,6.47,48,733,2176201.03,30,76.21,7.97,0.05,0,0.25,22323.51,279.04,2
LN002749,CUST002749,Structured Credit,50574.45,8.82,36,786,274631.59,60,60.76,4.28,0.02,0,0.35,50574.45,354.02,2
LN002750,CUST002750,Mortgage,22202.54,6.26,360,846,2242886.22,60,41.12,5.49,0.02,0,0.25,22202.54,111.01,2
LN002751,CUST002751,Auto Loan,30746.61,7.43,48,607,418890.21,30,41.3,6.17,0.08,0,0.25,30746.61,614.93,2
LN002752,CUST002752,Mortgage,50337.31,11.52,360,588,2165186.43,30,93.3,6.03,0.12,1,0.4,50337.31,2416.19,2
LN002753,CUST002753,Auto Loan,52285.93,6.02,240,790,880391.65,60,46.15,8.53,0.05,0,0.25,52285.93,653.57,2
LN002754,CUST002754,Auto Loan,17057.19,9.43,180,574,1622653.76,120,99.99,4.76,0.27,0,0.4,17057.19,1842.18,3
LN002755,CUST002755,Structured Credit,72980.06,9.15,48,666,335653.52,60,49.87,3.34,0.02,0,0.35,72980.06,510.86,2
LN002756,CUST002756,Auto Loan,79949.07,5.85,48,789,1985158.82,0,80.48,8.5,0.09,0,0.4,79949.07,2878.17,1
LN002757,CUST002757,Mortgage,16466.86,7.28,120,724,501338.78,30,96.94,4.3,0.06,0,0.4,16466.86,395.2,2
LN002758,CUST002758,Structured Credit,20400.49,8.94,360,777,1174048.39,0,61.74,5.27,0.02,0,0.35,20400.49,142.8,1
LN002759,CUST002759,Mortgage,83597.05,6.31,48,802,2089253.51,60,84.07,6.19,0.06,0,0.4,83597.05,2006.33,2
LN002760,CUST002760,Auto Loan,32767.83,10.6,60,660,1814535.24,0,61.05,8.86,0.05,0,0.25,32767.83,409.6,1
LN002761,CUST002761,Auto Loan,7678.32,11.81,240,790,263596.07,0,58.3,6.21,0.02,0,0.25,7678.32,38.39,1
LN002762,CUST002762,Auto Loan,13632.65,6.5,120,773,1156822.75,90,52.11,5.69,0.17,0,0.25,13632.65,579.39,3
LN002763,CUST002763,Mortgage,30498.76,6.31,120,847,344336.91,60,89.26,6.5,0.06,0,0.4,30498.76,731.97,2
LN002764,CUST002764,Mortgage,16088.66,8.18,180,601,1765374.69,0,55.44,8.82,0.11,0,0.25,16088.66,442.44,1
LN002765,CUST002765,Auto Loan,27189.97,10.23,240,770,2430134.11,0,56.99,7.91,0.05,0,0.25,27189.97,339.87,1
LN002766,CUST002766,Structured Credit,37148.45,6.97,60,837,1724337.84,90,99.94,4.01,0.21,1,0.5,37148.45,3900.59,3
LN002767,CUST002767,Mortgage,101070.97,5.14,240,701,754837.97,0,59.64,7.82,0.05,0,0.25,101070.97,1263.39,1
LN002768,CUST002768,Auto Loan,29634.14,8.79,48,667,1049274.32,60,65.37,8.05,0.05,0,0.25,29634.14,370.43,2
LN002769,CUST002769,Mortgage,76939.85,11.7,180,828,2447463.75,120,99.4,7.14,0.24,0,0.4,76939.85,7386.23,3
LN002770,CUST002770,Mortgage,98728.81,7.74,60,684,754117.93,90,62.16,6.94,0.17,0,0.25,98728.81,4195.97,3
LN002771,CUST002771,Auto Loan,99113.09,7.94,180,758,1513440.41,30,61.97,5.65,0.02,0,0.25,99113.09,495.57,2
LN002772,CUST002772,Auto Loan,44326.07,11.78,240,676,1151021.07,0,89.66,6.85,0.06,0,0.4,44326.07,1063.83,1
LN002773,CUST002773,Structured Credit,9188.4,9.86,36,842,1978709.42,30,58.72,7.43,0.05,0,0.35,9188.4,160.8,2
LN002774,CUST002774,Mortgage,50140.15,10.03,240,556,2201625.86,0,54.03,3.74,0.08,0,0.25,50140.15,1002.8,1
LN002775,CUST002775,Mortgage,75650.54,8.94,48,771,1016883.87,120,65.39,4.54,0.17,0,0.25,75650.54,3215.15,3
LN002776,CUST002776,Mortgage,34312.09,11.82,180,626,1735891.82,90,82.04,4.16,0.27,0,0.4,34312.09,3705.71,3
LN002777,CUST002777,Auto Loan,123156.2,9.82,36,827,1485357.32,0,42.59,8.05,0.05,0,0.25,123156.2,1539.45,1
LN002778,CUST002778,Auto Loan,66295.91,11.27,48,776,876500.1,0,62.43,7.08,0.05,0,0.25,66295.91,828.7,1
LN002779,CUST002779,Mortgage,54056.84,9.9,180,824,861866.81,0,60.77,5.7,0.02,0,0.25,54056.84,270.28,1
LN002780,CUST002780,Auto Loan,77688.81,10.15,180,844,1461921.21,60,54.69,7.96,0.05,0,0.25,77688.81,971.11,2
LN002781,CUST002781,Auto Loan,45860.47,7.03,240,666,596506.47,0,79.26,7.3,0.05,1,0.25,45860.47,573.26,1
LN002782,CUST002782,Structured Credit,6342.53,7.12,360,841,2074322.27,120,57.4,8.48,0.2,0,0.35,6342.53,443.98,3
LN002783,CUST002783,Structured Credit,25606.53,10.48,180,820,405260.89,0,76.4,3.46,0.02,0,0.35,25606.53,179.25,1
LN002784,CUST002784,Mortgage,83953.44,7.08,180,706,462792.59,90,70.26,6.05,0.17,0,0.25,83953.44,3568.02,3
LN002785,CUST002785,Structured Credit,20633.81,8.94,120,609,1020009.2,0,53.03,7.24,0.11,0,0.35,20633.81,794.4,1
LN002786,CUST002786,Auto Loan,31056.68,6.75,360,733,515706.46,90,55.99,4.24,0.17,0,0.25,31056.68,1319.91,3
LN002787,CUST002787,Structured Credit,17476.54,10.72,180,693,1320325.05,120,50.24,4.96,0.17,0,0.35,17476.54,1039.85,3
LN002788,CUST002788,Auto Loan,126594.69,5.77,240,710,1149270.75,60,43.4,5.51,0.02,0,0.25,126594.69,632.97,2
LN002789,CUST002789,Structured Credit,117835.48,10.81,120,638,1874072.04,0,77.15,7.77,0.11,0,0.35,117835.48,4536.67,1
LN002790,CUST002790,Structured Credit,19560.97,9.22,120,565,2394259.35,0,80.37,5.96,0.12,0,0.5,19560.97,1173.66,1
LN002791,CUST002791,Mortgage,40259.79,6.31,36,798,1945506.82,0,49.96,5.96,0.02,0,0.25,40259.79,201.3,1
LN002792,CUST002792,Structured Credit,22553.69,8.79,48,647,653759.49,30,76.92,5.59,0.08,0,0.35,22553.69,631.5,2
LN002793,CUST002793,Mortgage,55852.04,6.98,120,653,2354922.89,90,98.93,4.37,0.21,0,0.4,55852.04,4691.57,3
LN002794,CUST002794,Auto Loan,51884.64,7.26,60,849,1132300.22,0,44.46,8.54,0.05,0,0.25,51884.64,648.56,1
LN002795,CUST002795,Mortgage,64099.63,7.46,120,784,1316926.06,60,69.42,4.91,0.02,0,0.25,64099.63,320.5,2
LN002796,CUST002796,Mortgage,45813.9,5.44,60,823,1198546.53,0,83.98,6.4,0.06,0,0.4,45813.9,1099.53,1
LN002797,CUST002797,Auto Loan,283448.11,11.9,360,810,881230.8,60,42.76,3.89,0.02,0,0.25,283448.11,1417.24,2
LN002798,CUST002798,Mortgage,17684.67,5.22,36,788,2263849.65,0,86.7,5.61,0.06,0,0.4,17684.67,424.43,1
LN002799,CUST002799,Structured Credit,10966.25,9.64,60,811,997537.45,0,98.77,8.42,0.09,0,0.5,10966.25,493.48,1
LN002800,CUST002800,Auto Loan,27579.74,7.6,36,664,1551842.06,0,45.31,8.97,0.05,0,0.25,27579.74,344.75,1
LN002801,CUST002801,Mortgage,12117.53,9.52,36,817,790075.56,30,89.33,5.17,0.06,0,0.4,12117.53,290.82,2
LN002802,CUST002802,Structured Credit,12775.4,7.49,36,561,2044094.59,90,62.71,3.92,0.23,0,0.35,12775.4,1028.42,3
LN002803,CUST002803,Structured Credit,18017.16,9.72,60,622,1991946.98,120,48.65,4.89,0.23,0,0.35,18017.16,1450.38,3
LN002804,CUST002804,Structured Credit,19043.25,10.1,60,727,916702.31,90,69.59,4.96,0.17,0,0.35,19043.25,1133.07,3
LN002805,CUST002805,Mortgage,18615.83,9.83,36,809,1783496.66,120,44.29,6.87,0.17,0,0.25,18615.83,791.17,3
LN002806,CUST002806,Structured Credit,52195.59,5.8,360,808,1833715.45,60,71.33,5.98,0.02,0,0.35,52195.59,365.37,2
LN002807,CUST002807,Mortgage,25480.47,9.6,36,819,1515650.69,60,41.16,7.61,0.05,0,0.25,25480.47,318.51,2
LN002808,CUST002808,Auto Loan,32027.17,6.96,360,669,1601346.36,30,83.72,7.21,0.09,0,0.4,32027.17,1152.98,2
LN002809,CUST002809,Mortgage,67911.65,5.2,48,718,1542522.94,0,69.28,4.51,0.02,0,0.25,67911.65,339.56,1
LN002810,CUST002810,Mortgage,21238.57,7.9,360,617,434194.91,120,67.54,7.71,0.26,1,0.25,21238.57,1380.51,3
LN002811,CUST002811,Auto Loan,30176.47,8.03,360,608,1758097.03,0,51.77,8.08,0.11,0,0.25,30176.47,829.85,1
LN002812,CUST002812,Mortgage,46912.15,8.27,360,679,1306993.77,30,61.68,6.59,0.02,0,0.25,46912.15,234.56,2
LN002813,CUST002813,Mortgage,9329.18,9.93,36,815,1236528.88,0,50.91,8.57,0.05,0,0.25,9329.18,116.61,1
LN002814,CUST002814,Auto Loan,6840.16,7.16,180,624,2184998.24,0,84.12,7.7,0.15,1,0.4,6840.16,410.41,1
LN002815,CUST002815,Mortgage,46271.53,7.21,48,639,302260.11,60,51.94,6.57,0.08,0,0.25,46271.53,925.43,2
LN002816,CUST002816,Mortgage,51246.88,5.42,48,703,815458.57,60,77.01,8.44,0.05,0,0.25,51246.88,640.59,2
LN002817,CUST002817,Mortgage,154037.92,9.81,48,767,523157.87,0,56.78,6.6,0.02,0,0.25,154037.92,770.19,1
LN002818,CUST002818,Auto Loan,40565.22,8.97,180,577,329517.35,0,79.42,6.13,0.08,0,0.25,40565.22,811.3,1
LN002819,CUST002819,Auto Loan,64461.14,7.45,48,679,870273.24,0,72.43,5.14,0.02,0,0.25,64461.14,322.31,1
LN002820,CUST002820,Auto Loan,31671.39,9.94,48,615,2474071.61,60,65.41,8.3,0.11,1,0.25,31671.39,870.96,2
LN002821,CUST002821,Structured Credit,44714.77,8.76,60,693,858015.64,0,80.38,3.74,0.06,0,0.5,44714.77,1341.44,1
LN002822,CUST002822,Auto Loan,116667.09,8.28,240,826,1743338.09,60,64.94,5.84,0.02,0,0.25,116667.09,583.34,2
LN002823,CUST002823,Mortgage,8210.79,8.58,60,652,516172.5,120,89.28,6.22,0.21,1,0.4,8210.79,689.71,3
LN002824,CUST002824,Auto Loan,48510.3,9.45,36,586,1604157.17,60,83.78,6.33,0.12,0,0.4,48510.3,2328.49,2
LN002825,CUST002825,Auto Loan,161928.59,9.62,36,798,2465083.34,0,72.44,6.91,0.02,0,0.25,161928.59,809.64,1
LN002826,CUST002826,Structured Credit,44241.74,7.02,360,705,906634.43,0,92.62,6.03,0.06,0,0.5,44241.74,1327.25,1
LN002827,CUST002827,Mortgage,115312.5,5.99,120,681,2158170.14,0,89.73,4.54,0.06,0,0.4,115312.5,2767.5,1
LN002828,CUST002828,Auto Loan,23378.02,6.1,240,596,2494535.61,90,71.91,8.14,0.26,0,0.25,23378.02,1519.57,3
LN002829,CUST002829,Mortgage,35509.9,9.48,180,744,1574246.7,120,44.11,6.95,0.17,0,0.25,35509.9,1509.17,3
LN002830,CUST002830,Auto Loan,37177.81,11.11,60,652,946152.48,0,73.96,8.15,0.05,0,0.25,37177.81,464.72,1
LN002831,CUST002831,Mortgage,7690.08,7.87,36,720,1765445.33,120,61.32,4.66,0.17,0,0.25,7690.08,326.83,3
LN002832,CUST002832,Mortgage,16030.93,6.19,180,638,2150908.46,0,72.41,6.82,0.08,0,0.25,16030.93,320.62,1
LN002833,CUST002833,Auto Loan,16851.37,10.3,48,795,635538.05,0,78.83,7.29,0.05,0,0.25,16851.37,210.64,1
LN002834,CUST002834,Auto Loan,64566.19,10.83,180,607,1268160.47,90,78.69,5.3,0.23,0,0.25,64566.19,3712.56,3
LN002835,CUST002835,Auto Loan,66870.1,11.16,60,654,968172.35,30,80.41,7.87,0.09,0,0.4,66870.1,2407.32,2
LN002836,CUST002836,Structured Credit,45561.83,9.25,240,729,887557.74,90,80.76,3.02,0.21,1,0.5,45561.83,4783.99,3
LN002837,CUST002837,Structured Credit,64658.32,11.03,120,618,2186847.84,0,46.56,6.57,0.08,0,0.35,64658.32,1810.43,1
LN002838,CUST002838,Auto Loan,32373.5,5.11,360,702,1198721.52,60,51.5,6.68,0.02,0,0.25,32373.5,161.87,2
LN002839,CUST002839,Mortgage,84233.85,5.75,60,574,1012921.77,90,77.83,6.2,0.23,1,0.25,84233.85,4843.45,3
LN002840,CUST002840,Auto Loan,36539.6,5.65,360,584,1607898.72,0,64.49,6.78,0.08,0,0.25,36539.6,730.79,1
LN002841,CUST002841,Auto Loan,37816.65,9.99,240,564,743653.55,90,85.77,4.0,0.27,1,0.4,37816.65,4084.2,3
LN002842,CUST002842,Mortgage,30154.37,5.49,36,655,767260.35,60,47.49,7.11,0.05,0,0.25,30154.37,376.93,2
LN002843,CUST002843,Structured Credit,58636.66,8.47,360,767,1420649.64,0,51.49,5.01,0.02,0,0.35,58636.66,410.46,1
LN002844,CUST002844,Structured Credit,27042.39,8.31,36,623,1170863.64,60,73.51,5.71,0.08,1,0.35,27042.39,757.19,2
LN002845,CUST002845,Mortgage,71933.83,7.17,180,834,913710.36,90,70.04,5.0,0.17,0,0.25,71933.83,3057.19,3
LN002846,CUST002846,Auto Loan,16440.38,11.09,60,587,371390.05,120,55.98,5.84,0.23,1,0.25,16440.38,945.32,3
LN002847,CUST002847,Mortgage,16827.31,6.19,36,746,1421742.04,60,64.5,6.73,0.02,0,0.25,16827.31,84.14,2
LN002848,CUST002848,Auto Loan,58758.95,7.47,48,829,2087370.71,60,42.1,8.03,0.05,0,0.25,58758.95,734.49,2
LN002849,CUST002849,Mortgage,34132.97,10.42,48,824,2165598.71,0,42.22,5.9,0.02,0,0.25,34132.97,170.66,1
LN002850,CUST002850,Auto Loan,26430.56,5.21,120,723,779739.95,0,45.7,4.94,0.02,0,0.25,26430.56,132.15,1
LN002851,CUST002851,Mortgage,67713.47,9.71,180,593,1599192.71,90,74.61,5.93,0.23,1,0.25,67713.47,3893.52,3
LN002852,CUST002852,Auto Loan,23740.01,10.71,36,703,2175732.95,0,91.82,7.13,0.09,0,0.4,23740.01,854.64,1
LN002853,CUST002853,Auto Loan,31566.73,11.53,120,702,1169633.34,90,55.61,5.08,0.17,0,0.25,31566.73,1341.59,3
LN002854,CUST002854,Structured Credit,96708.79,11.13,48,840,2347307.84,0,42.04,5.49,0.02,0,0.35,96708.79,676.96,1
LN002855,CUST002855,Auto Loan,106659.8,7.24,120,691,2281701.69,30,82.52,6.38,0.06,0,0.4,106659.8,2559.84,2
LN002856,CUST002856,Mortgage,109171.87,9.1,120,805,718301.27,0,91.32,4.76,0.06,0,0.4,109171.87,2620.12,1
LN002857,CUST002857,Auto Loan,29807.4,5.54,36,683,832670.87,0,48.29,4.25,0.02,0,0.25,29807.4,149.04,1
LN002858,CUST002858,Auto Loan,85947.51,6.81,36,581,655994.5,0,63.14,3.84,0.08,0,0.25,85947.51,1718.95,1
LN002859,CUST002859,Auto Loan,18689.8,5.66,36,575,691122.29,120,49.52,5.12,0.23,0,0.25,18689.8,1074.66,3
LN002860,CUST002860,Auto Loan,19248.11,7.21,180,804,2292689.7,0,46.38,3.29,0.02,0,0.25,19248.11,96.24,1
LN002861,CUST002861,Structured Credit,7007.11,11.13,360,772,2345060.3,0,78.89,6.5,0.02,0,0.35,7007.11,49.05,1
LN002862,CUST002862,Auto Loan,117126.26,7.43,120,605,366768.79,60,98.05,4.06,0.12,0,0.4,117126.26,5622.06,2
LN002863,CUST002863,Structured Credit,19835.21,8.93,120,842,1585607.55,120,80.69,5.26,0.21,0,0.5,19835.21,2082.7,3
LN002864,CUST002864,Mortgage,33237.27,8.03,180,674,1519521.02,120,99.09,4.62,0.21,1,0.4,33237.27,2791.93,3
LN002865,CUST002865,Mortgage,19202.06,8.21,48,779,1128732.21,90,66.06,6.78,0.17,0,0.25,19202.06,816.09,3
LN002866,CUST002866,Mortgage,59078.11,11.79,60,602,1671319.58,60,93.87,8.1,0.15,0,0.4,59078.11,3544.69,2
LN002867,CUST002867,Mortgage,27918.82,7.07,360,650,2381577.61,0,52.31,6.8,0.02,0,0.25,27918.82,139.59,1
LN002868,CUST002868,Mortgage,14568.66,9.39,48,841,633073.49,60,47.07,6.26,0.02,0,0.25,14568.66,72.84,2
LN002869,CUST002869,Auto Loan,49472.08,7.94,180,816,520924.55,120,82.15,7.01,0.24,0,0.4,49472.08,4749.32,3
LN002870,CUST002870,Auto Loan,13311.57,5.43,360,832,325128.78,0,62.28,3.18,0.02,0,0.25,13311.57,66.56,1
LN002871,CUST002871,Structured Credit,20207.64,8.43,360,551,1068624.94,0,59.06,3.74,0.08,0,0.35,20207.64,565.81,1
LN002872,CUST002872,Structured Credit,8309.69,10.69,120,571,1009664.07,90,80.28,3.57,0.27,1,0.5,8309.69,1121.81,3
LN002873,CUST002873,Structured Credit,13402.94,5.69,120,615,1219344.3,0,60.01,3.59,0.08,0,0.35,13402.94,375.28,1
LN002874,CUST002874,Mortgage,41149.64,5.49,36,761,1382447.57,30,74.35,4.56,0.02,0,0.25,41149.64,205.75,2
LN002875,CUST002875,Mortgage,9180.39,6.08,36,785,1955103.99,90,57.97,6.19,0.17,0,0.25,9180.39,390.17,3
LN002876,CUST002876,Mortgage,12877.0,10.35,120,566,1132255.13,0,87.03,3.69,0.12,0,0.4,12877.0,618.1,1
LN002877,CUST002877,Mortgage,36255.33,10.07,120,563,993879.5,0,58.74,8.61,0.11,0,0.25,36255.33,997.02,1
LN002878,CUST002878,Auto Loan,24821.74,8.96,240,556,2110477.35,0,72.1,8.13,0.11,0,0.25,24821.74,682.6,1
LN002879,CUST002879,Mortgage,146447.99,8.28,360,771,2162042.51,60,41.39,8.83,0.05,1,0.25,146447.99,1830.6,2
LN002880,CUST002880,Auto Loan,131101.56,11.22,36,653,773723.42,60,87.5,3.26,0.06,0,0.4,131101.56,3146.44,2
LN002881,CUST002881,Auto Loan,19780.55,10.37,36,550,958011.6,0,77.22,8.11,0.11,0,0.25,19780.55,543.97,1
LN002882,CUST002882,Structured Credit,53637.1,10.68,48,836,2106511.83,90,51.53,7.82,0.2,1,0.35,53637.1,3754.6,3
LN002883,CUST002883,Auto Loan,61359.04,10.69,120,796,428668.55,120,52.92,8.41,0.2,0,0.25,61359.04,3067.95,3
LN002884,CUST002884,Auto Loan,23903.13,9.5,360,640,983155.26,0,55.75,6.17,0.08,0,0.25,23903.13,478.06,1
LN002885,CUST002885,Auto Loan,12747.89,8.21,120,763,1258787.74,30,74.59,7.73,0.05,0,0.25,12747.89,159.35,2
LN002886,CUST002886,Structured Credit,36004.21,11.05,180,592,670911.13,120,72.9,3.31,0.23,0,0.35,36004.21,2898.34,3
LN002887,CUST002887,Mortgage,32177.03,11.48,48,623,654806.94,30,56.43,3.46,0.08,0,0.25,32177.03,643.54,2
LN002888,CUST002888,Mortgage,26768.07,5.17,60,791,1205939.63,30,81.64,3.71,0.06,0,0.4,26768.07,642.43,2
LN002889,CUST002889,Structured Credit,49494.75,5.36,60,598,1947673.88,30,93.34,8.49,0.15,1,0.5,49494.75,3712.11,2
LN002890,CUST002890,Structured Credit,21471.66,11.71,60,771,2140524.2,60,42.61,3.37,0.02,0,0.35,21471.66,150.3,2
LN002891,CUST002891,Auto Loan,16213.54,6.94,360,693,2453278.96,120,65.03,3.6,0.17,0,0.25,16213.54,689.08,3
LN002892,CUST002892,Mortgage,39197.1,11.11,240,758,416464.11,60,75.61,8.58,0.05,0,0.25,39197.1,489.96,2
LN002893,CUST002893,Mortgage,47580.54,7.72,36,648,737534.95,60,75.19,3.64,0.08,0,0.25,47580.54,951.61,2
LN002894,CUST002894,Mortgage,15936.2,5.83,360,737,1952417.15,90,41.17,8.22,0.2,0,0.25,15936.2,796.81,3
LN002895,CUST002895,Auto Loan,69540.42,5.56,60,663,1466347.09,120,52.63,7.74,0.2,0,0.25,69540.42,3477.02,3
LN002896,CUST002896,Structured Credit,10516.11,6.1,180,724,987279.49,0,43.71,3.24,0.02,0,0.35,10516.11,73.61,1
LN002897,CUST002897,Mortgage,24229.36,6.75,360,820,712576.74,30,74.14,3.13,0.02,0,0.25,24229.36,121.15,2
LN002898,CUST002898,Auto Loan,30314.88,8.42,360,612,881074.49,120,78.72,6.21,0.23,0,0.25,30314.88,1743.11,3
LN002899,CUST002899,Mortgage,23263.56,9.91,36,833,1215900.14,0,49.58,8.98,0.05,0,0.25,23263.56,290.79,1
LN002900,CUST002900,Auto Loan,24451.76,11.9,36,774,648590.24,60,59.98,8.27,0.05,0,0.25,24451.76,305.65,2
LN002901,CUST002901,Auto Loan,134558.21,8.09,60,710,2419508.4,30,59.79,4.86,0.02,0,0.25,134558.21,672.79,2
LN002902,CUST002902,Mortgage,20017.88,8.63,36,585,492074.0,0,89.19,5.32,0.12,0,0.4,20017.88,960.86,1
LN002903,CUST002903,Auto Loan,200557.29,8.65,48,690,2467549.23,90,51.68,5.33,0.17,0,0.25,200557.29,8523.68,3
LN002904,CUST002904,Mortgage,49315.26,8.78,48,745,2144259.89,0,72.9,7.41,0.05,0,0.25,49315.26,616.44,1
LN002905,CUST002905,Mortgage,38732.67,8.62,60,700,1202091.14,60,86.98,5.05,0.06,1,0.4,38732.67,929.58,2
LN002906,CUST002906,Auto Loan,50684.14,5.06,360,818,1914586.75,60,89.77,3.89,0.06,0,0.4,50684.14,1216.42,2
LN002907,CUST002907,Structured Credit,213405.51,5.01,180,589,1760909.3,0,79.99,7.48,0.11,0,0.35,213405.51,8216.11,1
LN002908,CUST002908,Auto Loan,18114.81,5.68,36,787,729895.57,0,57.97,5.75,0.02,0,0.25,18114.81,90.57,1
LN002909,CUST002909,Auto Loan,16575.94,5.71,120,771,1012907.69,0,89.38,3.46,0.06,0,0.4,16575.94,397.82,1
LN002910,CUST002910,Auto Loan,21409.58,9.93,360,830,1404525.77,120,84.53,7.74,0.24,0,0.4,21409.58,2055.32,3
LN002911,CUST002911,Auto Loan,37141.87,6.43,60,774,1685149.4,60,82.27,6.51,0.06,0,0.4,37141.87,891.4,2
LN002912,CUST002912,Auto Loan,10850.43,11.26,240,703,1471513.71,0,44.04,5.94,0.02,0,0.25,10850.43,54.25,1
LN002913,CUST002913,Mortgage,36887.85,11.5,36,829,1314221.79,0,42.6,7.04,0.05,0,0.25,36887.85,461.1,1
LN002914,CUST002914,Structured Credit,118834.02,11.83,60,588,1247092.62,60,81.72,6.03,0.12,1,0.5,118834.02,7130.04,2
LN002915,CUST002915,Auto Loan,40375.77,11.57,60,766,1371095.12,30,96.69,6.89,0.06,0,0.4,40375.77,969.02,2
LN002916,CUST002916,Mortgage,29587.88,6.9,180,793,1227290.92,90,86.42,8.2,0.24,1,0.4,29587.88,2840.44,3
LN002917,CUST002917,Mortgage,23559.58,8.57,120,658,1467992.67,0,89.89,6.68,0.06,0,0.4,23559.58,565.43,1
LN002918,CUST002918,Structured Credit,68115.37,6.23,36,610,2247966.92,0,72.7,6.96,0.08,0,0.35,68115.37,1907.23,1
LN002919,CUST002919,Mortgage,20372.01,10.64,60,747,1673865.95,0,58.28,6.68,0.02,0,0.25,20372.01,101.86,1
LN002920,CUST002920,Auto Loan,132253.68,11.22,60,825,1875896.97,30,80.66,6.19,0.06,0,0.4,132253.68,3174.09,2
LN002921,CUST002921,Auto Loan,140554.67,10.96,360,721,1594337.05,0,82.72,4.03,0.06,0,0.4,140554.67,3373.31,1
LN002922,CUST002922,Mortgage,43465.62,8.03,36,821,1696789.79,90,80.52,5.01,0.21,1,0.4,43465.62,3651.11,3
LN002923,CUST002923,Structured Credit,36023.96,10.31,60,820,1551287.11,30,96.8,7.16,0.09,0,0.5,36023.96,1621.08,2
LN002924,CUST002924,Auto Loan,74716.92,5.68,60,591,310449.67,120,62.03,5.55,0.23,0,0.25,74716.92,4296.22,3
LN002925,CUST002925,Auto Loan,78147.94,5.28,60,738,2499096.36,0,42.38,5.44,0.02,0,0.25,78147.94,390.74,1
LN002926,CUST002926,Structured Credit,20656.92,10.27,48,809,325620.79,0,94.51,7.56,0.09,0,0.5,20656.92,929.56,1
LN002927,CUST002927,Structured Credit,25119.79,7.98,48,701,1139083.02,0,49.63,3.03,0.02,0,0.35,25119.79,175.84,1
LN002928,CUST002928,Structured Credit,14390.98,11.97,120,680,486510.28,60,81.84,7.07,0.09,0,0.5,14390.98,647.59,2
LN002929,CUST002929,Mortgage,48355.99,5.68,180,663,468089.01,0,92.39,5.94,0.06,0,0.4,48355.99,1160.54,1
LN002930,CUST002930,Auto Loan,57909.66,10.99,360,771,2035435.64,0,58.61,5.26,0.02,0,0.25,57909.66,289.55,1
LN002931,CUST002931,Mortgage,14115.83,8.36,360,603,1208333.0,60,89.82,5.04,0.12,1,0.4,14115.83,677.56,2
LN002932,CUST002932,Mortgage,26406.38,10.79,36,845,2052562.09,0,59.92,4.04,0.02,0,0.25,26406.38,132.03,1
LN002933,CUST002933,Auto Loan,14142.25,10.72,180,591,863769.56,60,87.66,5.01,0.12,1,0.4,14142.25,678.83,2
LN002934,CUST002934,Mortgage,19357.6,11.41,180,642,827041.28,60,44.19,5.35,0.08,0,0.25,19357.6,387.15,2
LN002935,CUST002935,Mortgage,53407.79,7.08,360,809,815270.61,90,79.31,5.62,0.17,0,0.25,53407.79,2269.83,3
LN002936,CUST002936,Auto Loan,21732.47,11.65,48,830,1636327.66,0,80.63,7.03,0.09,0,0.4,21732.47,782.37,1
LN002937,CUST002937,Mortgage,29419.76,6.06,120,741,2083748.63,60,69.49,5.72,0.02,0,0.25,29419.76,147.1,2
LN002938,CUST002938,Mortgage,11624.63,5.57,180,674,1267587.27,0,81.23,7.78,0.09,0,0.4,11624.63,418.49,1
LN002939,CUST002939,Structured Credit,41394.08,8.02,360,845,1103310.0,0,95.39,6.84,0.06,0,0.5,41394.08,1241.82,1
LN002940,CUST002940,Auto Loan,35207.3,10.8,180,584,2440554.0,120,84.03,4.14,0.27,0,0.4,35207.3,3802.39,3
LN002941,CUST002941,Auto Loan,21801.38,8.31,60,596,512696.58,0,97.68,4.66,0.12,0,0.4,21801.38,1046.47,1
LN002942,CUST002942,Mortgage,31814.9,10.81,36,702,1344923.53,30,66.92,3.48,0.02,0,0.25,31814.9,159.07,2
LN002943,CUST002943,Auto Loan,41200.53,10.11,120,787,1169097.44,30,71.7,8.67,0.05,0,0.25,41200.53,515.01,2
LN002944,CUST002944,Mortgage,20528.97,6.47,360,554,470784.84,90,55.82,8.32,0.26,0,0.25,20528.97,1334.38,3
LN002945,CUST002945,Mortgage,12921.09,11.64,36,674,853450.81,90,99.14,3.51,0.21,1,0.4,12921.09,1085.37,3
LN002946,CUST002946,Auto Loan,128528.01,5.43,48,636,313992.73,120,43.31,6.44,0.23,1,0.25,128528.01,7390.36,3
LN002947,CUST002947,Mortgage,23311.66,11.29,180,552,2223147.15,90,61.52,8.76,0.26,0,0.25,23311.66,1515.26,3
LN002948,CUST002948,Mortgage,33937.23,7.13,180,714,1617661.44,30,57.86,7.48,0.05,0,0.25,33937.23,424.22,2
LN002949,CUST002949,Auto Loan,73687.45,8.5,240,772,2083791.62,120,63.19,5.95,0.17,0,0.25,73687.45,3131.72,3
LN002950,CUST002950,Structured Credit,429483.51,7.96,36,846,1423497.52,0,95.06,4.45,0.06,0,0.5,429483.51,12884.51,1
LN002951,CUST002951,Structured Credit,15197.09,6.2,48,574,1598897.12,120,62.08,4.67,0.23,0,0.35,15197.09,1223.37,3
LN002952,CUST002952,Mortgage,49755.64,7.51,360,588,1826922.58,120,95.02,7.42,0.3,1,0.4,49755.64,5970.68,3
LN002953,CUST002953,Mortgage,22130.53,6.35,240,654,2293026.16,30,65.4,7.68,0.05,0,0.25,22130.53,276.63,2
LN002954,CUST002954,Mortgage,24905.57,6.43,240,554,456441.75,0,91.29,6.17,0.12,0,0.4,24905.57,1195.47,1
LN002955,CUST002955,Structured Credit,21935.28,6.31,60,685,994633.89,0,71.31,3.73,0.02,0,0.35,21935.28,153.55,1
LN002956,CUST002956,Mortgage,16515.28,8.42,240,553,1845308.93,30,58.68,8.6,0.11,0,0.25,16515.28,454.17,2
LN002957,CUST002957,Mortgage,35280.87,10.59,240,718,2406288.77,60,66.96,8.07,0.05,0,0.25,35280.87,441.01,2
LN002958,CUST002958,Structured Credit,12937.02,8.98,60,627,2456816.71,30,65.46,3.84,0.08,0,0.35,12937.02,362.24,2
LN002959,CUST002959,Auto Loan,70457.52,11.25,180,568,1685731.77,0,55.59,3.34,0.08,0,0.25,70457.52,1409.15,1
LN002960,CUST002960,Structured Credit,37740.99,9.46,180,754,685596.57,60,57.38,6.22,0.02,0,0.35,37740.99,264.19,2
LN002961,CUST002961,Auto Loan,48810.68,9.83,120,582,518220.05,60,51.19,4.7,0.08,0,0.25,48810.68,976.21,2
LN002962,CUST002962,Auto Loan,26204.02,9.67,240,699,2378598.2,60,60.16,4.7,0.02,0,0.25,26204.02,131.02,2
LN002963,CUST002963,Auto Loan,28084.05,8.15,36,742,1226337.3,120,77.46,3.52,0.17,0,0.25,28084.05,1193.57,3
LN002964,CUST002964,Structured Credit,44413.32,9.83,180,688,688336.07,60,63.19,8.72,0.05,0,0.35,44413.32,777.23,2
LN002965,CUST002965,Structured Credit,16077.32,5.49,48,821,2351258.16,0,82.74,7.98,0.09,0,0.5,16077.32,723.48,1
LN002966,CUST002966,Mortgage,28265.77,11.02,360,745,485179.61,0,99.22,3.68,0.06,0,0.4,28265.77,678.38,1
LN002967,CUST002967,Mortgage,19895.93,10.44,36,676,1891534.97,60,62.63,8.26,0.05,0,0.25,19895.93,248.7,2
LN002968,CUST002968,Mortgage,19469.45,6.72,120,780,1656841.81,60,67.76,7.1,0.05,0,0.25,19469.45,243.37,2
LN002969,CUST002969,Structured Credit,8292.55,10.38,240,593,447402.99,60,49.85,4.95,0.08,0,0.35,8292.55,232.19,2
LN002970,CUST002970,Mortgage,92737.54,5.09,60,779,1012184.79,0,63.53,8.23,0.05,0,0.25,92737.54,1159.22,1
LN002971,CUST002971,Auto Loan,22458.46,6.52,120,765,587344.05,30,83.61,6.59,0.06,0,0.4,22458.46,539.0,2
LN002972,CUST002972,Auto Loan,81990.87,5.46,36,793,1610121.83,0,53.04,8.09,0.05,0,0.25,81990.87,1024.89,1
LN002973,CUST002973,Mortgage,76738.18,10.46,60,558,1323504.32,90,50.92,5.82,0.23,1,0.25,76738.18,4412.45,3
LN002974,CUST002974,Mortgage,14761.83,10.29,48,799,259619.03,60,62.58,6.0,0.02,0,0.25,14761.83,73.81,2
LN002975,CUST002975,Auto Loan,16951.51,10.7,60,749,2445348.77,90,89.12,4.75,0.21,0,0.4,16951.51,1423.93,3
LN002976,CUST002976,Auto Loan,218022.18,5.03,60,628,1036565.46,30,77.42,5.33,0.08,0,0.25,218022.18,4360.44,2
LN002977,CUST002977,Structured Credit,123704.16,8.51,48,794,830959.88,0,97.45,6.41,0.06,0,0.5,123704.16,3711.12,1
LN002978,CUST002978,Auto Loan,35523.05,9.93,180,739,750496.65,90,94.27,8.68,0.24,0,0.4,35523.05,3410.21,3
LN002979,CUST002979,Mortgage,43484.56,6.09,180,635,607335.77,0,49.07,6.6,0.08,0,0.25,43484.56,869.69,1
LN002980,CUST002980,Structured Credit,23351.29,9.55,60,820,2498058.42,60,42.55,3.88,0.02,0,0.35,23351.29,163.46,2
LN002981,CUST002981,Mortgage,49150.73,5.59,360,811,913996.3,90,63.95,3.04,0.17,0,0.25,49150.73,2088.91,3
LN002982,CUST002982,Auto Loan,21981.86,6.27,60,550,1162405.37,0,71.32,8.11,0.11,0,0.25,21981.86,604.5,1
LN002983,CUST002983,Mortgage,8754.76,8.33,120,569,2210550.81,120,70.93,5.19,0.23,0,0.25,8754.76,503.4,3
LN002984,CUST002984,Structured Credit,14398.96,9.57,360,679,1694246.88,0,48.05,4.89,0.02,0,0.35,14398.96,100.79,1
LN002985,CUST002985,Mortgage,36855.68,6.02,180,807,1079562.43,0,47.49,7.8,0.05,0,0.25,36855.68,460.7,1
LN002986,CUST002986,Structured Credit,16452.83,6.3,48,680,2271238.98,90,42.81,8.67,0.2,0,0.35,16452.83,1151.7,3
LN002987,CUST002987,Auto Loan,34644.9,6.43,240,556,1936879.45,90,91.05,7.49,0.3,0,0.4,34644.9,4157.39,3
LN002988,CUST002988,Mortgage,17115.46,6.67,240,790,762776.14,0,96.86,4.04,0.06,1,0.4,17115.46,410.77,1
LN002989,CUST002989,Mortgage,21001.57,6.59,60,741,1698412.74,0,46.94,5.35,0.02,0,0.25,21001.57,105.01,1
LN002990,CUST002990,Structured Credit,65987.18,7.77,60,846,2325396.62,0,52.79,7.56,0.05,1,0.35,65987.18,1154.78,1
LN002991,CUST002991,Auto Loan,43184.48,9.58,240,664,1367036.98,60,45.39,8.44,0.05,0,0.25,43184.48,539.81,2
LN002992,CUST002992,Structured Credit,36070.65,8.07,120,651,1900627.91,60,92.65,8.99,0.09,0,0.5,36070.65,1623.18,2
LN002993,CUST002993,Mortgage,67189.67,10.43,120,550,2434983.42,120,97.52,6.07,0.27,0,0.4,67189.67,7256.48,3
LN002994,CUST002994,Auto Loan,50839.35,10.03,120,574,1803431.82,90,55.71,7.94,0.26,0,0.25,50839.35,3304.56,3
LN002995,CUST002995,Auto Loan,99966.89,5.89,36,758,480487.05,30,58.22,3.28,0.02,0,0.25,99966.89,499.83,2
LN002996,CUST002996,Structured Credit,26320.37,5.34,48,692,800258.99,120,61.76,4.71,0.17,1,0.35,26320.37,1566.06,3
LN002997,CUST002997,Auto Loan,26883.16,11.15,36,746,1588966.98,120,70.15,5.23,0.17,0,0.25,26883.16,1142.53,3
LN002998,CUST002998,Auto Loan,14606.52,5.56,60,694,870000.58,120,80.95,8.85,0.24,0,0.4,14606.52,1402.23,3
LN002999,CUST002999,Auto Loan,26895.48,6.04,120,698,2404468.84,0,70.26,3.02,0.02,0,0.25,26895.48,134.48,1
LN003000,CUST003000,Structured Credit,71349.02,5.15,120,730,1162042.08,0,97.06,4.85,0.06,0,0.5,71349.02,2140.47,1
LN003001,CUST003001,Mortgage,90218.62,9.4,240,604,1278768.41,0,45.99,8.58,0.11,0,0.25,90218.62,2481.01,1
LN003002,CUST003002,Mortgage,71126.38,9.08,240,687,1828604.71,60,87.92,4.84,0.06,0,0.4,71126.38,1707.03,2
LN003003,CUST003003,Auto Loan,10343.0,11.91,360,758,1429561.9,0,60.07,4.35,0.02,0,0.25,10343.0,51.72,1
LN003004,CUST003004,Mortgage,77513.05,11.21,120,734,1109828.43,90,62.65,7.38,0.2,0,0.25,77513.05,3875.65,3
LN003005,CUST003005,Mortgage,10027.0,7.88,180,614,422435.22,0,82.53,7.47,0.15,0,0.4,10027.0,601.62,1
LN003006,CUST003006,Structured Credit,68096.57,7.6,240,586,1592002.58,30,95.76,5.83,0.12,0,0.5,68096.57,4085.79,2
LN003007,CUST003007,Structured Credit,28072.64,7.08,48,661,2202055.07,30,82.97,8.68,0.09,0,0.5,28072.64,1263.27,2
LN003008,CUST003008,Auto Loan,59383.6,6.07,36,812,1792965.49,0,86.55,4.22,0.06,0,0.4,59383.6,1425.21,1
LN003009,CUST003009,Mortgage,14289.58,5.97,48,625,1108363.77,30,85.05,8.48,0.15,0,0.4,14289.58,857.37,2
LN003010,CUST003010,Auto Loan,82439.28,5.93,240,845,537383.65,60,59.26,7.53,0.05,1,0.25,82439.28,1030.49,2
LN003011,CUST003011,Mortgage,13023.59,5.8,120,727,2086760.92,30,85.42,5.21,0.06,0,0.4,13023.59,312.57,2
LN003012,CUST003012,Auto Loan,22744.57,6.68,60,803,2368933.82,0,87.07,7.84,0.09,0,0.4,22744.57,818.8,1
LN003013,CUST003013,Auto Loan,18057.81,7.15,180,550,1123614.23,90,72.0,3.8,0.23,0,0.25,18057.81,1038.32,3
LN003014,CUST003014,Auto Loan,10636.01,11.73,240,697,1889444.93,0,72.21,3.79,0.02,0,0.25,10636.01,53.18,1
LN003015,CUST003015,Mortgage,38799.76,9.05,48,708,1174217.74,0,85.58,8.58,0.09,0,0.4,38799.76,1396.79,1
LN003016,CUST003016,Auto Loan,128574.32,11.91,60,817,1380100.61,90,89.02,3.57,0.21,0,0.4,128574.32,10800.24,3
LN003017,CUST003017,Mortgage,234880.85,7.61,240,699,2132071.86,90,60.23,3.02,0.17,1,0.25,234880.85,9982.44,3
LN003018,CUST003018,Mortgage,38871.21,8.2,120,678,437704.77,0,88.09,5.33,0.06,0,0.4,38871.21,932.91,1
LN003019,CUST003019,Auto Loan,79354.22,7.27,360,675,1443254.53,90,88.85,3.62,0.21,0,0.4,79354.22,6665.75,3
LN003020,CUST003020,Mortgage,42721.87,6.28,120,550,732895.62,30,54.05,8.18,0.11,0,0.25,42721.87,1174.85,2
LN003021,CUST003021,Auto Loan,51493.88,6.0,120,666,1014563.38,30,83.02,8.54,0.09,0,0.4,51493.88,1853.78,2
LN003022,CUST003022,Mortgage,28580.96,11.62,120,698,1699964.86,0,51.19,5.89,0.02,0,0.25,28580.96,142.9,1
LN003023,CUST003023,Mortgage,41629.06,11.91,240,818,311263.93,90,45.58,5.55,0.17,0,0.25,41629.06,1769.24,3
LN003024,CUST003024,Auto Loan,52904.05,5.31,360,738,1586106.47,0,74.47,6.23,0.02,0,0.25,52904.05,264.52,1
LN003025,CUST003025,Auto Loan,24223.49,6.05,180,690,887745.04,30,94.52,4.36,0.06,0,0.4,24223.49,581.36,2
LN003026,CUST003026,Auto Loan,34398.01,7.96,180,654,1756339.81,0,42.13,4.79,0.02,0,0.25,34398.01,171.99,1
LN003027,CUST003027,Structured Credit,34860.13,6.3,48,801,568558.04,60,89.59,3.61,0.06,0,0.5,34860.13,1045.8,2
LN003028,CUST003028,Mortgage,64762.52,7.55,240,830,1905576.11,0,70.39,5.68,0.02,0,0.25,64762.52,323.81,1
LN003029,CUST003029,Mortgage,17219.15,5.9,360,650,1702689.37,60,91.65,6.67,0.06,1,0.4,17219.15,413.26,2
LN003030,CUST003030,Mortgage,35028.61,8.2,360,831,2435294.12,30,90.61,8.58,0.09,0,0.4,35028.61,1261.03,2
LN003031,CUST003031,Auto Loan,138469.29,6.9,120,712,2300279.57,30,92.52,7.43,0.09,0,0.4,138469.29,4984.89,2
LN003032,CUST003032,Mortgage,82030.15,7.46,180,752,887431.44,30,86.13,7.34,0.09,1,0.4,82030.15,2953.09,2
LN003033,CUST003033,Mortgage,93379.33,5.66,240,649,311462.29,0,90.58,4.85,0.12,0,0.4,93379.33,4482.21,1
LN003034,CUST003034,Auto Loan,36941.92,8.0,60,830,1724579.26,0,50.56,8.33,0.05,0,0.25,36941.92,461.77,1
LN003035,CUST003035,Auto Loan,45465.01,11.88,180,806,1606496.63,30,58.23,8.68,0.05,0,0.25,45465.01,568.31,2
LN003036,CUST003036,Auto Loan,73245.0,7.3,180,643,311714.73,30,54.55,8.59,0.11,0,0.25,73245.0,2014.24,2
LN003037,CUST003037,Mortgage,108247.86,11.14,360,828,526024.44,0,84.55,3.23,0.06,0,0.4,108247.86,2597.95,1
LN003038,CUST003038,Structured Credit,9263.88,10.9,48,776,1565578.84,0,49.22,6.63,0.02,0,0.35,9263.88,64.85,1
LN003039,CUST003039,Auto Loan,14460.72,11.66,180,699,2301611.34,0,50.93,6.86,0.02,0,0.25,14460.72,72.3,1
LN003040,CUST003040,Mortgage,90817.83,10.53,60,611,2289625.62,90,92.74,4.77,0.27,0,0.4,90817.83,9808.33,3
LN003041,CUST003041,Auto Loan,29916.86,9.62,120,678,590841.37,0,82.35,8.95,0.09,0,0.4,29916.86,1077.01,1
LN003042,CUST003042,Structured Credit,22692.63,11.0,36,736,1115291.38,0,92.52,4.75,0.06,0,0.5,22692.63,680.78,1
LN003043,CUST003043,Auto Loan,15094.52,5.53,48,617,347206.44,0,48.36,4.3,0.08,0,0.25,15094.52,301.89,1
LN003044,CUST003044,Mortgage,24624.28,8.24,60,579,1305861.65,0,63.94,5.9,0.08,0,0.25,24624.28,492.49,1
LN003045,CUST003045,Mortgage,13607.03,11.92,48,824,1944437.78,0,56.99,4.94,0.02,0,0.25,13607.03,68.04,1
LN003046,CUST003046,Mortgage,156963.09,10.39,240,676,2027438.6,90,40.58,8.54,0.2,0,0.25,156963.09,7848.15,3
LN003047,CUST003047,Mortgage,35749.61,11.73,120,762,1372726.3,90,57.07,5.64,0.17,1,0.25,35749.61,1519.36,3
LN003048,CUST003048,Auto Loan,34871.83,10.46,180,683,465706.77,0,62.77,5.46,0.02,0,0.25,34871.83,174.36,1
LN003049,CUST003049,Auto Loan,54811.41,11.12,240,768,1108068.94,0,45.53,6.76,0.02,0,0.25,54811.41,274.06,1
LN003050,CUST003050,Auto Loan,71228.02,9.95,180,706,2347229.41,60,73.99,3.49,0.02,0,0.25,71228.02,356.14,2
LN003051,CUST003051,Auto Loan,70412.19,10.32,360,737,766628.25,120,62.99,7.54,0.2,0,0.25,70412.19,3520.61,3
LN003052,CUST003052,Mortgage,76998.05,8.66,60,711,969447.51,0,42.79,7.61,0.05,0,0.25,76998.05,962.48,1
LN003053,CUST003053,Auto Loan,23351.3,11.47,120,678,1930361.14,0,82.24,5.84,0.06,0,0.4,23351.3,560.43,1
LN003054,CUST003054,Auto Loan,29480.76,10.78,36,638,1900556.77,60,83.76,8.73,0.15,0,0.4,29480.76,1768.85,2
LN003055,CUST003055,Mortgage,62213.18,10.91,36,711,2302455.15,90,90.07,6.48,0.21,0,0.4,62213.18,5225.91,3
LN003056,CUST003056,Structured Credit,25105.13,9.71,180,585,1123267.05,0,69.13,7.17,0.11,0,0.35,25105.13,966.55,1
LN003057,CUST003057,Mortgage,36185.92,7.13,240,776,1407847.13,90,98.12,8.55,0.24,0,0.4,36185.92,3473.85,3
LN003058,CUST003058,Auto Loan,48008.56,5.25,360,700,1301633.04,60,94.84,7.0,0.06,0,0.4,48008.56,1152.21,2
LN003059,CUST003059,Auto Loan,62920.64,11.55,120,630,2337442.38,90,73.08,5.59,0.23,0,0.25,62920.64,3617.94,3
LN003060,CUST003060,Structured Credit,10463.24,9.1,120,596,1980993.82,60,66.7,3.15,0.08,0,0.35,10463.24,292.97,2
LN003061,CUST003061,Auto Loan,59893.42,7.09,60,753,2120744.0,120,40.18,7.37,0.2,0,0.25,59893.42,2994.67,3
LN003062,CUST003062,Auto Loan,30834.61,6.04,240,697,549471.1,0,82.66,8.79,0.09,0,0.4,30834.61,1110.05,1
LN003063,CUST003063,Mortgage,59588.65,10.81,36,780,2031655.06,0,73.9,5.82,0.02,0,0.25,59588.65,297.94,1
LN003064,CUST003064,Mortgage,62558.17,10.86,60,576,1224202.22,0,96.25,5.04,0.12,0,0.4,62558.17,3002.79,1
LN003065,CUST003065,Mortgage,111920.1,10.7,48,738,302512.04,0,75.65,6.12,0.02,0,0.25,111920.1,559.6,1
LN003066,CUST003066,Auto Loan,93659.16,9.52,120,714,385198.79,0,99.57,7.37,0.09,0,0.4,93659.16,3371.73,1
LN003067,CUST003067,Auto Loan,93209.06,7.56,36,761,1775292.86,90,91.23,3.0,0.21,0,0.4,93209.06,7829.56,3
LN003068,CUST003068,Structured Credit,99764.65,7.13,60,624,1087027.99,120,97.22,8.32,0.3,0,0.5,99764.65,14964.7,3
LN003069,CUST003069,Auto Loan,44532.09,5.06,180,641,2203260.04,0,59.66,8.32,0.11,0,0.25,44532.09,1224.63,1
LN003070,CUST003070,Mortgage,37142.96,10.84,48,611,1902114.55,0,48.96,6.25,0.08,0,0.25,37142.96,742.86,1
LN003071,CUST003071,Mortgage,66901.18,5.61,60,615,298780.03,0,87.81,3.73,0.12,0,0.4,66901.18,3211.26,1
LN003072,CUST003072,Mortgage,60624.64,9.42,180,629,1795498.7,120,87.17,7.03,0.3,0,0.4,60624.64,7274.96,3
LN003073,CUST003073,Auto Loan,29250.55,8.53,36,689,682793.06,120,52.69,3.83,0.17,0,0.25,29250.55,1243.15,3
LN003074,CUST003074,Auto Loan,48212.63,8.69,36,679,1200810.78,0,85.88,6.05,0.06,1,0.4,48212.63,1157.1,1
LN003075,CUST003075,Mortgage,35434.19,11.49,48,803,1655654.2,0,74.92,3.56,0.02,0,0.25,35434.19,177.17,1
LN003076,CUST003076,Structured Credit,19975.2,5.22,180,578,2213615.14,90,46.57,6.53,0.23,0,0.35,19975.2,1608.0,3
LN003077,CUST003077,Structured Credit,89618.99,10.41,120,751,1276220.25,120,70.11,4.91,0.17,0,0.35,89618.99,5332.33,3
LN003078,CUST003078,Auto Loan,37746.18,5.36,360,786,2069103.52,90,95.87,7.99,0.24,1,0.4,37746.18,3623.63,3
LN003079,CUST003079,Auto Loan,152374.38,5.27,360,636,2011672.74,0,70.39,7.8,0.11,1,0.25,152374.38,4190.3,1
LN003080,CUST003080,Structured Credit,11639.45,8.01,36,645,1182711.65,30,87.32,8.99,0.15,1,0.5,11639.45,872.96,2
LN003081,CUST003081,Mortgage,24593.93,5.44,240,836,1377205.37,0,41.73,4.55,0.02,0,0.25,24593.93,122.97,1
LN003082,CUST003082,Structured Credit,37154.76,10.52,120,838,1826091.27,0,83.68,3.37,0.06,0,0.5,37154.76,1114.64,1
LN003083,CUST003083,Auto Loan,80512.42,8.71,120,801,320083.98,60,96.81,5.66,0.06,0,0.4,80512.42,1932.3,2
LN003084,CUST003084,Mortgage,48032.28,5.2,360,729,2254325.68,60,69.97,3.5,0.02,0,0.25,48032.28,240.16,2
LN003085,CUST003085,Mortgage,45131.28,5.28,60,649,1982086.36,120,60.26,4.07,0.23,0,0.25,45131.28,2595.05,3
LN003086,CUST003086,Mortgage,16496.7,9.29,60,622,811185.73,0,78.8,6.58,0.08,0,0.25,16496.7,329.93,1
LN003087,CUST003087,Mortgage,16157.52,10.64,36,680,2457654.89,0,94.98,6.55,0.06,0,0.4,16157.52,387.78,1
LN003088,CUST003088,Auto Loan,45513.0,8.06,120,731,653628.29,90,50.61,3.26,0.17,0,0.25,45513.0,1934.3,3
LN003089,CUST003089,Mortgage,13976.4,8.88,60,743,2306695.02,60,64.22,5.66,0.02,0,0.25,13976.4,69.88,2
LN003090,CUST003090,Auto Loan,25026.38,10.6,180,567,980065.28,30,49.38,6.18,0.08,0,0.25,25026.38,500.53,2
LN003091,CUST003091,Mortgage,51567.25,9.27,180,675,1967080.1,0,69.8,4.61,0.02,0,0.25,51567.25,257.84,1
LN003092,CUST003092,Structured Credit,18258.26,6.57,180,760,1276847.33,60,72.43,8.23,0.05,1,0.35,18258.26,319.52,2
LN003093,CUST003093,Auto Loan,111719.79,9.29,180,556,1907051.62,60,96.65,3.97,0.12,0,0.4,111719.79,5362.55,2
LN003094,CUST003094,Structured Credit,85541.37,9.4,120,663,600511.86,0,64.75,4.52,0.02,0,0.35,85541.37,598.79,1
LN003095,CUST003095,Auto Loan,12088.45,10.14,180,633,856389.53,0,74.02,3.94,0.08,0,0.25,12088.45,241.77,1
LN003096,CUST003096,Mortgage,18908.0,9.35,120,651,474680.11,60,93.12,3.7,0.06,0,0.4,18908.0,453.79,2
LN003097,CUST003097,Structured Credit,7331.65,11.78,360,642,2196573.96,120,59.28,8.27,0.26,0,0.35,7331.65,667.18,3
LN003098,CUST003098,Auto Loan,20998.08,6.38,36,651,916659.22,60,80.45,4.67,0.06,0,0.4,20998.08,503.95,2
LN003099,CUST003099,Auto Loan,62098.18,11.66,36,800,1812571.52,0,85.43,7.34,0.09,0,0.4,62098.18,2235.53,1
LN003100,CUST003100,Mortgage,27181.0,8.77,180,573,2095497.69,90,59.83,5.57,0.23,0,0.25,27181.0,1562.91,3
LN003101,CUST003101,Auto Loan,50139.18,9.7,180,716,2278191.03,0,49.86,6.82,0.02,0,0.25,50139.18,250.7,1
LN003102,CUST003102,Mortgage,12511.03,5.7,180,689,489168.51,0,70.17,8.57,0.05,0,0.25,12511.03,156.39,1
LN003103,CUST003103,Structured Credit,63486.51,7.66,36,643,2259283.6,0,61.41,8.07,0.11,0,0.35,63486.51,2444.23,1
LN003104,CUST003104,Mortgage,24622.69,10.39,60,730,693818.75,0,55.99,3.41,0.02,0,0.25,24622.69,123.11,1
LN003105,CUST003105,Auto Loan,36626.19,9.95,36,613,1908029.53,0,98.41,8.07,0.15,0,0.4,36626.19,2197.57,1
LN003106,CUST003106,Mortgage,34029.66,5.28,180,553,1889910.29,0,70.13,5.71,0.08,0,0.25,34029.66,680.59,1
LN003107,CUST003107,Mortgage,14911.92,8.83,60,643,269132.07,0,91.39,5.1,0.12,1,0.4,14911.92,715.77,1
LN003108,CUST003108,Auto Loan,16201.21,5.62,60,821,746403.79,0,51.72,7.03,0.05,0,0.25,16201.21,202.52,1
LN003109,CUST003109,Mortgage,71500.24,11.97,48,832,1356794.16,60,96.37,8.7,0.09,0,0.4,71500.24,2574.01,2
LN003110,CUST003110,Mortgage,48016.24,11.28,360,681,1195078.09,30,87.67,3.56,0.06,0,0.4,48016.24,1152.39,2
LN003111,CUST003111,Mortgage,75737.93,5.15,120,621,2316790.33,0,88.52,7.61,0.15,0,0.4,75737.93,4544.28,1
LN003112,CUST003112,Auto Loan,45581.66,11.01,360,630,1059416.96,0,63.39,4.22,0.08,0,0.25,45581.66,911.63,1
LN003113,CUST003113,Mortgage,40138.59,11.44,180,723,2358213.36,120,69.14,5.28,0.17,0,0.25,40138.59,1705.89,3
LN003114,CUST003114,Auto Loan,10848.61,7.47,120,849,1283715.97,30,75.6,8.24,0.05,0,0.25,10848.61,135.61,2
LN003115,CUST003115,Auto Loan,30053.77,10.04,48,601,2419794.02,0,87.39,6.27,0.12,0,0.4,30053.77,1442.58,1
LN003116,CUST003116,Structured Credit,35626.0,8.09,120,839,1909048.32,0,90.94,3.4,0.06,0,0.5,35626.0,1068.78,1
LN003117,CUST003117,Mortgage,142511.08,9.59,180,786,2116002.83,0,44.68,6.05,0.02,0,0.25,142511.08,712.56,1
LN003118,CUST003118,Auto Loan,58739.61,7.38,48,826,485973.0,0,94.24,7.74,0.09,0,0.4,58739.61,2114.63,1
LN003119,CUST003119,Auto Loan,106430.01,7.26,120,829,1568818.22,120,96.25,6.17,0.21,0,0.4,106430.01,8940.12,3
LN003120,CUST003120,Auto Loan,55175.62,7.97,36,593,571075.81,30,75.57,4.0,0.08,0,0.25,55175.62,1103.51,2
LN003121,CUST003121,Auto Loan,22072.5,6.02,60,803,919647.25,30,51.21,5.67,0.02,0,0.25,22072.5,110.36,2
LN003122,CUST003122,Auto Loan,39418.36,10.82,360,683,1653022.16,120,89.1,8.55,0.24,1,0.4,39418.36,3784.16,3
LN003123,CUST003123,Auto Loan,42845.53,7.44,48,605,1884007.84,30,72.92,6.95,0.08,0,0.25,42845.53,856.91,2
LN003124,CUST003124,Mortgage,18818.41,7.8,36,563,338163.51,0,89.03,7.38,0.15,0,0.4,18818.41,1129.1,1
LN003125,CUST003125,Mortgage,27748.27,11.26,180,727,1444623.39,120,88.89,7.72,0.24,0,0.4,27748.27,2663.83,3
LN003126,CUST003126,Mortgage,31443.99,8.48,60,650,1521956.47,0,45.2,3.54,0.02,0,0.25,31443.99,157.22,1
LN003127,CUST003127,Mortgage,111740.43,8.81,360,729,427362.99,90,76.42,6.49,0.17,1,0.25,111740.43,4748.97,3
LN003128,CUST003128,Auto Loan,8463.19,11.7,48,806,1376548.08,0,68.99,5.26,0.02,0,0.25,8463.19,42.32,1
LN003129,CUST003129,Structured Credit,84463.34,11.21,60,817,1856145.13,0,96.77,3.83,0.06,0,0.5,84463.34,2533.9,1
LN003130,CUST003130,Structured Credit,18849.53,6.19,240,586,369761.39,0,57.8,4.22,0.08,0,0.35,18849.53,527.79,1
LN003131,CUST003131,Structured Credit,13898.62,8.31,240,753,1960602.5,0,52.36,7.69,0.05,0,0.35,13898.62,243.23,1
LN003132,CUST003132,Structured Credit,82947.2,11.8,48,808,1546959.64,0,93.83,3.97,0.06,0,0.5,82947.2,2488.42,1
LN003133,CUST003133,Structured Credit,60616.88,7.61,48,704,2124761.22,0,48.92,4.87,0.02,0,0.35,60616.88,424.32,1
LN003134,CUST003134,Mortgage,87392.36,7.6,120,787,740640.79,30,81.19,4.71,0.06,0,0.4,87392.36,2097.42,2
LN003135,CUST003135,Auto Loan,63607.8,6.37,60,649,2124865.79,120,58.0,3.29,0.23,0,0.25,63607.8,3657.45,3
LN003136,CUST003136,Mortgage,153566.89,5.8,240,822,462762.19,120,74.07,5.77,0.17,1,0.25,153566.89,6526.59,3
LN003137,CUST003137,Mortgage,53696.69,10.18,360,662,1158616.82,0,76.97,7.6,0.05,0,0.25,53696.69,671.21,1
LN003138,CUST003138,Mortgage,32547.83,10.39,240,659,698840.78,90,65.04,3.13,0.17,0,0.25,32547.83,1383.28,3
LN003139,CUST003139,Mortgage,46168.29,11.78,60,692,2221046.87,0,98.5,3.68,0.06,0,0.4,46168.29,1108.04,1
LN003140,CUST003140,Auto Loan,86719.01,10.41,240,716,1836069.59,0,47.91,7.32,0.05,0,0.25,86719.01,1083.99,1
LN003141,CUST003141,Auto Loan,21045.4,6.7,360,809,307064.0,90,63.48,6.56,0.17,0,0.25,21045.4,894.43,3
LN003142,CUST003142,Structured Credit,23009.86,5.28,36,694,271427.55,0,65.82,7.29,0.05,0,0.35,23009.86,402.67,1
LN003143,CUST003143,Mortgage,29252.72,11.9,240,779,905310.82,60,77.86,4.38,0.02,0,0.25,29252.72,146.26,2
LN003144,CUST003144,Mortgage,8323.12,7.38,240,817,572387.01,60,64.44,7.82,0.05,0,0.25,8323.12,104.04,2
LN003145,CUST003145,Auto Loan,40000.81,7.18,180,581,1668185.07,90,45.82,5.88,0.23,0,0.25,40000.81,2300.05,3
LN003146,CUST003146,Auto Loan,9698.34,11.34,36,848,1743543.1,90,96.85,6.66,0.21,0,0.4,9698.34,814.66,3
LN003147,CUST003147,Structured Credit,37689.68,9.1,120,768,2369389.53,90,64.96,3.55,0.17,0,0.35,37689.68,2242.54,3
LN003148,CUST003148,Mortgage,66549.6,6.5,48,726,2392089.83,60,60.56,4.23,0.02,0,0.25,66549.6,332.75,2
LN003149,CUST003149,Mortgage,26008.7,11.22,360,653,1732517.59,30,66.8,7.64,0.05,0,0.25,26008.7,325.11,2
LN003150,CUST003150,Mortgage,117475.03,11.95,240,785,262769.0,120,53.0,4.34,0.17,0,0.25,117475.03,4992.69,3
LN003151,CUST003151,Mortgage,13064.44,5.61,360,642,1057745.31,120,46.01,3.56,0.23,0,0.25,13064.44,751.21,3
LN003152,CUST003152,Auto Loan,83607.0,11.04,120,750,1404568.4,60,48.91,6.58,0.02,0,0.25,83607.0,418.04,2
LN003153,CUST003153,Mortgage,58255.63,7.73,120,848,1373154.45,0,50.0,6.29,0.02,0,0.25,58255.63,291.28,1
LN003154,CUST003154,Mortgage,10924.65,8.67,36,780,1607516.42,120,51.86,6.65,0.17,0,0.25,10924.65,464.3,3
LN003155,CUST003155,Mortgage,242208.94,11.4,360,804,2411240.84,0,65.2,6.71,0.02,0,0.25,242208.94,1211.04,1
LN003156,CUST003156,Mortgage,34730.67,11.81,48,634,2241683.56,0,77.43,6.0,0.08,1,0.25,34730.67,694.61,1
LN003157,CUST003157,Structured Credit,19648.6,6.84,180,584,495043.08,120,77.73,5.96,0.23,0,0.35,19648.6,1581.71,3
LN003158,CUST003158,Auto Loan,13562.16,6.49,120,666,848455.88,0,40.01,8.54,0.05,0,0.25,13562.16,169.53,1
LN003159,CUST003159,Structured Credit,31131.87,5.56,180,725,2124496.19,60,95.26,6.2,0.06,0,0.5,31131.87,933.96,2
LN003160,CUST003160,Auto Loan,33216.94,8.93,48,825,2104690.54,0,89.37,6.7,0.06,0,0.4,33216.94,797.21,1
LN003161,CUST003161,Mortgage,39020.87,5.1,48,634,869584.13,90,97.84,4.6,0.27,0,0.4,39020.87,4214.25,3
LN003162,CUST003162,Auto Loan,29482.22,7.88,36,666,1893823.07,120,61.6,8.23,0.2,0,0.25,29482.22,1474.11,3
LN003163,CUST003163,Auto Loan,56571.34,5.51,360,753,1762084.1,120,79.89,3.15,0.17,0,0.25,56571.34,2404.28,3
LN003164,CUST003164,Mortgage,27685.36,7.84,60,695,1315428.92,90,50.08,6.34,0.17,0,0.25,27685.36,1176.63,3
LN003165,CUST003165,Auto Loan,9372.41,5.28,360,764,703273.64,0,89.02,5.3,0.06,0,0.4,9372.41,224.94,1
LN003166,CUST003166,Mortgage,32710.35,10.85,240,654,2249447.16,90,49.68,6.62,0.17,0,0.25,32710.35,1390.19,3
LN003167,CUST003167,Structured Credit,6924.12,6.47,36,846,1775165.16,0,59.56,5.16,0.02,0,0.35,6924.12,48.47,1
LN003168,CUST003168,Auto Loan,46520.09,7.3,360,618,630234.08,0,69.45,7.31,0.11,0,0.25,46520.09,1279.3,1
LN003169,CUST003169,Mortgage,18296.95,11.09,180,804,1835805.28,0,75.67,3.12,0.02,0,0.25,18296.95,91.48,1
LN003170,CUST003170,Mortgage,40715.02,10.22,360,780,1918225.87,60,73.58,5.44,0.02,0,0.25,40715.02,203.58,2
LN003171,CUST003171,Mortgage,91112.7,6.53,36,752,2245480.64,60,46.13,7.99,0.05,0,0.25,91112.7,1138.91,2
LN003172,CUST003172,Auto Loan,18692.47,5.5,48,797,751388.32,0,65.3,4.5,0.02,0,0.25,18692.47,93.46,1
LN003173,CUST003173,Auto Loan,76334.43,10.01,120,798,2474696.74,30,95.37,3.32,0.06,0,0.4,76334.43,1832.03,2
LN003174,CUST003174,Auto Loan,26812.6,7.73,240,693,595135.2,0,92.34,5.98,0.06,0,0.4,26812.6,643.5,1
LN003175,CUST003175,Auto Loan,123900.78,10.36,240,832,1601550.01,0,75.45,8.86,0.05,0,0.25,123900.78,1548.76,1
LN003176,CUST003176,Auto Loan,28124.41,8.12,60,790,1728647.14,0,74.34,3.38,0.02,0,0.25,28124.41,140.62,1
LN003177,CUST003177,Mortgage,20164.02,7.42,48,778,1192644.01,90,46.7,3.42,0.17,1,0.25,20164.02,856.97,3
LN003178,CUST003178,Structured Credit,58751.2,8.16,240,580,1318834.84,0,52.02,6.57,0.08,0,0.35,58751.2,1645.03,1
LN003179,CUST003179,Structured Credit,26767.59,10.24,240,658,2254547.72,30,55.16,4.5,0.02,0,0.35,26767.59,187.37,2
LN003180,CUST003180,Mortgage,20150.52,11.32,120,576,1701867.02,0,69.29,5.46,0.08,0,0.25,20150.52,403.01,1
LN003181,CUST003181,Auto Loan,25991.17,5.35,180,709,1368252.16,90,83.88,7.98,0.24,0,0.4,25991.17,2495.15,3
LN003182,CUST003182,Auto Loan,35199.09,8.67,180,566,538786.52,30,67.64,4.19,0.08,0,0.25,35199.09,703.98,2
LN003183,CUST003183,Auto Loan,92922.96,5.23,180,816,266509.66,60,47.56,7.32,0.05,0,0.25,92922.96,1161.54,2
LN003184,CUST003184,Auto Loan,9378.16,8.28,36,678,531179.39,0,66.36,6.03,0.02,0,0.25,9378.16,46.89,1
LN003185,CUST003185,Mortgage,36907.0,11.2,180,769,2401415.28,90,49.76,8.43,0.2,0,0.25,36907.0,1845.35,3
LN003186,CUST003186,Mortgage,56242.76,7.53,180,631,1969195.26,0,85.07,8.84,0.15,1,0.4,56242.76,3374.57,1
LN003187,CUST003187,Auto Loan,41581.64,11.53,36,598,2426011.74,60,49.99,5.91,0.08,0,0.25,41581.64,831.63,2
LN003188,CUST003188,Auto Loan,90844.6,9.41,120,590,330344.6,30,68.95,6.51,0.08,0,0.25,90844.6,1816.89,2
LN003189,CUST003189,Structured Credit,34473.92,11.54,48,569,1780495.91,0,81.6,7.48,0.15,0,0.5,34473.92,2585.54,1
LN003190,CUST003190,Mortgage,31914.44,10.3,240,586,349660.43,120,53.69,4.91,0.23,0,0.25,31914.44,1835.08,3
LN003191,CUST003191,Auto Loan,54974.83,5.72,60,588,2009627.05,30,44.56,4.36,0.08,0,0.25,54974.83,1099.5,2
LN003192,CUST003192,Structured Credit,38929.97,6.62,240,658,1107137.89,60,73.8,8.79,0.05,0,0.35,38929.97,681.27,2
LN003193,CUST003193,Structured Credit,27631.56,7.76,180,613,465472.06,90,43.25,5.6,0.23,0,0.35,27631.56,2224.34,3
LN003194,CUST003194,Auto Loan,52119.83,6.19,180,724,1528104.94,90,75.27,3.01,0.17,1,0.25,52119.83,2215.09,3
LN003195,CUST003195,Auto Loan,22999.56,8.46,360,828,880270.44,0,85.21,8.03,0.09,0,0.4,22999.56,827.98,1
LN003196,CUST003196,Mortgage,23675.03,8.3,240,581,1734041.37,0,59.76,6.6,0.08,1,0.25,23675.03,473.5,1
LN003197,CUST003197,Structured Credit,25094.51,11.69,240,758,1730893.21,0,69.3,4.01,0.02,0,0.35,25094.51,175.66,1
LN003198,CUST003198,Structured Credit,93633.96,8.04,360,568,1836266.82,0,95.73,3.18,0.12,1,0.5,93633.96,5618.04,1
LN003199,CUST003199,Auto Loan,3809.63,10.5,180,655,2483046.43,120,68.27,4.75,0.17,0,0.25,3809.63,161.91,3
LN003200,CUST003200,Auto Loan,47902.32,11.59,36,755,1120069.85,30,99.79,8.57,0.09,0,0.4,47902.32,1724.48,2
LN003201,CUST003201,Mortgage,37197.26,11.14,36,796,1296959.82,0,49.42,8.6,0.05,0,0.25,37197.26,464.97,1
LN003202,CUST003202,Mortgage,11196.88,6.46,36,716,2060376.33,90,82.54,4.87,0.21,0,0.4,11196.88,940.54,3
LN003203,CUST003203,Auto Loan,45107.72,8.47,60,638,1551332.55,0,79.16,8.02,0.11,0,0.25,45107.72,1240.46,1
LN003204,CUST003204,Structured Credit,50666.81,7.43,48,560,333828.72,0,92.34,5.65,0.12,0,0.5,50666.81,3040.01,1
LN003205,CUST003205,Mortgage,54871.4,7.8,180,598,2146926.67,0,45.55,6.93,0.08,0,0.25,54871.4,1097.43,1
LN003206,CUST003206,Structured Credit,5674.4,7.53,120,610,365872.03,60,56.81,5.01,0.08,0,0.35,5674.4,158.88,2
LN003207,CUST003207,Structured Credit,94511.1,10.78,240,720,634345.31,0,47.93,6.1,0.02,0,0.35,94511.1,661.58,1
LN003208,CUST003208,Mortgage,21667.84,8.16,240,692,479679.93,0,95.99,4.76,0.06,0,0.4,21667.84,520.03,1
LN003209,CUST003209,Mortgage,58723.63,8.67,180,756,425336.05,0,65.6,3.37,0.02,0,0.25,58723.63,293.62,1
LN003210,CUST003210,Mortgage,61007.47,11.88,180,750,307790.97,30,94.6,3.84,0.06,0,0.4,61007.47,1464.18,2
LN003211,CUST003211,Auto Loan,19659.42,5.42,180,554,373812.36,0,57.66,4.74,0.08,0,0.25,19659.42,393.19,1
LN003212,CUST003212,Mortgage,57660.17,8.42,240,760,1245488.18,0,47.58,8.86,0.05,0,0.25,57660.17,720.75,1
LN003213,CUST003213,Auto Loan,27726.8,10.42,360,578,818917.61,0,57.79,8.79,0.11,0,0.25,27726.8,762.49,1
LN003214,CUST003214,Mortgage,8518.84,6.06,180,739,534707.99,0,75.83,7.97,0.05,0,0.25,8518.84,106.49,1
LN003215,CUST003215,Auto Loan,82241.83,9.28,240,737,1732087.47,120,90.71,4.4,0.21,1,0.4,82241.83,6908.31,3
LN003216,CUST003216,Auto Loan,21109.29,6.68,48,804,758751.8,0,63.12,5.65,0.02,0,0.25,21109.29,105.55,1
LN003217,CUST003217,Auto Loan,19967.37,11.07,120,699,292635.6,90,94.89,5.64,0.21,0,0.4,19967.37,1677.26,3
LN003218,CUST003218,Auto Loan,27387.83,7.29,36,562,1191444.51,30,54.65,5.32,0.08,0,0.25,27387.83,547.76,2
LN003219,CUST003219,Mortgage,43939.36,7.3,360,706,948474.23,60,81.61,3.27,0.06,0,0.4,43939.36,1054.54,2
LN003220,CUST003220,Mortgage,34888.44,9.19,120,629,966859.97,120,84.14,6.21,0.27,1,0.4,34888.44,3767.95,3
LN003221,CUST003221,Mortgage,53297.61,6.28,180,822,1251857.56,120,56.44,3.44,0.17,0,0.25,53297.61,2265.15,3
LN003222,CUST003222,Auto Loan,14219.33,6.99,120,697,1755056.34,90,41.62,7.81,0.2,0,0.25,14219.33,710.97,3
LN003223,CUST003223,Auto Loan,21597.43,7.92,180,755,1637078.02,0,61.91,7.15,0.05,0,0.25,21597.43,269.97,1
LN003224,CUST003224,Auto Loan,33483.3,7.48,120,663,2358838.62,0,42.71,5.12,0.02,0,0.25,33483.3,167.42,1
LN003225,CUST003225,Auto Loan,137107.57,8.67,60,555,1414862.5,120,94.05,6.88,0.27,1,0.4,137107.57,14807.62,3
LN003226,CUST003226,Structured Credit,33534.54,9.2,120,827,1313282.3,120,97.21,4.4,0.21,0,0.5,33534.54,3521.13,3
LN003227,CUST003227,Auto Loan,77625.84,8.97,36,781,730182.48,30,84.12,4.59,0.06,0,0.4,77625.84,1863.02,2
LN003228,CUST003228,Auto Loan,37308.95,9.58,36,686,1949607.9,0,83.6,4.88,0.06,0,0.4,37308.95,895.41,1
LN003229,CUST003229,Auto Loan,25885.52,7.15,360,709,566745.5,30,54.45,7.78,0.05,0,0.25,25885.52,323.57,2
LN003230,CUST003230,Auto Loan,30555.28,5.88,120,838,1355049.0,0,44.44,4.26,0.02,0,0.25,30555.28,152.78,1
LN003231,CUST003231,Mortgage,32276.87,10.33,240,754,1197974.95,30,88.13,6.38,0.06,0,0.4,32276.87,774.64,2
LN003232,CUST003232,Mortgage,55412.03,10.96,240,707,1731176.98,0,73.55,4.2,0.02,0,0.25,55412.03,277.06,1
LN003233,CUST003233,Auto Loan,95056.61,6.8,240,655,2314648.31,120,80.9,4.71,0.21,0,0.4,95056.61,7984.76,3
LN003234,CUST003234,Auto Loan,46712.94,7.85,120,631,2379840.08,0,86.78,4.41,0.12,0,0.4,46712.94,2242.22,1
LN003235,CUST003235,Auto Loan,83362.54,8.49,240,819,627548.35,0,64.57,6.87,0.02,0,0.25,83362.54,416.81,1
LN003236,CUST003236,Auto Loan,18483.75,8.73,48,598,839088.74,120,48.67,6.16,0.23,1,0.25,18483.75,1062.82,3
LN003237,CUST003237,Auto Loan,27167.01,9.62,120,755,2076179.47,0,87.7,7.33,0.09,0,0.4,27167.01,978.01,1
LN003238,CUST003238,Structured Credit,21872.56,5.29,36,767,1416129.47,60,67.23,4.32,0.02,0,0.35,21872.56,153.11,2
LN003239,CUST003239,Mortgage,45256.94,10.05,360,713,1269327.78,120,89.62,3.05,0.21,0,0.4,45256.94,3801.58,3
LN003240,CUST003240,Mortgage,28246.62,5.43,240,828,1848907.27,0,66.26,7.08,0.05,0,0.25,28246.62,353.08,1
LN003241,CUST003241,Mortgage,60526.77,8.28,60,780,1604331.14,0,53.02,3.69,0.02,0,0.25,60526.77,302.63,1
LN003242,CUST003242,Mortgage,18926.13,10.79,240,748,2434106.62,60,50.26,4.48,0.02,0,0.25,18926.13,94.63,2
LN003243,CUST003243,Mortgage,37426.03,8.16,36,763,1563942.97,60,84.64,4.83,0.06,0,0.4,37426.03,898.22,2
LN003244,CUST003244,Mortgage,58735.56,6.04,48,833,1298441.11,60,74.49,7.48,0.05,0,0.25,58735.56,734.19,2
LN003245,CUST003245,Mortgage,8555.14,11.9,120,825,1471339.06,0,64.28,6.76,0.02,0,0.25,8555.14,42.78,1
LN003246,CUST003246,Auto Loan,160354.44,11.22,240,734,2069214.59,0,69.53,4.11,0.02,0,0.25,160354.44,801.77,1
LN003247,CUST003247,Mortgage,29786.0,10.4,60,759,1628518.88,30,72.98,6.59,0.02,0,0.25,29786.0,148.93,2
LN003248,CUST003248,Mortgage,8799.69,7.88,360,670,1705858.21,30,54.36,7.25,0.05,0,0.25,8799.69,110.0,2
LN003249,CUST003249,Structured Credit,40565.2,6.29,36,765,2435737.48,60,62.69,5.33,0.02,0,0.35,40565.2,283.96,2
LN003250,CUST003250,Mortgage,37175.69,11.59,360,646,1641389.84,0,57.54,4.48,0.08,0,0.25,37175.69,743.51,1
LN003251,CUST003251,Mortgage,34292.23,8.73,360,668,1105641.81,0,63.31,7.07,0.05,0,0.25,34292.23,428.65,1
LN003252,CUST003252,Auto Loan,72680.89,10.97,60,831,1805483.56,0,70.03,6.67,0.02,0,0.25,72680.89,363.4,1
LN003253,CUST003253,Mortgage,61280.16,7.39,180,655,1733783.64,0,50.4,3.47,0.02,0,0.25,61280.16,306.4,1
LN003254,CUST003254,Auto Loan,44735.08,7.35,36,691,281157.18,0,63.61,7.0,0.02,0,0.25,44735.08,223.68,1
LN003255,CUST003255,Auto Loan,49767.08,11.9,180,817,1301490.92,0,63.13,5.93,0.02,0,0.25,49767.08,248.84,1
LN003256,CUST003256,Auto Loan,33757.2,8.65,60,840,1921533.11,0,57.16,7.52,0.05,0,0.25,33757.2,421.96,1
LN003257,CUST003257,Mortgage,125849.7,5.98,120,716,1372843.28,0,99.91,4.14,0.06,0,0.4,125849.7,3020.39,1
LN003258,CUST003258,Auto Loan,12894.59,6.54,120,709,2004147.56,0,44.42,4.55,0.02,0,0.25,12894.59,64.47,1
LN003259,CUST003259,Auto Loan,40044.88,8.37,120,780,1264488.32,90,78.58,6.26,0.17,0,0.25,40044.88,1701.91,3
LN003260,CUST003260,Structured Credit,38006.68,5.3,360,563,2462473.59,120,50.47,5.89,0.23,1,0.35,38006.68,3059.54,3
LN003261,CUST003261,Auto Loan,64170.33,8.24,180,742,909006.08,0,90.37,5.32,0.06,1,0.4,64170.33,1540.09,1
LN003262,CUST003262,Mortgage,20116.63,7.93,360,704,457275.87,30,94.85,7.48,0.09,0,0.4,20116.63,724.2,2
LN003263,CUST003263,Mortgage,10715.31,10.46,120,650,1217526.55,0,64.09,6.39,0.02,0,0.25,10715.31,53.58,1
LN003264,CUST003264,Auto Loan,40529.12,7.48,360,609,1468845.31,0,89.41,7.26,0.15,0,0.4,40529.12,2431.75,1
LN003265,CUST003265,Mortgage,44216.86,11.88,48,592,1035460.9,60,54.99,3.92,0.08,0,0.25,44216.86,884.34,2
LN003266,CUST003266,Auto Loan,103024.24,6.27,36,742,795132.61,120,48.4,7.37,0.2,0,0.25,103024.24,5151.21,3
LN003267,CUST003267,Mortgage,14924.31,9.14,36,658,1762132.06,30,58.95,5.77,0.02,0,0.25,14924.31,74.62,2
LN003268,CUST003268,Mortgage,81494.08,5.63,360,642,1098531.47,30,60.5,3.2,0.08,0,0.25,81494.08,1629.88,2
LN003269,CUST003269,Mortgage,190458.59,10.14,60,765,1670579.19,0,63.84,4.41,0.02,0,0.25,190458.59,952.29,1
LN003270,CUST003270,Mortgage,27877.2,11.96,240,712,2002910.76,120,62.38,3.15,0.17,0,0.25,27877.2,1184.78,3
LN003271,CUST003271,Auto Loan,14710.85,10.73,180,783,1962255.91,90,64.67,5.74,0.17,0,0.25,14710.85,625.21,3
LN003272,CUST003272,Auto Loan,27313.0,8.89,36,716,1094445.95,120,82.6,4.96,0.21,0,0.4,27313.0,2294.29,3
LN003273,CUST003273,Mortgage,36673.27,8.39,360,697,1527771.02,0,54.73,8.92,0.05,0,0.25,36673.27,458.42,1
LN003274,CUST003274,Mortgage,53887.38,10.85,180,577,1261731.0,60,41.11,8.21,0.11,0,0.25,53887.38,1481.9,2
LN003275,CUST003275,Structured Credit,24005.15,11.55,60,808,2209311.82,120,69.38,7.95,0.2,0,0.35,24005.15,1680.36,3
LN003276,CUST003276,Structured Credit,107865.35,11.92,120,635,2227206.58,120,66.9,6.01,0.23,0,0.35,107865.35,8683.16,3
LN003277,CUST003277,Structured Credit,16644.37,7.78,240,657,1023418.56,120,43.6,7.84,0.2,1,0.35,16644.37,1165.11,3
LN003278,CUST003278,Mortgage,10748.88,11.94,60,666,456409.26,0,48.03,4.6,0.02,0,0.25,10748.88,53.74,1
LN003279,CUST003279,Auto Loan,78802.29,6.09,48,564,627060.59,0,70.6,6.36,0.08,0,0.25,78802.29,1576.05,1
LN003280,CUST003280,Mortgage,7389.13,6.77,120,760,1075753.92,120,54.09,5.36,0.17,0,0.25,7389.13,314.04,3
LN003281,CUST003281,Mortgage,31480.05,5.62,120,580,1519562.4,30,92.66,4.03,0.12,0,0.4,31480.05,1511.04,2
LN003282,CUST003282,Auto Loan,322022.53,6.9,120,831,1727770.77,0,50.4,3.44,0.02,0,0.25,322022.53,1610.11,1
LN003283,CUST003283,Structured Credit,36010.63,10.38,60,734,995584.85,30,41.21,6.35,0.02,0,0.35,36010.63,252.07,2
LN003284,CUST003284,Structured Credit,16571.88,10.97,48,615,1751873.02,0,66.85,3.59,0.08,0,0.35,16571.88,464.01,1
LN003285,CUST003285,Mortgage,34885.33,10.45,240,612,2359914.96,30,99.17,7.31,0.15,0,0.4,34885.33,2093.12,2
LN003286,CUST003286,Auto Loan,35046.8,9.42,180,777,1717031.79,60,78.03,8.53,0.05,0,0.25,35046.8,438.08,2
LN003287,CUST003287,Auto Loan,40637.84,8.6,60,650,606771.77,30,61.24,3.97,0.02,0,0.25,40637.84,203.19,2
LN003288,CUST003288,Structured Credit,57732.99,9.96,36,688,1554255.05,120,41.01,5.83,0.17,0,0.35,57732.99,3435.11,3
LN003289,CUST003289,Structured Credit,17546.72,7.74,36,668,1469264.91,30,69.1,7.43,0.05,0,0.35,17546.72,307.07,2
LN003290,CUST003290,Auto Loan,118336.04,10.89,60,606,2209075.25,30,52.39,4.72,0.08,0,0.25,118336.04,2366.72,2
LN003291,CUST003291,Auto Loan,43113.01,9.74,180,680,1038181.87,0,78.87,8.52,0.05,1,0.25,43113.01,538.91,1
LN003292,CUST003292,Structured Credit,60400.69,9.88,36,586,1201627.62,0,74.98,8.33,0.11,0,0.35,60400.69,2325.43,1
LN003293,CUST003293,Auto Loan,23395.42,8.75,180,660,1596982.87,0,55.91,3.62,0.02,0,0.25,23395.42,116.98,1
LN003294,CUST003294,Mortgage,89363.49,11.2,120,702,1429956.95,0,44.13,3.16,0.02,0,0.25,89363.49,446.82,1
LN003295,CUST003295,Structured Credit,30335.18,6.76,60,799,1867787.33,120,85.3,8.86,0.24,1,0.5,30335.18,3640.22,3
LN003296,CUST003296,Auto Loan,44103.16,7.67,120,791,340875.23,0,75.13,8.74,0.05,0,0.25,44103.16,551.29,1
LN003297,CUST003297,Mortgage,18898.27,10.44,36,757,1517911.04,0,90.53,5.53,0.06,0,0.4,18898.27,453.56,1
LN003298,CUST003298,Auto Loan,18072.52,8.45,180,719,523761.76,0,55.59,3.3,0.02,0,0.25,18072.52,90.36,1
LN003299,CUST003299,Auto Loan,58790.98,11.22,120,806,959220.23,120,79.17,6.71,0.17,0,0.25,58790.98,2498.62,3
LN003300,CUST003300,Structured Credit,26621.52,7.42,36,828,1738660.44,90,47.12,4.76,0.17,0,0.35,26621.52,1583.98,3
LN003301,CUST003301,Mortgage,19976.74,7.59,360,662,604181.95,120,57.51,8.62,0.2,0,0.25,19976.74,998.84,3
LN003302,CUST003302,Structured Credit,23150.5,11.22,48,724,944894.13,30,79.39,7.77,0.05,1,0.35,23150.5,405.13,2
LN003303,CUST003303,Mortgage,59234.96,8.25,120,638,1831764.59,90,89.53,6.9,0.27,1,0.4,59234.96,6397.38,3
LN003304,CUST003304,Auto Loan,23380.87,8.61,48,684,1714311.8,30,59.26,4.71,0.02,0,0.25,23380.87,116.9,2
LN003305,CUST003305,Auto Loan,33444.46,7.33,48,843,454839.26,60,87.93,7.21,0.09,0,0.4,33444.46,1204.0,2
LN003306,CUST003306,Auto Loan,36699.54,6.94,240,755,1548854.11,120,80.67,4.74,0.21,0,0.4,36699.54,3082.76,3
LN003307,CUST003307,Auto Loan,9488.69,9.59,36,622,581322.54,0,60.92,3.23,0.08,0,0.25,9488.69,189.77,1
LN003308,CUST003308,Auto Loan,12967.63,5.84,60,808,817610.6,90,92.58,6.05,0.21,1,0.4,12967.63,1089.28,3
LN003309,CUST003309,Auto Loan,45953.92,11.15,180,697,1283225.38,30,70.55,5.93,0.02,0,0.25,45953.92,229.77,2
LN003310,CUST003310,Mortgage,21678.57,10.45,360,774,496030.35,30,78.89,7.58,0.05,0,0.25,21678.57,270.98,2
LN003311,CUST003311,Mortgage,76092.69,6.34,36,654,2485705.68,0,69.74,8.19,0.05,0,0.25,76092.69,951.16,1
LN003312,CUST003312,Mortgage,71450.84,9.86,240,593,622081.51,0,67.16,5.13,0.08,0,0.25,71450.84,1429.02,1
LN003313,CUST003313,Mortgage,60079.15,9.22,240,575,2007953.41,0,90.88,5.7,0.12,0,0.4,60079.15,2883.8,1
LN003314,CUST003314,Auto Loan,129811.7,6.29,360,810,2117137.4,0,57.68,5.82,0.02,0,0.25,129811.7,649.06,1
LN003315,CUST003315,Auto Loan,34263.55,6.91,120,608,2487543.93,90,42.2,4.95,0.23,1,0.25,34263.55,1970.15,3
LN003316,CUST003316,Mortgage,57194.75,7.86,180,610,1214469.74,0,92.79,7.46,0.15,0,0.4,57194.75,3431.68,1
LN003317,CUST003317,Mortgage,24122.96,9.89,240,619,2216712.67,0,89.5,6.13,0.12,0,0.4,24122.96,1157.9,1
LN003318,CUST003318,Auto Loan,202128.51,9.47,60,820,2404463.74,0,61.99,8.48,0.05,0,0.25,202128.51,2526.61,1
LN003319,CUST003319,Structured Credit,145589.1,8.73,36,806,639011.83,0,51.13,6.9,0.02,0,0.35,145589.1,1019.12,1
LN003320,CUST003320,Mortgage,36618.77,10.38,60,674,1328731.2,0,80.53,4.27,0.06,1,0.4,36618.77,878.85,1
LN003321,CUST003321,Mortgage,47601.06,10.31,120,568,385024.34,0,44.73,3.99,0.08,0,0.25,47601.06,952.02,1
LN003322,CUST003322,Auto Loan,94043.09,9.33,36,668,1646629.03,120,65.43,5.23,0.17,0,0.25,94043.09,3996.83,3
LN003323,CUST003323,Mortgage,32761.27,10.51,120,615,1558163.85,90,45.15,5.08,0.23,0,0.25,32761.27,1883.77,3
LN003324,CUST003324,Mortgage,22933.71,7.34,180,794,709284.14,0,75.87,5.44,0.02,0,0.25,22933.71,114.67,1
LN003325,CUST003325,Mortgage,66956.12,11.17,180,606,2045281.21,60,41.63,4.1,0.08,0,0.25,66956.12,1339.12,2
LN003326,CUST003326,Mortgage,38365.25,9.3,60,593,333854.63,0,77.75,8.87,0.11,0,0.25,38365.25,1055.04,1
LN003327,CUST003327,Structured Credit,41278.46,10.76,60,561,2064011.48,0,80.39,3.87,0.12,1,0.5,41278.46,2476.71,1
LN003328,CUST003328,Mortgage,20252.02,8.82,180,785,309951.91,120,69.23,6.92,0.17,1,0.25,20252.02,860.71,3
LN003329,CUST003329,Auto Loan,10912.12,6.53,48,573,1727864.83,0,50.5,3.08,0.08,0,0.25,10912.12,218.24,1
LN003330,CUST003330,Mortgage,42843.09,8.8,180,806,427231.41,120,46.08,5.44,0.17,0,0.25,42843.09,1820.83,3
LN003331,CUST003331,Mortgage,68423.62,7.6,360,833,815257.42,0,58.8,4.86,0.02,0,0.25,68423.62,342.12,1
LN003332,CUST003332,Mortgage,31005.98,9.88,36,800,1874305.04,30,67.91,5.29,0.02,0,0.25,31005.98,155.03,2
LN003333,CUST003333,Auto Loan,99260.27,8.33,360,643,880910.8,0,78.53,5.99,0.08,0,0.25,99260.27,1985.21,1
LN003334,CUST003334,Auto Loan,22186.93,10.85,120,571,1400141.16,120,40.08,6.6,0.23,0,0.25,22186.93,1275.75,3
LN003335,CUST003335,Structured Credit,17356.23,9.75,180,706,2309308.61,60,82.66,6.5,0.06,0,0.5,17356.23,520.69,2
LN003336,CUST003336,Mortgage,34646.04,9.79,180,638,361677.3,0,82.76,6.78,0.12,1,0.4,34646.04,1663.01,1
LN003337,CUST003337,Structured Credit,34275.47,6.52,240,751,2074929.54,60,66.67,8.07,0.05,0,0.35,34275.47,599.82,2
LN003338,CUST003338,Mortgage,62254.0,11.89,120,746,396862.0,0,60.6,8.32,0.05,0,0.25,62254.0,778.18,1
LN003339,CUST003339,Mortgage,21110.5,10.89,240,594,535288.4,60,90.54,7.42,0.15,1,0.4,21110.5,1266.63,2
LN003340,CUST003340,Mortgage,94623.96,10.52,120,628,518467.98,0,87.08,3.47,0.12,0,0.4,94623.96,4541.95,1
LN003341,CUST003341,Structured Credit,143895.39,7.31,360,588,2486730.14,0,99.0,8.77,0.15,1,0.5,143895.39,10792.15,1
LN003342,CUST003342,Mortgage,35333.94,8.75,36,833,655419.22,0,62.32,8.68,0.05,0,0.25,35333.94,441.67,1
LN003343,CUST003343,Mortgage,87098.7,5.96,120,704,2267714.15,120,94.41,7.27,0.24,1,0.4,87098.7,8361.48,3
LN003344,CUST003344,Auto Loan,17334.47,8.77,60,698,2479597.37,30,45.24,6.1,0.02,0,0.25,17334.47,86.67,2
LN003345,CUST003345,Mortgage,77084.31,6.02,180,601,1113515.73,0,64.69,4.5,0.08,0,0.25,77084.31,1541.69,1
LN003346,CUST003346,Mortgage,75591.07,8.87,120,800,1669859.22,90,67.92,7.54,0.2,1,0.25,75591.07,3779.55,3
LN003347,CUST003347,Auto Loan,66463.36,9.54,36,696,2002955.32,120,66.45,8.27,0.2,0,0.25,66463.36,3323.17,3
LN003348,CUST003348,Auto Loan,35922.02,7.73,120,807,1133451.43,0,77.51,6.99,0.02,0,0.25,35922.02,179.61,1
LN003349,CUST003349,Auto Loan,4591.79,8.49,180,822,614081.82,0,50.21,6.77,0.02,0,0.25,4591.79,22.96,1
LN003350,CUST003350,Auto Loan,23174.11,11.13,48,674,1225966.17,0,91.99,4.16,0.06,0,0.4,23174.11,556.18,1
LN003351,CUST003351,Auto Loan,23432.02,5.76,120,753,1986747.2,0,73.11,5.15,0.02,0,0.25,23432.02,117.16,1
LN003352,CUST003352,Mortgage,18310.35,10.54,60,805,2006716.22,0,94.25,7.34,0.09,0,0.4,18310.35,659.17,1
LN003353,CUST003353,Structured Credit,39559.85,6.2,180,680,768712.28,120,40.16,3.1,0.17,0,0.35,39559.85,2353.81,3
LN003354,CUST003354,Mortgage,27084.74,5.26,36,570,643672.69,90,77.8,6.85,0.23,1,0.25,27084.74,1557.37,3
LN003355,CUST003355,Auto Loan,20389.42,6.3,360,627,2321261.58,60,64.75,7.6,0.11,0,0.25,20389.42,560.71,2
LN003356,CUST003356,Auto Loan,17306.54,10.36,360,600,348997.82,0,70.31,5.01,0.08,0,0.25,17306.54,346.13,1
LN003357,CUST003357,Mortgage,22007.55,7.84,180,815,1903161.57,60,84.63,3.46,0.06,0,0.4,22007.55,528.18,2
LN003358,CUST003358,Auto Loan,79622.3,11.11,240,665,354448.12,0,53.63,7.91,0.05,0,0.25,79622.3,995.28,1
LN003359,CUST003359,Structured Credit,22863.17,8.67,48,604,2135275.11,0,52.29,3.85,0.08,0,0.35,22863.17,640.17,1
LN003360,CUST003360,Mortgage,25324.89,5.16,36,841,2287183.33,0,82.18,5.22,0.06,0,0.4,25324.89,607.8,1
LN003361,CUST003361,Mortgage,26378.69,10.02,48,600,919193.03,30,71.28,7.24,0.11,1,0.25,26378.69,725.41,2
LN003362,CUST003362,Auto Loan,46041.36,5.77,360,822,416355.2,90,54.02,7.9,0.2,0,0.25,46041.36,2302.07,3
LN003363,CUST003363,Mortgage,49979.82,10.53,48,803,1331540.21,60,69.04,8.17,0.05,0,0.25,49979.82,624.75,2
LN003364,CUST003364,Auto Loan,4310.2,6.18,60,610,921541.83,0,67.57,6.18,0.08,0,0.25,4310.2,86.2,1
LN003365,CUST003365,Structured Credit,74246.41,7.42,360,774,1188556.32,60,81.49,5.86,0.06,0,0.5,74246.41,2227.39,2
LN003366,CUST003366,Mortgage,99256.0,10.33,120,652,1746217.27,0,40.16,8.09,0.05,0,0.25,99256.0,1240.7,1
LN003367,CUST003367,Auto Loan,17411.21,11.68,60,597,722108.58,120,75.21,6.38,0.23,0,0.25,17411.21,1001.14,3
LN003368,CUST003368,Auto Loan,18386.85,7.6,60,774,1053141.03,90,76.34,6.47,0.17,1,0.25,18386.85,781.44,3
LN003369,CUST003369,Auto Loan,26497.95,10.81,240,782,2010765.6,30,84.73,5.6,0.06,0,0.4,26497.95,635.95,2
LN003370,CUST003370,Mortgage,21392.53,6.34,60,619,1698464.39,0,93.35,5.24,0.12,0,0.4,21392.53,1026.84,1
LN003371,CUST003371,Auto Loan,42478.31,10.65,36,596,984119.86,30,66.41,5.88,0.08,0,0.25,42478.31,849.57,2
LN003372,CUST003372,Mortgage,9296.86,9.6,120,777,1744678.6,90,60.55,5.19,0.17,0,0.25,9296.86,395.12,3
LN003373,CUST003373,Auto Loan,16604.86,6.35,120,559,1971954.08,0,46.14,5.06,0.08,0,0.25,16604.86,332.1,1
LN003374,CUST003374,Mortgage,106663.9,7.12,360,734,1583092.56,0,60.21,8.96,0.05,0,0.25,106663.9,1333.3,1
LN003375,CUST003375,Structured Credit,18963.02,5.92,36,629,788867.87,0,44.11,5.02,0.08,0,0.35,18963.02,530.96,1
LN003376,CUST003376,Mortgage,86716.53,7.68,60,562,250551.9,120,88.17,4.54,0.27,1,0.4,86716.53,9365.39,3
LN003377,CUST003377,Mortgage,46571.16,6.43,60,633,2056410.49,0,88.42,5.12,0.12,0,0.4,46571.16,2235.42,1
LN003378,CUST003378,Auto Loan,10234.43,9.51,48,635,2100925.5,0,65.03,6.54,0.08,0,0.25,10234.43,204.69,1
LN003379,CUST003379,Auto Loan,56654.71,11.96,360,706,1819610.13,60,55.58,8.47,0.05,0,0.25,56654.71,708.18,2
LN003380,CUST003380,Mortgage,33444.17,5.08,360,693,422307.1,90,47.08,7.73,0.2,0,0.25,33444.17,1672.21,3
LN003381,CUST003381,Auto Loan,26401.42,8.79,48,612,1566750.15,0,91.07,8.05,0.15,0,0.4,26401.42,1584.09,1
LN003382,CUST003382,Mortgage,43108.26,9.02,240,592,2097296.51,90,92.65,8.15,0.3,1,0.4,43108.26,5172.99,3
LN003383,CUST003383,Auto Loan,50627.16,11.4,180,707,1126753.72,60,55.98,8.52,0.05,0,0.25,50627.16,632.84,2
LN003384,CUST003384,Auto Loan,59594.24,8.54,48,734,695501.65,0,77.31,4.41,0.02,0,0.25,59594.24,297.97,1
LN003385,CUST003385,Auto Loan,82849.17,8.81,120,835,1572161.42,0,55.52,5.75,0.02,0,0.25,82849.17,414.25,1
LN003386,CUST003386,Structured Credit,48324.56,8.3,36,573,2109189.91,0,53.51,5.31,0.08,0,0.35,48324.56,1353.09,1
LN003387,CUST003387,Auto Loan,13864.07,6.88,60,754,359957.41,30,41.27,5.29,0.02,0,0.25,13864.07,69.32,2
LN003388,CUST003388,Mortgage,26067.59,5.39,180,773,1593140.24,0,74.63,6.91,0.02,0,0.25,26067.59,130.34,1
LN003389,CUST003389,Auto Loan,284968.47,7.86,48,650,1697141.04,0,49.0,5.41,0.02,0,0.25,284968.47,1424.84,1
LN003390,CUST003390,Mortgage,60303.4,5.37,360,753,1605325.84,30,40.74,6.7,0.02,0,0.25,60303.4,301.52,2
LN003391,CUST003391,Auto Loan,190708.45,8.85,180,557,1712575.79,0,46.29,5.29,0.08,0,0.25,190708.45,3814.17,1
LN003392,CUST003392,Structured Credit,96452.3,7.15,36,721,1670594.44,0,58.83,4.87,0.02,0,0.35,96452.3,675.17,1
LN003393,CUST003393,Structured Credit,43013.16,8.74,36,757,543408.74,30,80.15,5.12,0.06,0,0.5,43013.16,1290.39,2
LN003394,CUST003394,Auto Loan,44845.79,5.94,360,645,778607.75,90,52.16,7.82,0.26,0,0.25,44845.79,2914.98,3
LN003395,CUST003395,Structured Credit,35397.41,11.53,180,711,1642736.51,90,93.26,6.61,0.21,0,0.5,35397.41,3716.73,3
LN003396,CUST003396,Structured Credit,10759.42,11.26,180,840,289809.61,90,57.31,8.84,0.2,0,0.35,10759.42,753.16,3
LN003397,CUST003397,Structured Credit,36777.19,6.33,240,645,1678175.17,0,59.87,8.0,0.11,0,0.35,36777.19,1415.92,1
LN003398,CUST003398,Structured Credit,84750.95,7.4,180,694,1747119.9,0,53.08,5.91,0.02,0,0.35,84750.95,593.26,1
LN003399,CUST003399,Auto Loan,23867.0,9.29,60,807,788143.21,90,55.23,4.45,0.17,0,0.25,23867.0,1014.35,3
LN003400,CUST003400,Mortgage,48453.85,5.67,120,849,1595798.87,90,44.45,7.04,0.2,0,0.25,48453.85,2422.69,3
LN003401,CUST003401,Auto Loan,65914.5,7.48,48,651,1451702.64,90,57.69,7.36,0.2,0,0.25,65914.5,3295.73,3
LN003402,CUST003402,Auto Loan,19210.72,6.76,360,726,836555.98,0,91.58,5.79,0.06,0,0.4,19210.72,461.06,1
LN003403,CUST003403,Structured Credit,26478.49,11.41,48,659,1291691.53,0,81.31,4.38,0.06,0,0.5,26478.49,794.35,1
LN003404,CUST003404,Auto Loan,17809.05,10.97,48,747,2296655.19,0,92.52,6.34,0.06,0,0.4,17809.05,427.42,1
LN003405,CUST003405,Mortgage,20424.37,9.06,180,678,1209856.26,60,46.29,4.52,0.02,0,0.25,20424.37,102.12,2
LN003406,CUST003406,Structured Credit,14745.25,8.64,360,686,1667149.4,30,67.34,8.64,0.05,0,0.35,14745.25,258.04,2
LN003407,CUST003407,Structured Credit,19335.27,11.52,180,576,329539.35,0,53.76,6.77,0.08,0,0.35,19335.27,541.39,1
LN003408,CUST003408,Structured Credit,98087.87,11.53,240,686,425050.25,0,83.27,4.75,0.06,0,0.5,98087.87,2942.64,1
LN003409,CUST003409,Auto Loan,19132.93,11.79,180,713,432943.16,0,98.21,4.29,0.06,0,0.4,19132.93,459.19,1
LN003410,CUST003410,Auto Loan,39676.78,5.88,240,680,2001041.72,90,88.92,7.3,0.24,1,0.4,39676.78,3808.97,3
LN003411,CUST003411,Mortgage,25539.76,6.12,240,700,1038078.01,0,42.12,7.25,0.05,0,0.25,25539.76,319.25,1
LN003412,CUST003412,Auto Loan,82884.73,9.74,60,795,762126.3,30,59.0,6.58,0.02,0,0.25,82884.73,414.42,2
LN003413,CUST003413,Auto Loan,90927.12,8.79,60,659,1931480.28,60,41.71,6.69,0.02,0,0.25,90927.12,454.64,2
LN003414,CUST003414,Auto Loan,66492.8,5.13,60,622,632410.14,0,42.41,6.62,0.08,0,0.25,66492.8,1329.86,1
LN003415,CUST003415,Mortgage,44994.44,5.43,60,835,804608.18,30,44.77,5.16,0.02,0,0.25,44994.44,224.97,2
LN003416,CUST003416,Mortgage,30892.18,11.22,36,824,1219595.75,30,56.58,8.62,0.05,0,0.25,30892.18,386.15,2
LN003417,CUST003417,Auto Loan,15767.21,11.08,60,616,995735.66,0,58.25,5.88,0.08,0,0.25,15767.21,315.34,1
LN003418,CUST003418,Mortgage,141558.77,7.5,60,599,1567132.47,0,64.03,3.12,0.08,0,0.25,141558.77,2831.18,1
LN003419,CUST003419,Auto Loan,21337.66,11.24,60,552,1010141.39,30,64.3,5.09,0.08,0,0.25,21337.66,426.75,2
LN003420,CUST003420,Auto Loan,57788.93,9.16,240,775,1134141.18,60,86.28,3.78,0.06,0,0.4,57788.93,1386.93,2
LN003421,CUST003421,Mortgage,76244.14,10.64,48,615,2191494.87,0,48.48,5.18,0.08,1,0.25,76244.14,1524.88,1
LN003422,CUST003422,Mortgage,24619.74,7.99,360,704,2240195.74,60,49.46,6.65,0.02,0,0.25,24619.74,123.1,2
LN003423,CUST003423,Mortgage,75102.47,5.79,48,660,2112350.18,30,77.6,3.14,0.02,0,0.25,75102.47,375.51,2
LN003424,CUST003424,Auto Loan,62003.69,8.04,48,845,2195869.6,120,74.3,8.22,0.2,1,0.25,62003.69,3100.18,3
LN003425,CUST003425,Structured Credit,121731.7,8.2,120,805,1531889.51,60,49.24,6.66,0.02,0,0.35,121731.7,852.12,2
LN003426,CUST003426,Mortgage,26146.16,8.86,36,823,1704024.73,60,91.14,4.77,0.06,0,0.4,26146.16,627.51,2
LN003427,CUST003427,Mortgage,14763.23,5.74,240,704,1503639.62,90,59.74,4.87,0.17,0,0.25,14763.23,627.44,3
LN003428,CUST003428,Mortgage,25492.95,11.94,180,688,2017573.19,120,62.02,5.79,0.17,1,0.25,25492.95,1083.45,3
LN003429,CUST003429,Structured Credit,42032.46,6.71,240,716,1489751.09,0,65.23,4.49,0.02,0,0.35,42032.46,294.23,1
LN003430,CUST003430,Mortgage,37825.88,6.39,60,568,499923.17,120,59.36,3.03,0.23,0,0.25,37825.88,2174.99,3
LN003431,CUST003431,Mortgage,27573.03,8.69,48,772,2071555.27,0,73.45,3.16,0.02,0,0.25,27573.03,137.87,1
LN003432,CUST003432,Structured Credit,9542.99,8.76,240,606,1961316.63,120,63.32,5.15,0.23,0,0.35,9542.99,768.21,3
LN003433,CUST003433,Mortgage,50480.28,8.08,36,843,2095676.34,30,55.57,3.75,0.02,0,0.25,50480.28,252.4,2
LN003434,CUST003434,Mortgage,144443.13,10.4,60,682,678466.29,0,94.27,3.13,0.06,0,0.4,144443.13,3466.64,1
LN003435,CUST003435,Mortgage,50260.56,8.62,120,841,861138.37,90,58.5,8.16,0.2,0,0.25,50260.56,2513.03,3
LN003436,CUST003436,Auto Loan,55625.38,9.27,180,754,915441.32,90,81.91,4.64,0.21,0,0.4,55625.38,4672.53,3
LN003437,CUST003437,Auto Loan,54214.94,10.07,60,668,1393181.21,0,60.83,6.02,0.02,0,0.25,54214.94,271.07,1
LN003438,CUST003438,Mortgage,47950.89,5.18,360,802,551223.44,60,66.11,4.08,0.02,0,0.25,47950.89,239.75,2
LN003439,CUST003439,Structured Credit,69714.68,8.99,180,634,1117108.94,0,54.16,3.28,0.08,0,0.35,69714.68,1952.01,1
LN003440,CUST003440,Structured Credit,47894.77,11.19,240,734,659855.86,0,85.14,7.47,0.09,0,0.5,47894.77,2155.26,1
LN003441,CUST003441,Auto Loan,29176.71,5.12,60,774,845716.1,0,84.23,3.75,0.06,0,0.4,29176.71,700.24,1
LN003442,CUST003442,Mortgage,20802.07,7.84,120,697,1839372.18,30,41.33,3.15,0.02,0,0.25,20802.07,104.01,2
LN003443,CUST003443,Auto Loan,30507.21,11.48,240,829,2173325.1,90,43.61,6.52,0.17,0,0.25,30507.21,1296.56,3
LN003444,CUST003444,Structured Credit,45246.95,7.47,36,776,301538.2,0,95.34,3.08,0.06,1,0.5,45246.95,1357.41,1
LN003445,CUST003445,Structured Credit,29107.23,8.21,180,835,1523268.17,120,93.33,5.62,0.21,1,0.5,29107.23,3056.26,3
LN003446,CUST003446,Mortgage,45253.58,11.87,180,833,331134.46,0,70.37,4.73,0.02,0,0.25,45253.58,226.27,1
LN003447,CUST003447,Structured Credit,49385.15,6.4,36,730,441810.8,60,69.6,4.92,0.02,1,0.35,49385.15,345.7,2
LN003448,CUST003448,Mortgage,65070.44,5.46,360,658,1836439.08,0,88.75,3.02,0.06,0,0.4,65070.44,1561.69,1
LN003449,CUST003449,Mortgage,89139.38,11.02,180,684,1905118.24,0,48.31,8.79,0.05,0,0.25,89139.38,1114.24,1
LN003450,CUST003450,Auto Loan,38353.66,11.08,240,840,2081456.51,120,79.22,6.1,0.17,0,0.25,38353.66,1630.03,3
LN003451,CUST003451,Mortgage,14538.51,8.3,48,839,1317043.4,60,68.56,6.44,0.02,0,0.25,14538.51,72.69,2
LN003452,CUST003452,Mortgage,28521.89,8.6,360,652,2184566.83,120,84.6,7.0,0.21,0,0.4,28521.89,2395.84,3
LN003453,CUST003453,Mortgage,37453.06,10.85,36,750,625386.16,120,41.81,7.79,0.2,0,0.25,37453.06,1872.65,3
LN003454,CUST003454,Auto Loan,10046.32,10.17,120,666,811861.93,0,75.56,6.65,0.02,0,0.25,10046.32,50.23,1
LN003455,CUST003455,Structured Credit,95996.32,6.86,360,578,552629.83,60,73.4,7.57,0.11,0,0.35,95996.32,3695.86,2
LN003456,CUST003456,Auto Loan,40121.38,5.12,60,576,2044458.84,0,90.45,5.69,0.12,0,0.4,40121.38,1925.83,1
LN003457,CUST003457,Mortgage,47427.0,8.36,60,562,764519.02,0,80.61,5.23,0.12,0,0.4,47427.0,2276.5,1
LN003458,CUST003458,Mortgage,94454.03,11.01,36,591,599900.3,0,92.81,7.94,0.15,0,0.4,94454.03,5667.24,1
LN003459,CUST003459,Mortgage,23362.79,11.27,48,773,1651999.05,120,93.24,8.19,0.24,0,0.4,23362.79,2242.83,3
LN003460,CUST003460,Mortgage,54275.56,11.69,240,570,423434.56,120,64.49,3.83,0.23,0,0.25,54275.56,3120.84,3
LN003461,CUST003461,Auto Loan,33627.35,11.16,120,685,351025.62,0,48.25,6.26,0.02,0,0.25,33627.35,168.14,1
LN003462,CUST003462,Auto Loan,31924.82,9.06,60,770,490114.71,60,77.82,7.1,0.05,0,0.25,31924.82,399.06,2
LN003463,CUST003463,Mortgage,21151.48,8.11,60,694,250541.99,0,92.42,3.5,0.06,0,0.4,21151.48,507.64,1
LN003464,CUST003464,Mortgage,116532.12,10.42,240,559,1818227.85,30,44.5,8.58,0.11,0,0.25,116532.12,3204.63,2
LN003465,CUST003465,Auto Loan,27921.44,10.18,48,774,1515029.47,0,73.48,6.12,0.02,0,0.25,27921.44,139.61,1
LN003466,CUST003466,Mortgage,59256.16,8.77,180,690,722219.0,0,46.9,6.87,0.02,0,0.25,59256.16,296.28,1
LN003467,CUST003467,Mortgage,9774.13,5.61,360,655,774261.13,90,41.62,4.07,0.17,0,0.25,9774.13,415.4,3
LN003468,CUST003468,Mortgage,82949.89,11.48,36,817,2074679.35,0,80.78,4.59,0.06,0,0.4,82949.89,1990.8,1
LN003469,CUST003469,Structured Credit,75852.64,8.19,48,743,1379095.26,0,80.91,3.73,0.06,0,0.5,75852.64,2275.58,1
LN003470,CUST003470,Auto Loan,38878.78,7.54,48,677,1821688.8,0,76.04,4.58,0.02,0,0.25,38878.78,194.39,1
LN003471,CUST003471,Auto Loan,30981.34,9.41,48,762,1268699.77,0,91.55,5.95,0.06,0,0.4,30981.34,743.55,1
LN003472,CUST003472,Mortgage,48050.12,9.72,48,700,784865.56,0,44.85,8.0,0.05,0,0.25,48050.12,600.63,1
LN003473,CUST003473,Mortgage,180259.63,6.47,180,729,2433406.3,0,46.32,6.2,0.02,0,0.25,180259.63,901.3,1
LN003474,CUST003474,Mortgage,10569.57,10.86,240,575,1522707.02,90,91.87,4.47,0.27,1,0.4,10569.57,1141.51,3
LN003475,CUST003475,Structured Credit,62781.72,7.03,120,564,544709.28,30,70.2,3.27,0.08,0,0.35,62781.72,1757.89,2
LN003476,CUST003476,Structured Credit,19184.69,6.31,360,571,1163702.59,30,56.38,6.73,0.08,0,0.35,19184.69,537.17,2
LN003477,CUST003477,Structured Credit,35812.67,7.84,48,614,991009.18,0,84.29,5.52,0.12,0,0.5,35812.67,2148.76,1
LN003478,CUST003478,Mortgage,30530.57,10.11,360,800,731696.8,0,93.66,8.91,0.09,0,0.4,30530.57,1099.1,1
LN003479,CUST003479,Mortgage,26907.95,11.76,48,570,2350239.98,30,81.38,7.68,0.15,0,0.4,26907.95,1614.48,2
LN003480,CUST003480,Mortgage,36050.44,10.66,36,782,2232069.99,0,87.52,7.85,0.09,0,0.4,36050.44,1297.82,1
LN003481,CUST003481,Auto Loan,16417.12,11.58,60,565,698081.01,0,56.95,3.07,0.08,0,0.25,16417.12,328.34,1
LN003482,CUST003482,Mortgage,74639.59,5.98,180,821,1042332.75,0,57.33,7.67,0.05,0,0.25,74639.59,932.99,1
LN003483,CUST003483,Auto Loan,10343.35,5.5,48,754,1965209.63,0,91.85,4.17,0.06,0,0.4,10343.35,248.24,1
LN003484,CUST003484,Structured Credit,52988.76,8.9,120,847,719138.61,0,76.89,6.51,0.02,0,0.35,52988.76,370.92,1
LN003485,CUST003485,Mortgage,28895.03,7.03,120,709,1581020.94,0,54.05,5.68,0.02,0,0.25,28895.03,144.48,1
LN003486,CUST003486,Mortgage,16000.14,10.8,120,590,1824536.37,0,71.45,6.43,0.08,0,0.25,16000.14,320.0,1
LN003487,CUST003487,Auto Loan,41842.52,9.7,36,657,1721437.73,120,81.15,3.8,0.21,0,0.4,41842.52,3514.77,3
LN003488,CUST003488,Auto Loan,12211.51,11.8,120,674,1839419.44,120,53.11,5.74,0.17,0,0.25,12211.51,518.99,3
LN003489,CUST003489,Auto Loan,37339.23,6.78,240,701,1840074.08,120,79.29,3.22,0.17,1,0.25,37339.23,1586.92,3
LN003490,CUST003490,Mortgage,13413.09,8.4,36,562,2420813.32,90,42.53,3.25,0.23,0,0.25,13413.09,771.25,3
LN003491,CUST003491,Auto Loan,50155.85,8.51,180,752,1029622.5,90,58.22,6.95,0.17,0,0.25,50155.85,2131.62,3
LN003492,CUST003492,Mortgage,19014.36,6.67,120,628,2226828.45,0,80.44,8.71,0.15,0,0.4,19014.36,1140.86,1
LN003493,CUST003493,Structured Credit,26484.22,9.13,60,591,299065.89,0,48.96,7.66,0.11,1,0.35,26484.22,1019.64,1
LN003494,CUST003494,Structured Credit,44612.29,8.1,48,718,898456.67,90,53.33,5.81,0.17,0,0.35,44612.29,2654.43,3
LN003495,CUST003495,Mortgage,21146.31,8.13,180,798,359475.51,30,92.75,3.34,0.06,1,0.4,21146.31,507.51,2
LN003496,CUST003496,Auto Loan,34871.5,7.54,240,670,1715208.91,0,80.46,3.27,0.06,0,0.4,34871.5,836.92,1
LN003497,CUST003497,Structured Credit,12585.73,5.12,60,821,476778.33,120,69.94,3.95,0.17,1,0.35,12585.73,748.85,3
LN003498,CUST003498,Structured Credit,56478.36,8.65,180,849,2152840.44,30,52.65,8.85,0.05,0,0.35,56478.36,988.37,2
LN003499,CUST003499,Auto Loan,124921.36,7.35,240,758,1704831.29,60,60.48,5.39,0.02,0,0.25,124921.36,624.61,2
LN003500,CUST003500,Mortgage,256413.39,5.01,120,707,314834.65,0,74.46,8.06,0.05,0,0.25,256413.39,3205.17,1
LN003501,CUST003501,Auto Loan,38708.62,7.16,180,670,1858249.07,0,49.32,7.23,0.05,0,0.25,38708.62,483.86,1
LN003502,CUST003502,Structured Credit,63053.76,6.95,180,776,2189578.63,0,68.9,6.63,0.02,0,0.35,63053.76,441.38,1
LN003503,CUST003503,Structured Credit,10441.69,7.75,180,573,1737522.27,90,64.54,8.69,0.26,0,0.35,10441.69,950.19,3
LN003504,CUST003504,Auto Loan,103975.86,5.92,36,779,318679.49,0,68.6,4.38,0.02,0,0.25,103975.86,519.88,1
LN003505,CUST003505,Structured Credit,62527.39,8.55,60,575,2180318.98,0,46.33,5.73,0.08,0,0.35,62527.39,1750.77,1
LN003506,CUST003506,Mortgage,25880.54,9.85,360,607,1898043.8,0,46.39,8.19,0.11,0,0.25,25880.54,711.71,1
LN003507,CUST003507,Structured Credit,86338.13,9.41,240,814,1101515.45,0,97.85,6.31,0.06,0,0.5,86338.13,2590.14,1
LN003508,CUST003508,Mortgage,30389.93,10.63,120,675,989418.08,90,98.76,4.48,0.21,0,0.4,30389.93,2552.75,3
LN003509,CUST003509,Structured Credit,26354.19,8.16,48,824,1329595.41,90,65.57,4.25,0.17,1,0.35,26354.19,1568.07,3
LN003510,CUST003510,Auto Loan,50652.02,8.63,120,577,2200978.94,120,87.34,7.52,0.3,0,0.4,50652.02,6078.24,3
LN003511,CUST003511,Auto Loan,17251.46,10.67,120,850,817133.54,0,79.35,3.08,0.02,0,0.25,17251.46,86.26,1
LN003512,CUST003512,Auto Loan,74245.86,7.99,36,677,477168.58,30,47.02,8.49,0.05,0,0.25,74245.86,928.07,2
LN003513,CUST003513,Structured Credit,17340.62,9.91,36,643,2195431.84,0,57.8,3.11,0.08,0,0.35,17340.62,485.54,1
LN003514,CUST003514,Structured Credit,17412.81,8.04,180,740,309152.16,0,58.82,6.79,0.02,0,0.35,17412.81,121.89,1
LN003515,CUST003515,Structured Credit,19210.59,7.92,120,821,2299743.3,0,75.75,6.63,0.02,0,0.35,19210.59,134.47,1
LN003516,CUST003516,Structured Credit,61799.47,10.32,60,554,937926.69,0,74.8,6.47,0.08,0,0.35,61799.47,1730.39,1
LN003517,CUST003517,Auto Loan,23582.43,6.22,36,706,1393501.08,0,95.41,5.85,0.06,0,0.4,23582.43,565.98,1
LN003518,CUST003518,Auto Loan,14134.91,7.37,240,601,547664.93,30,87.4,8.11,0.15,0,0.4,14134.91,848.09,2
LN003519,CUST003519,Auto Loan,23766.3,6.57,36,792,2280073.68,30,91.41,6.96,0.06,0,0.4,23766.3,570.39,2
LN003520,CUST003520,Auto Loan,35510.03,7.51,60,700,1937131.5,90,93.47,7.69,0.24,1,0.4,35510.03,3408.96,3
LN003521,CUST003521,Auto Loan,15888.0,6.61,36,811,2329350.07,0,88.08,3.69,0.06,0,0.4,15888.0,381.31,1
LN003522,CUST003522,Mortgage,16217.13,9.06,360,629,1787265.37,60,59.97,3.3,0.08,0,0.25,16217.13,324.34,2
LN003523,CUST003523,Auto Loan,159198.55,10.59,60,732,665561.0,0,52.9,3.17,0.02,0,0.25,159198.55,795.99,1
LN003524,CUST003524,Auto Loan,19882.68,10.51,360,656,943600.76,0,74.31,3.88,0.02,0,0.25,19882.68,99.41,1
LN003525,CUST003525,Auto Loan,28965.78,7.55,360,703,1345409.29,0,81.37,7.0,0.06,0,0.4,28965.78,695.18,1
LN003526,CUST003526,Auto Loan,28083.4,11.92,48,842,1616330.96,90,63.19,5.96,0.17,1,0.25,28083.4,1193.54,3
LN003527,CUST003527,Structured Credit,27039.4,9.16,60,754,2334533.73,0,90.9,7.51,0.09,0,0.5,27039.4,1216.77,1
LN003528,CUST003528,Mortgage,56102.9,7.8,48,665,1113890.8,30,97.63,4.15,0.06,0,0.4,56102.9,1346.47,2
LN003529,CUST003529,Structured Credit,70523.42,10.85,240,566,1831912.05,60,74.16,5.2,0.08,1,0.35,70523.42,1974.66,2
LN003530,CUST003530,Mortgage,29314.33,10.11,180,837,2412269.91,60,67.4,8.33,0.05,0,0.25,29314.33,366.43,2
LN003531,CUST003531,Auto Loan,15282.52,10.24,180,705,592841.64,120,90.57,8.61,0.24,0,0.4,15282.52,1467.12,3
LN003532,CUST003532,Mortgage,88619.58,6.37,360,574,2191096.57,0,41.46,8.53,0.11,0,0.25,88619.58,2437.04,1
LN003533,CUST003533,Auto Loan,33970.96,8.28,36,827,1196588.66,0,47.74,7.91,0.05,0,0.25,33970.96,424.64,1
LN003534,CUST003534,Auto Loan,121932.79,11.03,60,675,1897949.0,0,90.74,7.13,0.09,0,0.4,121932.79,4389.58,1
LN003535,CUST003535,Auto Loan,7540.85,8.53,36,849,910461.26,120,83.92,8.48,0.24,0,0.4,7540.85,723.92,3
LN003536,CUST003536,Auto Loan,41638.57,9.78,60,825,1001464.49,0,64.97,7.29,0.05,0,0.25,41638.57,520.48,1
LN003537,CUST003537,Auto Loan,139110.58,9.12,36,727,311049.76,90,93.33,8.72,0.24,1,0.4,139110.58,13354.62,3
LN003538,CUST003538,Auto Loan,28359.44,10.9,180,596,2435659.34,0,61.09,3.15,0.08,0,0.25,28359.44,567.19,1
LN003539,CUST003539,Mortgage,31012.78,6.99,240,749,2080268.29,120,78.03,8.53,0.2,0,0.25,31012.78,1550.64,3
LN003540,CUST003540,Auto Loan,44661.1,9.03,180,600,461315.41,30,78.06,6.33,0.08,0,0.25,44661.1,893.22,2
LN003541,CUST003541,Auto Loan,24559.23,5.86,36,844,2498894.79,60,51.06,3.67,0.02,0,0.25,24559.23,122.8,2
LN003542,CUST003542,Structured Credit,29189.07,9.83,60,819,1611305.34,0,57.09,4.29,0.02,0,0.35,29189.07,204.32,1
LN003543,CUST003543,Auto Loan,28667.79,10.12,120,746,2170889.44,0,94.96,8.11,0.09,0,0.4,28667.79,1032.04,1
LN003544,CUST003544,Auto Loan,23407.35,5.3,240,570,399986.72,120,51.0,6.04,0.23,1,0.25,23407.35,1345.92,3
LN003545,CUST003545,Structured Credit,85836.5,9.73,60,692,1126265.15,0,50.41,8.9,0.05,0,0.35,85836.5,1502.14,1
LN003546,CUST003546,Auto Loan,50149.04,7.9,36,797,1756715.03,30,68.78,3.71,0.02,0,0.25,50149.04,250.75,2
LN003547,CUST003547,Auto Loan,43279.73,5.87,60,550,489475.87,0,45.53,5.48,0.08,0,0.25,43279.73,865.59,1
LN003548,CUST003548,Mortgage,63959.14,7.94,48,823,1350031.39,0,93.68,4.99,0.06,0,0.4,63959.14,1535.02,1
LN003549,CUST003549,Auto Loan,30180.49,6.36,60,790,1246025.22,0,46.01,6.1,0.02,0,0.25,30180.49,150.9,1
LN003550,CUST003550,Mortgage,21121.72,7.91,180,607,736090.51,0,76.99,6.8,0.08,0,0.25,21121.72,422.43,1
LN003551,CUST003551,Structured Credit,23817.19,7.69,360,675,925607.13,120,60.39,6.97,0.17,0,0.35,23817.19,1417.12,3
LN003552,CUST003552,Auto Loan,36360.86,10.17,180,601,2426016.3,0,88.26,3.01,0.12,0,0.4,36360.86,1745.32,1
LN003553,CUST003553,Mortgage,17301.56,10.42,48,772,899459.09,60,75.39,3.53,0.02,0,0.25,17301.56,86.51,2
LN003554,CUST003554,Mortgage,25586.43,9.25,240,818,730208.8,0,63.3,3.21,0.02,0,0.25,25586.43,127.93,1
LN003555,CUST003555,Auto Loan,25304.01,5.16,60,645,1456470.63,0,99.03,8.19,0.15,0,0.4,25304.01,1518.24,1
LN003556,CUST003556,Mortgage,160683.1,11.52,240,822,1759655.58,0,43.97,4.88,0.02,0,0.25,160683.1,803.42,1
LN003557,CUST003557,Auto Loan,5209.97,9.8,120,610,1881459.5,120,74.67,5.2,0.23,1,0.25,5209.97,299.57,3
LN003558,CUST003558,Mortgage,32024.81,5.24,60,730,1947056.17,0,99.37,5.7,0.06,0,0.4,32024.81,768.6,1
LN003559,CUST003559,Auto Loan,121538.41,10.73,180,682,332873.11,0,81.46,8.1,0.09,0,0.4,121538.41,4375.38,1
LN003560,CUST003560,Mortgage,39548.82,6.4,360,638,1135960.9,0,84.39,3.08,0.12,0,0.4,39548.82,1898.34,1
LN003561,CUST003561,Auto Loan,61536.9,9.05,180,722,1991405.68,60,41.93,3.71,0.02,0,0.25,61536.9,307.68,2
LN003562,CUST003562,Structured Credit,38943.94,8.27,240,554,2285917.23,90,41.28,7.11,0.26,0,0.35,38943.94,3543.9,3
LN003563,CUST003563,Auto Loan,22762.43,7.94,36,753,1604950.28,0,42.17,8.78,0.05,0,0.25,22762.43,284.53,1
LN003564,CUST003564,Mortgage,7560.24,11.23,180,711,367690.42,60,99.5,6.86,0.06,0,0.4,7560.24,181.45,2
LN003565,CUST003565,Mortgage,41932.61,8.06,36,610,1142453.06,120,98.77,4.57,0.27,0,0.4,41932.61,4528.72,3
LN003566,CUST003566,Mortgage,21100.99,5.53,180,739,417011.01,0,60.07,6.12,0.02,0,0.25,21100.99,105.5,1
LN003567,CUST003567,Mortgage,20738.87,11.63,180,612,1934210.19,0,57.46,8.85,0.11,1,0.25,20738.87,570.32,1
LN003568,CUST003568,Mortgage,25609.25,11.44,360,593,392887.31,120,48.76,6.17,0.23,0,0.25,25609.25,1472.53,3
LN003569,CUST003569,Mortgage,123180.12,9.79,120,788,667894.9,30,59.75,5.24,0.02,0,0.25,123180.12,615.9,2
LN003570,CUST003570,Structured Credit,195513.81,8.28,36,577,1188156.45,90,62.21,5.3,0.23,0,0.35,195513.81,15738.86,3
LN003571,CUST003571,Auto Loan,42278.99,5.65,36,747,1290958.83,0,84.9,8.8,0.09,0,0.4,42278.99,1522.04,1
LN003572,CUST003572,Mortgage,26230.1,10.54,180,818,1164583.83,120,91.98,7.31,0.24,0,0.4,26230.1,2518.09,3
LN003573,CUST003573,Structured Credit,15929.71,5.53,36,720,1292642.45,30,84.8,7.12,0.09,0,0.5,15929.71,716.84,2
LN003574,CUST003574,Structured Credit,50411.68,5.48,180,579,1854788.09,0,78.79,4.39,0.08,0,0.35,50411.68,1411.53,1
LN003575,CUST003575,Structured Credit,126504.6,8.76,180,703,1080854.85,0,85.95,6.36,0.06,0,0.5,126504.6,3795.14,1
LN003576,CUST003576,Auto Loan,30542.11,6.12,240,758,1482438.53,0,84.31,5.14,0.06,0,0.4,30542.11,733.01,1
LN003577,CUST003577,Auto Loan,6868.51,5.05,60,612,932580.83,60,68.54,4.44,0.08,1,0.25,6868.51,137.37,2
LN003578,CUST003578,Mortgage,58048.54,7.96,36,606,1045661.86,90,60.15,8.37,0.26,0,0.25,58048.54,3773.16,3
LN003579,CUST003579,Mortgage,72386.84,5.96,360,757,1631047.66,120,56.97,5.3,0.17,1,0.25,72386.84,3076.44,3
LN003580,CUST003580,Mortgage,11967.0,6.12,48,612,1353612.97,120,80.76,4.7,0.27,0,0.4,11967.0,1292.44,3
LN003581,CUST003581,Mortgage,41090.78,5.54,240,797,1876831.66,0,97.56,8.59,0.09,0,0.4,41090.78,1479.27,1
LN003582,CUST003582,Structured Credit,49804.38,6.44,36,690,1511211.82,0,74.86,4.18,0.02,0,0.35,49804.38,348.63,1
LN003583,CUST003583,Auto Loan,34503.81,10.01,360,642,2058041.69,120,94.75,7.47,0.3,0,0.4,34503.81,4140.46,3
LN003584,CUST003584,Structured Credit,20878.19,10.66,36,656,1247668.48,90,40.85,6.92,0.17,0,0.35,20878.19,1242.25,3
LN003585,CUST003585,Mortgage,73950.86,8.17,120,637,1354825.64,30,87.67,8.52,0.15,0,0.4,73950.86,4437.05,2
LN003586,CUST003586,Auto Loan,27381.81,8.55,48,850,1757435.54,120,91.22,7.99,0.24,0,0.4,27381.81,2628.65,3
LN003587,CUST003587,Mortgage,12840.63,5.23,48,657,747798.87,120,77.86,7.23,0.2,0,0.25,12840.63,642.03,3
LN003588,CUST003588,Mortgage,8650.46,5.49,360,595,1118341.46,0,96.04,4.89,0.12,0,0.4,8650.46,415.22,1
LN003589,CUST003589,Auto Loan,87780.5,6.8,120,626,1655892.8,60,75.39,5.97,0.08,0,0.25,87780.5,1755.61,2
LN003590,CUST003590,Auto Loan,55919.3,8.81,120,766,314971.61,0,54.43,8.67,0.05,0,0.25,55919.3,698.99,1
LN003591,CUST003591,Structured Credit,38622.16,10.18,36,718,1233185.73,90,52.94,3.14,0.17,0,0.35,38622.16,2298.02,3
LN003592,CUST003592,Auto Loan,26683.69,9.24,60,678,1597412.36,90,73.35,7.77,0.2,0,0.25,26683.69,1334.18,3
LN003593,CUST003593,Mortgage,25076.87,7.74,360,750,2426594.95,0,94.39,4.51,0.06,0,0.4,25076.87,601.84,1
LN003594,CUST003594,Mortgage,17102.58,5.83,120,745,2223287.26,30,44.34,4.11,0.02,0,0.25,17102.58,85.51,2
LN003595,CUST003595,Mortgage,26848.92,10.47,48,817,881669.39,30,76.26,4.39,0.02,0,0.25,26848.92,134.24,2
LN003596,CUST003596,Mortgage,8233.27,7.55,360,637,1391222.73,0,86.19,3.36,0.12,0,0.4,8233.27,395.2,1
LN003597,CUST003597,Auto Loan,21693.23,10.15,48,802,376932.34,90,46.92,8.95,0.2,0,0.25,21693.23,1084.66,3
LN003598,CUST003598,Mortgage,29212.26,8.59,36,787,791697.43,30,47.01,8.22,0.05,0,0.25,29212.26,365.15,2
LN003599,CUST003599,Auto Loan,55654.38,10.17,360,622,1993425.7,0,61.97,6.13,0.08,0,0.25,55654.38,1113.09,1
LN003600,CUST003600,Mortgage,35314.59,11.35,60,710,527456.53,0,56.43,7.29,0.05,0,0.25,35314.59,441.43,1
LN003601,CUST003601,Auto Loan,63351.01,11.45,180,607,829803.68,0,51.9,6.34,0.08,0,0.25,63351.01,1267.02,1
LN003602,CUST003602,Mortgage,93376.46,8.75,360,840,2374095.63,120,51.92,7.87,0.2,0,0.25,93376.46,4668.82,3
LN003603,CUST003603,Auto Loan,76169.7,8.58,120,615,2103675.55,0,47.84,8.07,0.11,0,0.25,76169.7,2094.67,1
LN003604,CUST003604,Auto Loan,50481.23,6.86,120,575,2009112.35,0,76.65,4.4,0.08,0,0.25,50481.23,1009.62,1
LN003605,CUST003605,Auto Loan,36618.32,11.55,36,847,2195254.35,120,81.29,5.76,0.21,0,0.4,36618.32,3075.94,3
LN003606,CUST003606,Auto Loan,18277.91,8.21,240,626,1936612.79,60,82.18,6.81,0.12,0,0.4,18277.91,877.34,2
LN003607,CUST003607,Structured Credit,60959.25,5.89,240,835,521318.99,60,71.94,8.87,0.05,0,0.35,60959.25,1066.79,2
LN003608,CUST003608,Auto Loan,117691.63,8.03,60,585,1412262.98,0,97.17,7.1,0.15,0,0.4,117691.63,7061.5,1
LN003609,CUST003609,Structured Credit,46141.79,5.89,48,568,1249548.82,0,92.83,8.39,0.15,1,0.5,46141.79,3460.63,1
LN003610,CUST003610,Structured Credit,138979.46,8.52,48,827,950091.05,0,97.46,8.08,0.09,0,0.5,138979.46,6254.08,1
LN003611,CUST003611,Mortgage,12482.71,8.93,180,816,2126590.92,0,63.33,6.49,0.02,0,0.25,12482.71,62.41,1
LN003612,CUST003612,Auto Loan,16188.97,7.36,48,831,1294313.21,0,92.67,8.36,0.09,0,0.4,16188.97,582.8,1
LN003613,CUST003613,Auto Loan,66081.3,5.5,240,568,385669.6,30,85.77,5.26,0.12,0,0.4,66081.3,3171.9,2
LN003614,CUST003614,Mortgage,43695.62,11.6,240,689,868672.56,90,60.4,5.28,0.17,0,0.25,43695.62,1857.06,3
LN003615,CUST003615,Auto Loan,91094.03,10.41,120,616,764397.38,120,46.4,7.69,0.26,1,0.25,91094.03,5921.11,3
LN003616,CUST003616,Auto Loan,35924.32,10.87,180,567,2246827.49,90,80.96,3.81,0.27,1,0.4,35924.32,3879.83,3
LN003617,CUST003617,Mortgage,19779.81,7.57,60,810,1706735.73,120,48.19,4.83,0.17,0,0.25,19779.81,840.64,3
LN003618,CUST003618,Structured Credit,31272.2,10.33,180,661,1510846.6,120,57.63,6.65,0.17,0,0.35,31272.2,1860.7,3
LN003619,CUST003619,Mortgage,12420.72,8.4,360,664,1389960.79,60,70.02,5.52,0.02,0,0.25,12420.72,62.1,2
LN003620,CUST003620,Auto Loan,16481.38,6.41,60,715,1712754.31,90,80.79,8.64,0.24,0,0.4,16481.38,1582.21,3
LN003621,CUST003621,Mortgage,71733.33,5.87,240,616,1948469.98,0,95.57,8.75,0.15,0,0.4,71733.33,4304.0,1
LN003622,CUST003622,Auto Loan,66899.8,7.42,48,804,1497365.59,0,75.59,6.02,0.02,0,0.25,66899.8,334.5,1
LN003623,CUST003623,Auto Loan,46821.74,5.96,36,619,2361142.18,0,80.28,6.23,0.12,0,0.4,46821.74,2247.44,1
LN003624,CUST003624,Structured Credit,10886.14,11.99,180,752,2447876.88,0,58.6,7.35,0.05,0,0.35,10886.14,190.51,1
LN003625,CUST003625,Auto Loan,28257.59,5.34,180,676,2489520.21,60,81.24,5.74,0.06,0,0.4,28257.59,678.18,2
LN003626,CUST003626,Auto Loan,15405.81,8.09,120,629,1756130.0,60,66.27,4.14,0.08,0,0.25,15405.81,308.12,2
LN003627,CUST003627,Auto Loan,82749.5,8.16,120,725,2348396.05,120,91.42,7.48,0.24,1,0.4,82749.5,7943.95,3
LN003628,CUST003628,Structured Credit,24134.42,7.1,240,662,1160079.31,30,63.55,7.43,0.05,0,0.35,24134.42,422.35,2
LN003629,CUST003629,Mortgage,16983.14,9.0,60,660,2184082.88,0,68.1,4.47,0.02,0,0.25,16983.14,84.92,1
LN003630,CUST003630,Mortgage,37080.9,6.05,36,686,2295642.17,0,65.96,8.0,0.05,0,0.25,37080.9,463.51,1
LN003631,CUST003631,Mortgage,23199.64,10.49,360,682,2284316.06,0,88.67,6.68,0.06,0,0.4,23199.64,556.79,1
LN003632,CUST003632,Auto Loan,102602.82,7.33,120,738,2119404.14,0,97.22,4.42,0.06,0,0.4,102602.82,2462.47,1
LN003633,CUST003633,Mortgage,21712.26,9.14,120,826,1164848.11,30,59.64,6.91,0.02,0,0.25,21712.26,108.56,2
LN003634,CUST003634,Auto Loan,13636.98,10.01,48,774,607541.83,0,68.5,4.4,0.02,0,0.25,13636.98,68.18,1
LN003635,CUST003635,Auto Loan,8046.24,11.22,48,652,1001401.8,90,82.36,4.59,0.21,0,0.4,8046.24,675.88,3
LN003636,CUST003636,Mortgage,35541.26,10.85,240,656,1976399.28,0,93.72,8.09,0.09,0,0.4,35541.26,1279.49,1
LN003637,CUST003637,Structured Credit,24505.4,9.26,240,612,773992.4,90,69.62,8.58,0.26,0,0.35,24505.4,2229.99,3
LN003638,CUST003638,Auto Loan,13356.61,7.72,120,794,1326112.15,0,46.53,4.54,0.02,1,0.25,13356.61,66.78,1
LN003639,CUST003639,Auto Loan,83488.03,8.52,60,722,1522148.92,120,62.12,8.57,0.2,1,0.25,83488.03,4174.4,3
LN003640,CUST003640,Auto Loan,57934.69,10.38,360,759,1608681.77,0,73.02,4.43,0.02,0,0.25,57934.69,289.67,1
LN003641,CUST003641,Auto Loan,35605.22,11.14,36,740,2355382.48,0,65.05,3.7,0.02,0,0.25,35605.22,178.03,1
LN003642,CUST003642,Structured Credit,94374.71,5.73,120,707,1738359.3,60,51.19,3.35,0.02,0,0.35,94374.71,660.62,2
LN003643,CUST003643,Mortgage,57744.03,7.69,60,774,2019172.34,0,42.22,4.45,0.02,0,0.25,57744.03,288.72,1
LN003644,CUST003644,Mortgage,20414.5,10.43,60,721,1559226.28,120,81.24,5.31,0.21,0,0.4,20414.5,1714.82,3
LN003645,CUST003645,Mortgage,17545.38,8.02,120,585,2125555.72,0,99.56,8.57,0.15,0,0.4,17545.38,1052.72,1
LN003646,CUST003646,Auto Loan,64381.85,7.33,60,683,843243.13,0,95.15,4.45,0.06,0,0.4,64381.85,1545.16,1
LN003647,CUST003647,Mortgage,47928.08,7.88,180,586,722224.76,0,81.0,5.19,0.12,0,0.4,47928.08,2300.55,1
LN003648,CUST003648,Mortgage,40897.47,9.22,60,642,2334220.11,0,90.49,7.4,0.15,0,0.4,40897.47,2453.85,1
LN003649,CUST003649,Mortgage,20079.44,12.0,120,624,1810331.97,0,55.34,4.81,0.08,0,0.25,20079.44,401.59,1
LN003650,CUST003650,Structured Credit,55579.14,8.45,60,793,1760932.55,0,77.35,7.11,0.05,0,0.35,55579.14,972.63,1
LN003651,CUST003651,Mortgage,21400.1,6.46,360,732,1301414.29,0,43.64,5.59,0.02,0,0.25,21400.1,107.0,1
LN003652,CUST003652,Auto Loan,33813.29,6.14,120,754,1097568.83,0,82.43,4.18,0.06,0,0.4,33813.29,811.52,1
LN003653,CUST003653,Structured Credit,99993.54,5.3,48,736,1500305.19,0,98.19,7.4,0.09,0,0.5,99993.54,4499.71,1
LN003654,CUST003654,Auto Loan,22866.22,8.91,120,715,521274.29,90,91.65,3.16,0.21,0,0.4,22866.22,1920.76,3
LN003655,CUST003655,Auto Loan,12075.18,8.81,60,664,1273103.26,60,72.07,4.75,0.02,0,0.25,12075.18,60.38,2
LN003656,CUST003656,Auto Loan,17382.46,6.44,120,756,1274577.34,0,87.32,5.14,0.06,0,0.4,17382.46,417.18,1
LN003657,CUST003657,Auto Loan,72839.17,9.87,36,794,1461257.15,30,96.63,5.75,0.06,0,0.4,72839.17,1748.14,2
LN003658,CUST003658,Mortgage,43404.21,10.19,120,710,1678042.63,60,52.96,7.08,0.05,0,0.25,43404.21,542.55,2
LN003659,CUST003659,Mortgage,33182.76,6.81,120,562,2403966.32,60,87.6,5.76,0.12,0,0.4,33182.76,1592.77,2
LN003660,CUST003660,Structured Credit,25428.72,7.41,36,843,1717380.54,60,56.19,6.57,0.02,0,0.35,25428.72,178.0,2
LN003661,CUST003661,Mortgage,51008.72,11.93,36,785,2238381.59,0,92.62,6.57,0.06,0,0.4,51008.72,1224.21,1
LN003662,CUST003662,Mortgage,20042.83,7.62,36,822,1501683.69,60,45.9,5.24,0.02,0,0.25,20042.83,100.21,2
LN003663,CUST003663,Auto Loan,44979.67,10.33,240,663,1660587.74,60,50.69,8.6,0.05,0,0.25,44979.67,562.25,2
LN003664,CUST003664,Auto Loan,21766.38,8.17,180,701,407133.14,0,83.24,8.74,0.09,0,0.4,21766.38,783.59,1
LN003665,CUST003665,Mortgage,19373.05,10.55,240,575,549843.38,0,50.49,6.49,0.08,0,0.25,19373.05,387.46,1
LN003666,CUST003666,Mortgage,23242.99,10.38,120,717,1554258.48,60,49.48,3.43,0.02,0,0.25,23242.99,116.21,2
LN003667,CUST003667,Structured Credit,27923.25,9.67,240,581,1140353.96,90,73.33,5.95,0.23,1,0.35,27923.25,2247.82,3
LN003668,CUST003668,Auto Loan,35095.18,10.98,240,770,2047323.67,30,90.1,4.11,0.06,0,0.4,35095.18,842.28,2
LN003669,CUST003669,Auto Loan,42822.5,11.57,36,755,1472150.22,60,56.11,5.9,0.02,0,0.25,42822.5,214.11,2
LN003670,CUST003670,Mortgage,2746.67,9.06,36,647,2235154.84,0,90.47,4.13,0.12,0,0.4,2746.67,131.84,1
LN003671,CUST003671,Auto Loan,20632.95,6.66,48,640,2437746.28,120,88.48,7.22,0.3,1,0.4,20632.95,2475.95,3
LN003672,CUST003672,Auto Loan,27609.11,7.79,240,763,582179.17,120,74.75,3.48,0.17,0,0.25,27609.11,1173.39,3
LN003673,CUST003673,Mortgage,104145.42,10.31,180,737,1138362.44,0,78.79,8.72,0.05,0,0.25,104145.42,1301.82,1
LN003674,CUST003674,Auto Loan,17051.58,9.56,120,606,1746207.31,120,42.43,4.17,0.23,0,0.25,17051.58,980.47,3
LN003675,CUST003675,Mortgage,40698.95,6.24,360,656,937349.7,0,62.03,6.96,0.02,0,0.25,40698.95,203.49,1
LN003676,CUST003676,Auto Loan,103416.65,5.36,360,744,850822.76,30,55.8,8.5,0.05,0,0.25,103416.65,1292.71,2
LN003677,CUST003677,Auto Loan,14485.77,9.78,60,571,2080911.76,0,49.0,4.49,0.08,0,0.25,14485.77,289.72,1
LN003678,CUST003678,Auto Loan,47847.91,6.76,180,735,2455851.56,0,63.38,8.61,0.05,0,0.25,47847.91,598.1,1
LN003679,CUST003679,Structured Credit,20710.78,8.5,180,634,1991057.5,0,61.29,5.33,0.08,0,0.35,20710.78,579.9,1
LN003680,CUST003680,Auto Loan,25508.23,10.23,48,629,1428272.4,120,83.73,8.76,0.3,1,0.4,25508.23,3060.99,3
LN003681,CUST003681,Mortgage,20698.62,8.94,120,626,1245650.27,0,75.89,8.83,0.11,0,0.25,20698.62,569.21,1
LN003682,CUST003682,Auto Loan,21757.2,5.58,120,726,1464207.37,120,94.79,4.13,0.21,0,0.4,21757.2,1827.6,3
LN003683,CUST003683,Mortgage,244101.28,6.3,36,723,1291389.33,30,48.72,7.99,0.05,0,0.25,244101.28,3051.27,2
LN003684,CUST003684,Auto Loan,65586.1,6.54,36,631,1381498.13,0,43.58,4.16,0.08,0,0.25,65586.1,1311.72,1
LN003685,CUST003685,Mortgage,78528.47,6.81,180,570,707769.36,0,72.08,4.36,0.08,0,0.25,78528.47,1570.57,1
LN003686,CUST003686,Mortgage,51246.13,8.96,48,728,2283419.39,60,40.06,3.5,0.02,0,0.25,51246.13,256.23,2
LN003687,CUST003687,Structured Credit,11797.23,8.53,120,774,1947703.75,120,87.26,3.94,0.21,0,0.5,11797.23,1238.71,3
LN003688,CUST003688,Auto Loan,47880.83,6.42,48,814,1782199.2,120,70.36,6.79,0.17,0,0.25,47880.83,2034.94,3
LN003689,CUST003689,Auto Loan,76960.74,5.47,60,818,2387331.18,60,69.28,5.7,0.02,0,0.25,76960.74,384.8,2
LN003690,CUST003690,Auto Loan,19982.66,6.2,360,800,889887.25,0,61.75,7.75,0.05,0,0.25,19982.66,249.78,1
LN003691,CUST003691,Structured Credit,71376.84,11.89,120,822,432608.67,90,62.5,4.99,0.17,0,0.35,71376.84,4246.92,3
LN003692,CUST003692,Mortgage,59458.59,8.28,36,821,2108811.99,120,65.87,8.81,0.2,0,0.25,59458.59,2972.93,3
LN003693,CUST003693,Mortgage,132777.23,11.07,180,829,2496438.17,120,40.96,3.3,0.17,0,0.25,132777.23,5643.03,3
LN003694,CUST003694,Auto Loan,27107.13,10.94,48,772,1551472.99,60,45.01,3.38,0.02,0,0.25,27107.13,135.54,2
LN003695,CUST003695,Auto Loan,16842.7,8.58,360,624,382321.12,90,70.3,7.21,0.26,0,0.25,16842.7,1094.78,3
LN003696,CUST003696,Auto Loan,28193.88,9.95,360,700,2006053.09,0,49.01,8.33,0.05,1,0.25,28193.88,352.42,1
LN003697,CUST003697,Structured Credit,99200.64,6.35,360,654,415935.36,120,86.73,7.77,0.24,0,0.5,99200.64,11904.08,3
LN003698,CUST003698,Mortgage,10098.23,9.82,36,591,1465031.47,0,56.47,5.94,0.08,0,0.25,10098.23,201.96,1
LN003699,CUST003699,Structured Credit,8536.76,6.91,180,725,874448.07,0,45.87,4.62,0.02,0,0.35,8536.76,59.76,1
LN003700,CUST003700,Auto Loan,38660.62,10.82,36,794,2308810.26,0,54.11,3.08,0.02,0,0.25,38660.62,193.3,1
LN003701,CUST003701,Mortgage,26640.49,5.59,120,802,1265495.23,90,61.43,6.06,0.17,0,0.25,26640.49,1132.22,3
LN003702,CUST003702,Mortgage,36512.48,10.41,48,823,2271542.53,60,42.12,5.85,0.02,0,0.25,36512.48,182.56,2
LN003703,CUST003703,Auto Loan,70383.79,5.7,60,641,922932.44,0,48.5,5.07,0.08,0,0.25,70383.79,1407.68,1
LN003704,CUST003704,Structured Credit,24666.5,11.17,240,560,1121565.81,120,59.43,6.47,0.23,0,0.35,24666.5,1985.65,3
LN003705,CUST003705,Structured Credit,9787.84,7.13,360,701,2381018.17,0,58.63,7.37,0.05,0,0.35,9787.84,171.29,1
LN003706,CUST003706,Structured Credit,151924.22,9.58,36,738,702957.51,0,88.02,7.21,0.09,0,0.5,151924.22,6836.59,1
LN003707,CUST003707,Mortgage,18068.77,8.41,240,713,1551627.59,0,90.6,4.58,0.06,0,0.4,18068.77,433.65,1
LN003708,CUST003708,Auto Loan,17303.67,7.56,48,675,1124148.24,30,51.61,6.51,0.02,0,0.25,17303.67,86.52,2
LN003709,CUST003709,Auto Loan,78637.5,9.52,120,760,1991875.49,0,47.44,3.89,0.02,0,0.25,78637.5,393.19,1
LN003710,CUST003710,Structured Credit,27746.3,11.63,36,646,540916.84,0,78.05,3.73,0.08,0,0.35,27746.3,776.9,1
LN003711,CUST003711,Auto Loan,34739.31,5.29,120,596,1233733.68,0,88.28,7.72,0.15,0,0.4,34739.31,2084.36,1
LN003712,CUST003712,Mortgage,50917.05,11.43,60,773,1822598.41,60,97.82,7.16,0.09,0,0.4,50917.05,1833.01,2
LN003713,CUST003713,Mortgage,77536.82,9.26,360,606,1165786.53,0,40.41,7.61,0.11,0,0.25,77536.82,2132.26,1
LN003714,CUST003714,Mortgage,28755.3,10.65,60,624,381696.41,0,64.82,3.91,0.08,0,0.25,28755.3,575.11,1
LN003715,CUST003715,Structured Credit,105236.6,7.69,360,803,1836502.59,60,84.04,8.49,0.09,0,0.5,105236.6,4735.65,2
LN003716,CUST003716,Auto Loan,8143.21,8.3,180,700,1382196.24,0,89.71,3.8,0.06,0,0.4,8143.21,195.44,1
LN003717,CUST003717,Auto Loan,61811.89,11.08,180,608,275444.55,60,43.74,8.22,0.11,0,0.25,61811.89,1699.83,2
LN003718,CUST003718,Auto Loan,20177.65,7.9,180,635,1628475.76,0,80.84,5.11,0.12,0,0.4,20177.65,968.53,1
LN003719,CUST003719,Mortgage,94901.04,8.74,120,719,2319732.3,90,57.34,3.63,0.17,0,0.25,94901.04,4033.29,3
LN003720,CUST003720,Auto Loan,40112.01,5.14,180,695,499808.38,60,44.48,4.72,0.02,0,0.25,40112.01,200.56,2
LN003721,CUST003721,Auto Loan,22673.82,6.11,48,582,1579010.28,30,69.35,4.09,0.08,0,0.25,22673.82,453.48,2
LN003722,CUST003722,Structured Credit,57756.36,9.49,240,552,1889504.98,120,49.49,5.94,0.23,0,0.35,57756.36,4649.39,3
LN003723,CUST003723,Structured Credit,67862.02,10.02,240,833,409240.76,0,84.22,8.7,0.09,0,0.5,67862.02,3053.79,1
LN003724,CUST003724,Auto Loan,56915.66,9.08,120,806,300884.78,60,84.48,4.97,0.06,0,0.4,56915.66,1365.98,2
LN003725,CUST003725,Auto Loan,17662.74,6.0,120,675,1294440.7,30,90.52,6.67,0.06,1,0.4,17662.74,423.91,2
LN003726,CUST003726,Structured Credit,25879.02,8.12,180,662,2030170.05,120,62.65,8.35,0.2,1,0.35,25879.02,1811.53,3
LN003727,CUST003727,Auto Loan,36212.12,7.49,360,842,611618.67,120,40.8,6.78,0.17,0,0.25,36212.12,1539.02,3
LN003728,CUST003728,Auto Loan,35281.65,8.47,240,597,2132433.86,0,55.58,5.17,0.08,0,0.25,35281.65,705.63,1
LN003729,CUST003729,Auto Loan,61378.93,11.09,240,824,1727298.82,60,68.07,8.95,0.05,0,0.25,61378.93,767.24,2
LN003730,CUST003730,Mortgage,8862.37,10.43,180,744,997389.9,90,81.64,4.12,0.21,0,0.4,8862.37,744.44,3
LN003731,CUST003731,Auto Loan,45891.21,5.59,120,774,1410608.05,30,62.92,6.14,0.02,0,0.25,45891.21,229.46,2
LN003732,CUST003732,Structured Credit,29643.94,11.23,60,762,2422543.7,90,72.16,7.78,0.2,0,0.35,29643.94,2075.08,3
LN003733,CUST003733,Mortgage,20192.16,8.3,360,831,736983.18,60,71.46,3.0,0.02,0,0.25,20192.16,100.96,2
LN003734,CUST003734,Mortgage,21595.91,10.21,60,687,1373954.64,0,49.9,7.21,0.05,0,0.25,21595.91,269.95,1
LN003735,CUST003735,Auto Loan,31251.53,5.98,180,619,1655094.75,120,77.38,4.6,0.23,0,0.25,31251.53,1796.96,3
LN003736,CUST003736,Mortgage,2919.71,9.7,60,848,560532.86,0,66.36,4.02,0.02,0,0.25,2919.71,14.6,1
LN003737,CUST003737,Mortgage,22227.76,6.65,48,619,347924.7,0,88.48,4.65,0.12,0,0.4,22227.76,1066.93,1
LN003738,CUST003738,Mortgage,19671.57,8.07,48,757,280284.89,0,81.44,8.8,0.09,1,0.4,19671.57,708.18,1
LN003739,CUST003739,Mortgage,52730.44,5.12,48,749,980558.93,60,46.69,8.35,0.05,0,0.25,52730.44,659.13,2
LN003740,CUST003740,Mortgage,20663.65,6.06,120,608,416381.41,0,69.33,4.28,0.08,0,0.25,20663.65,413.27,1
LN003741,CUST003741,Structured Credit,31238.93,5.64,120,808,2058482.39,60,82.15,3.7,0.06,0,0.5,31238.93,937.17,2
LN003742,CUST003742,Structured Credit,106894.07,6.68,120,714,2493968.94,120,45.22,5.18,0.17,0,0.35,106894.07,6360.2,3
LN003743,CUST003743,Mortgage,72841.86,5.7,120,794,387933.6,120,87.55,6.55,0.21,0,0.4,72841.86,6118.72,3
LN003744,CUST003744,Auto Loan,68294.87,9.84,120,633,1223634.12,60,53.32,8.2,0.11,0,0.25,68294.87,1878.11,2
LN003745,CUST003745,Auto Loan,25593.39,5.2,180,663,307897.28,90,70.19,8.8,0.2,1,0.25,25593.39,1279.67,3
LN003746,CUST003746,Auto Loan,53110.11,9.32,60,783,551479.5,30,96.43,7.51,0.09,0,0.4,53110.11,1911.96,2
LN003747,CUST003747,Mortgage,30830.86,5.98,180,811,976575.76,0,74.28,6.59,0.02,0,0.25,30830.86,154.15,1
LN003748,CUST003748,Mortgage,31657.64,11.62,60,721,1135820.98,120,65.44,3.85,0.17,0,0.25,31657.64,1345.45,3
LN003749,CUST003749,Mortgage,48377.0,11.53,180,567,2364511.63,0,40.41,3.44,0.08,0,0.25,48377.0,967.54,1
LN003750,CUST003750,Structured Credit,23911.25,6.58,48,784,1140632.82,0,48.0,6.58,0.02,0,0.35,23911.25,167.38,1
LN003751,CUST003751,Structured Credit,103270.0,9.3,36,706,1366624.73,0,74.72,6.23,0.02,0,0.35,103270.0,722.89,1
LN003752,CUST003752,Structured Credit,32464.71,5.2,120,760,802562.58,120,69.63,8.08,0.2,0,0.35,32464.71,2272.53,3
LN003753,CUST003753,Auto Loan,55985.75,11.52,36,830,250281.56,0,61.83,4.94,0.02,0,0.25,55985.75,279.93,1
LN003754,CUST003754,Mortgage,100601.29,8.66,36,745,2273502.53,60,95.39,3.24,0.06,0,0.4,100601.29,2414.43,2
LN003755,CUST003755,Auto Loan,74768.93,5.3,48,664,433858.2,0,59.95,5.54,0.02,0,0.25,74768.93,373.84,1
LN003756,CUST003756,Auto Loan,13544.78,7.4,36,709,2419559.89,30,72.23,8.82,0.05,0,0.25,13544.78,169.31,2
LN003757,CUST003757,Auto Loan,49584.18,5.54,36,704,544399.23,0,74.12,7.77,0.05,0,0.25,49584.18,619.8,1
LN003758,CUST003758,Auto Loan,65874.29,7.75,48,600,1610976.58,30,71.65,3.2,0.08,0,0.25,65874.29,1317.49,2
LN003759,CUST003759,Mortgage,67799.09,9.69,60,833,2498673.82,0,68.66,8.25,0.05,0,0.25,67799.09,847.49,1
LN003760,CUST003760,Structured Credit,16658.8,8.29,180,622,561545.34,60,60.22,5.83,0.08,0,0.35,16658.8,466.45,2
LN003761,CUST003761,Auto Loan,22927.11,7.69,240,659,1203871.94,0,94.53,5.19,0.06,0,0.4,22927.11,550.25,1
LN003762,CUST003762,Mortgage,72852.4,5.83,36,835,2005953.26,30,67.05,5.08,0.02,0,0.25,72852.4,364.26,2
LN003763,CUST003763,Mortgage,21306.51,6.71,120,770,322427.84,0,71.71,6.57,0.02,0,0.25,21306.51,106.53,1
LN003764,CUST003764,Auto Loan,29443.04,5.7,48,558,1802011.19,30,79.39,6.18,0.08,0,0.25,29443.04,588.86,2
LN003765,CUST003765,Mortgage,109437.96,10.65,360,631,430840.01,90,44.06,6.94,0.23,0,0.25,109437.96,6292.68,3
LN003766,CUST003766,Auto Loan,35120.51,5.95,360,843,782170.32,60,86.88,6.44,0.06,0,0.4,35120.51,842.89,2
LN003767,CUST003767,Mortgage,21834.75,9.17,36,571,610171.37,60,70.75,3.86,0.08,0,0.25,21834.75,436.7,2
LN003768,CUST003768,Mortgage,19646.76,7.4,240,648,2291506.97,0,79.43,4.54,0.08,0,0.25,19646.76,392.94,1
LN003769,CUST003769,Auto Loan,45839.6,6.58,60,719,656027.61,30,86.32,8.05,0.09,1,0.4,45839.6,1650.23,2
LN003770,CUST003770,Auto Loan,14282.59,9.48,60,739,340976.71,0,92.45,6.98,0.06,0,0.4,14282.59,342.78,1
LN003771,CUST003771,Mortgage,30542.21,8.2,240,655,1572157.78,0,63.53,5.69,0.02,0,0.25,30542.21,152.71,1
LN003772,CUST003772,Structured Credit,45856.0,7.8,120,814,1028907.08,0,88.69,4.1,0.06,0,0.5,45856.0,1375.68,1
LN003773,CUST003773,Auto Loan,90165.75,9.15,36,717,1162839.0,0,55.53,3.05,0.02,0,0.25,90165.75,450.83,1
LN003774,CUST003774,Mortgage,57946.98,8.44,120,662,517891.18,0,79.62,4.87,0.02,0,0.25,57946.98,289.73,1
LN003775,CUST003775,Mortgage,22029.87,7.12,60,697,1933527.61,0,46.16,3.33,0.02,0,0.25,22029.87,110.15,1
LN003776,CUST003776,Structured Credit,82858.82,8.91,360,769,1603495.71,30,41.2,5.89,0.02,0,0.35,82858.82,580.01,2
LN003777,CUST003777,Structured Credit,29446.77,9.69,60,582,1069488.35,0,45.75,7.93,0.11,0,0.35,29446.77,1133.7,1
LN003778,CUST003778,Mortgage,15290.82,5.19,180,769,636043.62,0,59.16,4.71,0.02,0,0.25,15290.82,76.45,1
LN003779,CUST003779,Mortgage,32195.15,8.26,60,734,1585266.41,60,41.87,8.09,0.05,0,0.25,32195.15,402.44,2
LN003780,CUST003780,Structured Credit,99381.22,5.4,48,742,2001843.88,120,77.83,7.23,0.2,0,0.35,99381.22,6956.69,3
LN003781,CUST003781,Auto Loan,40768.62,6.3,180,729,952893.89,0,58.99,3.75,0.02,0,0.25,40768.62,203.84,1
LN003782,CUST003782,Auto Loan,36635.22,8.92,120,555,308185.86,0,84.18,6.87,0.12,0,0.4,36635.22,1758.49,1
LN003783,CUST003783,Auto Loan,114239.01,11.06,60,558,732273.97,0,42.75,3.91,0.08,0,0.25,114239.01,2284.78,1
LN003784,CUST003784,Structured Credit,13333.72,11.18,240,610,1785395.09,120,53.0,6.93,0.23,0,0.35,13333.72,1073.36,3
LN003785,CUST003785,Structured Credit,14765.97,5.49,48,712,2475466.85,30,64.48,3.86,0.02,0,0.35,14765.97,103.36,2
LN003786,CUST003786,Auto Loan,11718.31,7.93,180,648,280096.54,0,62.96,5.36,0.08,0,0.25,11718.31,234.37,1
LN003787,CUST003787,Mortgage,47138.89,9.08,48,697,938845.51,0,47.86,6.4,0.02,0,0.25,47138.89,235.69,1
LN003788,CUST003788,Mortgage,40804.4,6.03,180,607,389546.96,60,99.65,3.3,0.12,0,0.4,40804.4,1958.61,2
LN003789,CUST003789,Auto Loan,106928.48,10.36,180,764,961785.9,30,57.07,3.92,0.02,0,0.25,106928.48,534.64,2
LN003790,CUST003790,Structured Credit,43063.56,10.21,180,731,1163307.27,0,83.26,4.92,0.06,0,0.5,43063.56,1291.91,1
LN003791,CUST003791,Auto Loan,27366.91,11.32,240,584,2321939.71,0,53.2,5.77,0.08,0,0.25,27366.91,547.34,1
LN003792,CUST003792,Auto Loan,36361.16,5.06,120,595,431261.8,0,92.67,8.15,0.15,0,0.4,36361.16,2181.67,1
LN003793,CUST003793,Mortgage,39434.45,6.52,180,636,1998551.62,60,63.27,4.12,0.08,0,0.25,39434.45,788.69,2
LN003794,CUST003794,Mortgage,11268.51,10.79,180,553,1139952.39,0,94.05,5.08,0.12,1,0.4,11268.51,540.89,1
LN003795,CUST003795,Auto Loan,242130.51,9.69,48,815,2075341.41,0,60.51,5.85,0.02,0,0.25,242130.51,1210.65,1
LN003796,CUST003796,Mortgage,52255.99,11.26,180,656,1405154.92,0,40.52,4.77,0.02,0,0.25,52255.99,261.28,1
LN003797,CUST003797,Mortgage,42066.45,5.4,120,624,338384.59,60,71.02,6.75,0.08,0,0.25,42066.45,841.33,2
LN003798,CUST003798,Auto Loan,55860.61,9.18,360,589,2378963.24,0,71.49,4.54,0.08,0,0.25,55860.61,1117.21,1
LN003799,CUST003799,Auto Loan,59670.18,8.98,240,676,436151.64,30,47.19,7.63,0.05,0,0.25,59670.18,745.88,2
LN003800,CUST003800,Mortgage,32912.66,5.25,240,732,1594787.88,60,54.1,6.03,0.02,0,0.25,32912.66,164.56,2
LN003801,CUST003801,Auto Loan,23344.84,8.59,48,668,2224752.47,0,87.01,3.52,0.06,0,0.4,23344.84,560.28,1
LN003802,CUST003802,Structured Credit,55249.55,9.27,360,622,429482.04,0,42.21,6.76,0.08,0,0.35,55249.55,1546.99,1
LN003803,CUST003803,Structured Credit,47571.9,6.34,180,589,1496260.12,120,69.37,6.42,0.23,0,0.35,47571.9,3829.54,3
LN003804,CUST003804,Structured Credit,20600.63,6.91,48,753,2104652.22,0,71.82,5.03,0.02,0,0.35,20600.63,144.2,1
LN003805,CUST003805,Auto Loan,98059.03,9.48,240,645,2469230.59,0,81.32,3.07,0.12,0,0.4,98059.03,4706.83,1
LN003806,CUST003806,Structured Credit,44593.64,8.28,120,828,1879736.65,0,42.25,4.2,0.02,0,0.35,44593.64,312.16,1
LN003807,CUST003807,Mortgage,60528.74,11.01,48,692,876252.34,0,75.14,5.43,0.02,0,0.25,60528.74,302.64,1
LN003808,CUST003808,Auto Loan,96215.39,7.4,120,664,1824033.24,60,40.19,4.2,0.02,0,0.25,96215.39,481.08,2
LN003809,CUST003809,Auto Loan,36876.22,6.87,360,682,1837975.23,120,55.91,6.46,0.17,1,0.25,36876.22,1567.24,3
LN003810,CUST003810,Auto Loan,45336.44,11.89,360,717,1824923.53,30,69.98,7.27,0.05,0,0.25,45336.44,566.71,2
LN003811,CUST003811,Mortgage,64024.37,11.38,60,794,2172085.98,120,94.68,8.14,0.24,0,0.4,64024.37,6146.34,3
LN003812,CUST003812,Mortgage,21864.01,5.2,180,826,446605.14,60,47.6,6.88,0.02,0,0.25,21864.01,109.32,2
LN003813,CUST003813,Auto Loan,37715.87,10.4,120,808,493944.65,90,50.16,7.13,0.2,0,0.25,37715.87,1885.79,3
LN003814,CUST003814,Mortgage,39651.5,5.77,180,595,1691388.53,0,80.16,6.65,0.12,0,0.4,39651.5,1903.27,1
LN003815,CUST003815,Auto Loan,18597.06,5.19,360,786,2396232.47,0,62.49,8.91,0.05,0,0.25,18597.06,232.46,1
LN003816,CUST003816,Mortgage,183936.48,6.92,120,602,1298136.94,0,77.41,4.57,0.08,0,0.25,183936.48,3678.73,1
LN003817,CUST003817,Auto Loan,13560.2,6.89,36,697,2411266.08,0,99.85,4.6,0.06,0,0.4,13560.2,325.44,1
LN003818,CUST003818,Structured Credit,14637.28,10.74,360,736,2360691.83,0,99.21,3.76,0.06,0,0.5,14637.28,439.12,1
LN003819,CUST003819,Structured Credit,91122.37,9.97,36,570,2281546.91,60,61.22,5.91,0.08,0,0.35,91122.37,2551.43,2
LN003820,CUST003820,Mortgage,59831.43,11.87,36,639,2297164.69,0,70.24,3.58,0.08,0,0.25,59831.43,1196.63,1
LN003821,CUST003821,Auto Loan,17708.94,9.98,360,782,2271217.28,0,94.28,4.62,0.06,0,0.4,17708.94,425.01,1
LN003822,CUST003822,Auto Loan,55553.53,7.93,120,764,2094751.11,120,45.53,5.9,0.17,0,0.25,55553.53,2361.03,3
LN003823,CUST003823,Structured Credit,101467.65,9.89,240,600,1813702.66,0,67.14,8.75,0.11,0,0.35,101467.65,3906.5,1
LN003824,CUST003824,Auto Loan,35554.28,12.0,240,702,304918.4,90,62.65,8.78,0.2,0,0.25,35554.28,1777.71,3
LN003825,CUST003825,Auto Loan,223949.54,9.97,180,665,547570.58,60,57.69,7.46,0.05,0,0.25,223949.54,2799.37,2
LN003826,CUST003826,Auto Loan,10863.42,10.33,36,763,552022.12,90,99.65,5.34,0.21,0,0.4,10863.42,912.53,3
LN003827,CUST003827,Mortgage,59022.64,11.57,180,686,302965.64,0,84.01,8.19,0.09,0,0.4,59022.64,2124.82,1
LN003828,CUST003828,Mortgage,82172.0,5.8,120,834,512578.98,0,63.32,8.25,0.05,0,0.25,82172.0,1027.15,1
LN003829,CUST003829,Structured Credit,67774.46,9.93,180,620,2319429.48,60,89.74,8.46,0.15,1,0.5,67774.46,5083.08,2
LN003830,CUST003830,Auto Loan,31475.07,10.96,180,794,1743559.65,90,69.38,6.84,0.17,1,0.25,31475.07,1337.69,3
LN003831,CUST003831,Auto Loan,29634.4,11.68,36,587,952164.29,0,92.37,4.21,0.12,0,0.4,29634.4,1422.45,1
LN003832,CUST003832,Structured Credit,49558.13,6.48,360,765,2035060.03,30,55.98,3.55,0.02,0,0.35,49558.13,346.91,2
LN003833,CUST003833,Structured Credit,64281.56,8.53,240,676,1348831.35,0,53.42,8.49,0.05,0,0.35,64281.56,1124.93,1
LN003834,CUST003834,Auto Loan,55366.58,9.76,48,621,569785.83,90,54.84,3.33,0.23,0,0.25,55366.58,3183.58,3
LN003835,CUST003835,Mortgage,75210.08,6.73,60,775,2240129.68,0,72.31,4.78,0.02,0,0.25,75210.08,376.05,1
LN003836,CUST003836,Auto Loan,17797.1,9.2,120,833,1011989.38,30,57.48,5.92,0.02,0,0.25,17797.1,88.99,2
LN003837,CUST003837,Structured Credit,30963.37,6.8,120,795,1822433.27,30,48.83,3.13,0.02,0,0.35,30963.37,216.74,2
LN003838,CUST003838,Auto Loan,18807.08,7.33,120,620,903836.86,0,99.68,8.44,0.15,0,0.4,18807.08,1128.42,1
LN003839,CUST003839,Structured Credit,27714.78,8.09,60,744,1375160.31,0,94.03,4.72,0.06,0,0.5,27714.78,831.44,1
LN003840,CUST003840,Mortgage,73913.78,8.7,48,587,2086568.6,0,78.1,3.17,0.08,0,0.25,73913.78,1478.28,1
LN003841,CUST003841,Mortgage,39166.96,8.15,240,666,602749.03,0,93.49,8.96,0.09,0,0.4,39166.96,1410.01,1
LN003842,CUST003842,Auto Loan,225212.89,8.45,180,787,2448815.64,60,96.13,4.87,0.06,0,0.4,225212.89,5405.11,2
LN003843,CUST003843,Mortgage,41580.41,7.09,240,753,407985.83,30,80.57,8.26,0.09,0,0.4,41580.41,1496.89,2
LN003844,CUST003844,Mortgage,37865.07,6.11,120,554,1451520.05,0,71.12,5.72,0.08,0,0.25,37865.07,757.3,1
LN003845,CUST003845,Auto Loan,39117.61,5.33,180,706,2311057.42,0,92.92,6.98,0.06,0,0.4,39117.61,938.82,1
LN003846,CUST003846,Mortgage,23237.76,6.37,36,656,2377811.24,0,74.07,4.45,0.02,0,0.25,23237.76,116.19,1
LN003847,CUST003847,Structured Credit,34874.61,9.07,240,777,772245.17,30,47.61,6.02,0.02,0,0.35,34874.61,244.12,2
LN003848,CUST003848,Mortgage,79973.58,10.5,36,691,573966.21,0,62.01,4.55,0.02,0,0.25,79973.58,399.87,1
LN003849,CUST003849,Mortgage,39331.44,6.18,36,721,1879906.75,0,66.76,8.71,0.05,1,0.25,39331.44,491.64,1
LN003850,CUST003850,Auto Loan,20838.93,5.76,360,695,344440.53,120,96.12,3.37,0.21,0,0.4,20838.93,1750.47,3
LN003851,CUST003851,Mortgage,19004.68,10.25,240,556,1341787.68,120,79.55,4.65,0.23,1,0.25,19004.68,1092.77,3
LN003852,CUST003852,Auto Loan,26498.9,7.14,120,850,2041799.26,0,92.52,8.36,0.09,0,0.4,26498.9,953.96,1
LN003853,CUST003853,Mortgage,38242.56,11.66,60,565,1510573.13,0,85.46,5.88,0.12,0,0.4,38242.56,1835.64,1
LN003854,CUST003854,Structured Credit,83743.23,10.0,120,586,673029.85,90,58.59,6.6,0.23,0,0.35,83743.23,6741.33,3
LN003855,CUST003855,Mortgage,14209.39,7.29,36,702,1345849.67,0,83.12,6.91,0.06,1,0.4,14209.39,341.03,1
LN003856,CUST003856,Auto Loan,29031.06,7.03,36,814,2322868.11,0,51.72,3.43,0.02,0,0.25,29031.06,145.16,1
LN003857,CUST003857,Auto Loan,40175.68,8.67,120,732,1638729.2,30,64.49,3.11,0.02,0,0.25,40175.68,200.88,2
LN003858,CUST003858,Mortgage,10060.84,5.55,60,705,1873353.91,90,88.37,8.63,0.24,0,0.4,10060.84,965.84,3
LN003859,CUST003859,Mortgage,20261.57,5.82,60,686,1006593.73,0,76.72,4.63,0.02,0,0.25,20261.57,101.31,1
LN003860,CUST003860,Structured Credit,22563.26,6.23,360,639,674088.49,30,89.52,5.28,0.12,0,0.5,22563.26,1353.8,2
LN003861,CUST003861,Structured Credit,20802.34,10.42,180,767,825195.02,90,55.28,7.09,0.2,0,0.35,20802.34,1456.16,3
LN003862,CUST003862,Mortgage,41536.29,8.6,48,735,1449649.59,120,84.98,4.42,0.21,1,0.4,41536.29,3489.05,3
LN003863,CUST003863,Auto Loan,32454.95,5.07,36,758,880495.35,0,52.14,7.4,0.05,0,0.25,32454.95,405.69,1
LN003864,CUST003864,Auto Loan,24619.64,9.71,60,600,1469420.77,90,72.72,5.75,0.23,0,0.25,24619.64,1415.63,3
LN003865,CUST003865,Auto Loan,48999.91,7.97,240,837,1842531.84,0,66.01,8.14,0.05,0,0.25,48999.91,612.5,1
LN003866,CUST003866,Auto Loan,121315.8,8.58,360,637,1902390.72,90,73.39,4.67,0.23,0,0.25,121315.8,6975.66,3
LN003867,CUST003867,Mortgage,114402.65,6.5,36,685,620541.11,0,48.13,4.22,0.02,0,0.25,114402.65,572.01,1
LN003868,CUST003868,Mortgage,9452.74,8.86,48,707,1938469.41,0,61.67,7.99,0.05,0,0.25,9452.74,118.16,1
LN003869,CUST003869,Mortgage,54390.81,11.85,240,831,1763548.31,60,80.01,4.96,0.06,0,0.4,54390.81,1305.38,2
LN003870,CUST003870,Auto Loan,32060.62,5.51,36,704,277011.55,90,73.51,5.47,0.17,0,0.25,32060.62,1362.58,3
LN003871,CUST003871,Auto Loan,40481.84,6.99,360,769,382462.39,90,72.94,7.76,0.2,1,0.25,40481.84,2024.09,3
LN003872,CUST003872,Auto Loan,27479.67,6.7,360,716,1704061.38,90,70.65,6.81,0.17,0,0.25,27479.67,1167.89,3
LN003873,CUST003873,Auto Loan,39431.18,6.74,60,728,1113333.77,0,96.63,5.65,0.06,0,0.4,39431.18,946.35,1
LN003874,CUST003874,Structured Credit,40375.77,7.65,180,599,578734.0,0,96.07,4.5,0.12,0,0.5,40375.77,2422.55,1
LN003875,CUST003875,Auto Loan,24215.15,10.73,120,850,349892.26,0,61.61,7.59,0.05,0,0.25,24215.15,302.69,1
LN003876,CUST003876,Mortgage,19390.58,11.39,360,636,608646.27,30,61.11,4.08,0.08,0,0.25,19390.58,387.81,2
LN003877,CUST003877,Auto Loan,26526.86,6.42,240,582,2404406.42,0,73.29,8.57,0.11,0,0.25,26526.86,729.49,1
LN003878,CUST003878,Structured Credit,42786.65,8.8,120,824,1887022.69,30,45.74,3.9,0.02,0,0.35,42786.65,299.51,2
LN003879,CUST003879,Mortgage,55231.98,9.46,60,690,1437337.2,0,58.18,7.83,0.05,0,0.25,55231.98,690.4,1
LN003880,CUST003880,Auto Loan,65995.66,8.65,60,755,2368466.13,0,53.85,5.55,0.02,0,0.25,65995.66,329.98,1
LN003881,CUST003881,Mortgage,25695.39,8.04,240,773,1642998.48,120,53.4,4.12,0.17,0,0.25,25695.39,1092.05,3
LN003882,CUST003882,Mortgage,44297.84,6.34,48,662,1882701.67,0,78.31,5.41,0.02,0,0.25,44297.84,221.49,1
LN003883,CUST003883,Structured Credit,71235.87,8.42,360,827,885966.59,0,63.06,4.33,0.02,0,0.35,71235.87,498.65,1
LN003884,CUST003884,Auto Loan,82118.32,7.81,240,554,1575209.15,30,50.27,3.82,0.08,0,0.25,82118.32,1642.37,2
LN003885,CUST003885,Structured Credit,34850.3,10.57,36,761,572823.8,0,93.25,4.43,0.06,0,0.5,34850.3,1045.51,1
LN003886,CUST003886,Structured Credit,31111.97,10.35,48,805,1160087.08,120,92.45,8.2,0.24,0,0.5,31111.97,3733.44,3
LN003887,CUST003887,Structured Credit,41514.04,5.94,120,579,324790.73,0,91.75,3.64,0.12,0,0.5,41514.04,2490.84,1
LN003888,CUST003888,Mortgage,16239.55,5.62,36,631,737413.2,30,63.44,8.84,0.11,0,0.25,16239.55,446.59,2
LN003889,CUST003889,Mortgage,31712.73,11.36,48,785,418454.42,0,43.42,3.03,0.02,0,0.25,31712.73,158.56,1
LN003890,CUST003890,Mortgage,61157.66,8.75,120,802,1122502.34,0,46.4,6.95,0.02,0,0.25,61157.66,305.79,1
LN003891,CUST003891,Mortgage,56917.78,11.0,36,667,2146829.12,60,56.56,8.14,0.05,0,0.25,56917.78,711.47,2
LN003892,CUST003892,Mortgage,30055.85,5.41,180,579,1100351.74,90,53.2,8.6,0.26,1,0.25,30055.85,1953.63,3
LN003893,CUST003893,Mortgage,42294.09,8.69,360,660,2121189.16,0,92.44,3.86,0.06,0,0.4,42294.09,1015.06,1
LN003894,CUST003894,Mortgage,20388.88,8.78,240,803,1727121.2,0,99.18,7.19,0.09,0,0.4,20388.88,734.0,1
LN003895,CUST003895,Mortgage,59423.47,11.02,240,748,1396441.25,0,89.0,3.64,0.06,0,0.4,59423.47,1426.16,1
LN003896,CUST003896,Structured Credit,34390.13,5.68,240,844,783006.31,120,83.79,5.12,0.21,0,0.5,34390.13,3610.96,3
LN003897,CUST003897,Auto Loan,29936.51,6.68,180,846,2324851.21,0,75.32,7.39,0.05,0,0.25,29936.51,374.21,1
LN003898,CUST003898,Structured Credit,28191.99,7.85,360,836,371951.82,0,86.19,5.08,0.06,0,0.5,28191.99,845.76,1
LN003899,CUST003899,Mortgage,34751.37,11.06,48,793,1800054.29,90,96.82,4.88,0.21,0,0.4,34751.37,2919.12,3
LN003900,CUST003900,Structured Credit,26542.05,11.57,360,770,1647789.76,120,76.08,3.7,0.17,0,0.35,26542.05,1579.25,3
LN003901,CUST003901,Mortgage,57566.73,11.95,60,705,1242343.43,0,49.28,3.4,0.02,0,0.25,57566.73,287.83,1
LN003902,CUST003902,Auto Loan,27537.43,11.71,36,785,790722.15,30,49.83,3.69,0.02,0,0.25,27537.43,137.69,2
LN003903,CUST003903,Structured Credit,110754.89,5.04,48,568,1219065.86,0,75.03,8.25,0.11,0,0.35,110754.89,4264.06,1
LN003904,CUST003904,Auto Loan,101280.32,5.33,60,764,2213738.63,0,60.01,3.07,0.02,0,0.25,101280.32,506.4,1
LN003905,CUST003905,Structured Credit,19456.17,6.03,240,663,2132723.75,30,94.61,7.16,0.09,0,0.5,19456.17,875.53,2
LN003906,CUST003906,Mortgage,38131.39,7.44,240,749,2368107.81,0,76.7,7.61,0.05,0,0.25,38131.39,476.64,1
LN003907,CUST003907,Mortgage,23029.71,10.81,240,574,942534.71,60,80.59,6.41,0.12,0,0.4,23029.71,1105.43,2
LN003908,CUST003908,Auto Loan,28892.77,11.25,60,670,1120984.36,120,40.35,7.38,0.2,0,0.25,28892.77,1444.64,3
LN003909,CUST003909,Mortgage,147517.08,6.31,36,779,292133.84,0,69.93,6.91,0.02,0,0.25,147517.08,737.59,1
LN003910,CUST003910,Auto Loan,29281.17,9.34,36,648,2371637.49,0,65.87,5.73,0.08,0,0.25,29281.17,585.62,1
LN003911,CUST003911,Auto Loan,46730.78,11.42,60,552,991127.71,0,82.35,5.3,0.12,0,0.4,46730.78,2243.08,1
LN003912,CUST003912,Auto Loan,53046.54,8.25,120,810,1159368.6,0,62.96,8.65,0.05,0,0.25,53046.54,663.08,1
LN003913,CUST003913,Auto Loan,18025.8,5.72,240,803,2292560.38,90,98.59,8.83,0.24,1,0.4,18025.8,1730.48,3
LN003914,CUST003914,Structured Credit,19958.95,8.2,48,569,1434846.47,120,80.21,6.91,0.27,0,0.5,19958.95,2694.46,3
LN003915,CUST003915,Structured Credit,15611.83,7.63,36,753,1523892.72,0,79.6,4.18,0.02,0,0.35,15611.83,109.28,1
LN003916,CUST003916,Auto Loan,19532.22,9.04,360,843,646523.89,0,95.16,5.69,0.06,0,0.4,19532.22,468.77,1
LN003917,CUST003917,Mortgage,4939.3,8.07,60,677,1371985.05,90,99.71,5.98,0.21,1,0.4,4939.3,414.9,3
LN003918,CUST003918,Auto Loan,53167.77,5.12,120,841,2315969.35,60,51.87,7.55,0.05,0,0.25,53167.77,664.6,2
LN003919,CUST003919,Mortgage,152960.61,11.96,180,723,1507115.7,120,88.63,7.01,0.24,0,0.4,152960.61,14684.22,3
LN003920,CUST003920,Structured Credit,40274.53,8.8,60,770,824011.82,120,49.74,6.09,0.17,0,0.35,40274.53,2396.33,3
LN003921,CUST003921,Structured Credit,13475.27,8.32,360,586,320156.94,0,67.42,7.08,0.11,0,0.35,13475.27,518.8,1
LN003922,CUST003922,Mortgage,23157.1,11.68,120,698,1006678.99,30,46.01,3.14,0.02,0,0.25,23157.1,115.79,2
LN003923,CUST003923,Mortgage,26338.48,6.09,180,641,1538329.56,0,77.4,7.66,0.11,0,0.25,26338.48,724.31,1
LN003924,CUST003924,Auto Loan,17813.12,6.32,120,619,345879.9,0,68.11,4.27,0.08,0,0.25,17813.12,356.26,1
LN003925,CUST003925,Structured Credit,66312.11,10.66,36,633,1622033.3,0,77.72,6.94,0.08,0,0.35,66312.11,1856.74,1
LN003926,CUST003926,Auto Loan,64034.8,6.83,60,754,1427681.11,0,80.68,3.68,0.06,0,0.4,64034.8,1536.84,1
LN003927,CUST003927,Mortgage,16174.38,10.59,360,816,2012729.81,0,77.17,3.69,0.02,0,0.25,16174.38,80.87,1
LN003928,CUST003928,Mortgage,60328.31,6.9,180,637,314998.39,60,57.64,3.21,0.08,0,0.25,60328.31,1206.57,2
LN003929,CUST003929,Mortgage,105743.21,5.23,120,801,2006906.53,0,90.22,8.46,0.09,0,0.4,105743.21,3806.76,1
LN003930,CUST003930,Auto Loan,137556.6,8.62,180,760,1421973.35,0,73.1,6.63,0.02,0,0.25,137556.6,687.78,1
LN003931,CUST003931,Structured Credit,269857.26,6.38,48,580,1083691.0,0,69.39,5.17,0.08,0,0.35,269857.26,7556.0,1
LN003932,CUST003932,Auto Loan,19314.38,10.3,360,610,2422111.7,30,99.22,7.73,0.15,1,0.4,19314.38,1158.86,2
LN003933,CUST003933,Mortgage,262223.98,9.49,60,616,610268.98,120,57.01,6.76,0.23,1,0.25,262223.98,15077.88,3
LN003934,CUST003934,Auto Loan,28340.74,11.47,36,775,1467981.52,0,71.68,6.72,0.02,0,0.25,28340.74,141.7,1
LN003935,CUST003935,Auto Loan,23987.17,10.48,180,616,972208.32,60,80.94,5.92,0.12,1,0.4,23987.17,1151.38,2
LN003936,CUST003936,Mortgage,45658.76,6.27,240,677,1436844.35,120,47.51,3.05,0.17,0,0.25,45658.76,1940.5,3
LN003937,CUST003937,Mortgage,24162.5,10.6,120,660,1492619.77,0,61.25,4.55,0.02,0,0.25,24162.5,120.81,1
LN003938,CUST003938,Auto Loan,48017.98,9.49,240,821,451258.56,0,88.1,3.65,0.06,0,0.4,48017.98,1152.43,1
LN003939,CUST003939,Auto Loan,14413.87,9.68,180,850,1737554.08,90,54.21,6.97,0.17,0,0.25,14413.87,612.59,3
LN003940,CUST003940,Mortgage,30726.27,10.83,360,583,1677583.37,120,69.6,4.49,0.23,0,0.25,30726.27,1766.76,3
LN003941,CUST003941,Mortgage,89313.47,9.02,240,761,1981301.37,0,77.84,5.7,0.02,0,0.25,89313.47,446.57,1
LN003942,CUST003942,Structured Credit,34893.54,8.26,120,849,453981.61,90,80.27,5.12,0.21,1,0.5,34893.54,3663.82,3
LN003943,CUST003943,Auto Loan,40099.42,9.46,180,674,918831.73,120,83.7,3.86,0.21,0,0.4,40099.42,3368.35,3
LN003944,CUST003944,Auto Loan,50649.32,7.09,36,652,1712748.85,0,91.96,8.75,0.09,0,0.4,50649.32,1823.38,1
LN003945,CUST003945,Auto Loan,82410.09,6.28,36,755,557644.36,0,63.57,8.6,0.05,0,0.25,82410.09,1030.13,1
LN003946,CUST003946,Auto Loan,11399.7,9.32,60,669,1774595.97,60,82.4,3.51,0.06,0,0.4,11399.7,273.59,2
LN003947,CUST003947,Mortgage,54675.27,6.64,36,719,382810.1,0,83.93,7.96,0.09,0,0.4,54675.27,1968.31,1
LN003948,CUST003948,Mortgage,30100.67,5.56,180,584,1003595.99,0,58.02,5.93,0.08,0,0.25,30100.67,602.01,1
LN003949,CUST003949,Auto Loan,40808.53,5.0,360,795,2155100.03,0,98.09,7.64,0.09,0,0.4,40808.53,1469.11,1
LN003950,CUST003950,Auto Loan,76264.67,9.26,180,607,1992155.4,60,91.91,3.91,0.12,0,0.4,76264.67,3660.7,2
LN003951,CUST003951,Auto Loan,15741.71,7.54,36,690,1700711.61,90,57.39,3.79,0.17,0,0.25,15741.71,669.02,3
LN003952,CUST003952,Structured Credit,17874.83,10.27,48,660,2208531.44,30,80.5,8.34,0.09,0,0.5,17874.83,804.37,2
LN003953,CUST003953,Structured Credit,9369.35,7.63,180,712,1845856.47,60,83.07,8.39,0.09,0,0.5,9369.35,421.62,2
LN003954,CUST003954,Auto Loan,24725.46,8.4,60,660,1418593.99,0,65.89,5.8,0.02,0,0.25,24725.46,123.63,1
LN003955,CUST003955,Auto Loan,92161.95,7.85,48,701,2454364.38,120,91.82,8.22,0.24,0,0.4,92161.95,8847.55,3
LN003956,CUST003956,Structured Credit,33375.89,9.55,36,614,1813426.18,0,81.41,7.0,0.12,0,0.5,33375.89,2002.55,1
LN003957,CUST003957,Structured Credit,14213.0,7.49,360,655,1603076.15,60,79.49,4.11,0.02,0,0.35,14213.0,99.49,2
LN003958,CUST003958,Mortgage,25848.94,11.75,120,765,1169958.76,0,53.25,4.97,0.02,0,0.25,25848.94,129.24,1
LN003959,CUST003959,Auto Loan,12816.6,11.55,180,640,2280428.12,90,64.47,3.82,0.23,0,0.25,12816.6,736.95,3
LN003960,CUST003960,Auto Loan,16520.71,10.94,120,575,915345.47,0,66.04,7.64,0.11,0,0.25,16520.71,454.32,1
LN003961,CUST003961,Mortgage,47675.52,11.44,240,706,270744.09,0,84.02,8.91,0.09,0,0.4,47675.52,1716.32,1
LN003962,CUST003962,Auto Loan,15967.15,8.14,60,621,692666.18,0,77.1,6.28,0.08,0,0.25,15967.15,319.34,1
LN003963,CUST003963,Auto Loan,79129.74,8.76,48,593,496414.36,0,45.15,6.94,0.08,0,0.25,79129.74,1582.59,1
LN003964,CUST003964,Mortgage,34551.83,10.19,120,639,967735.99,0,58.46,7.48,0.11,0,0.25,34551.83,950.18,1
LN003965,CUST003965,Auto Loan,38557.9,9.87,60,682,2108227.02,0,68.38,4.35,0.02,0,0.25,38557.9,192.79,1
LN003966,CUST003966,Mortgage,29885.81,11.23,120,710,1715941.79,60,84.2,5.02,0.06,0,0.4,29885.81,717.26,2
LN003967,CUST003967,Auto Loan,62379.59,10.01,120,781,630206.33,90,84.61,5.47,0.21,0,0.4,62379.59,5239.89,3
LN003968,CUST003968,Auto Loan,62831.51,11.99,60,810,2024848.87,30,69.43,6.57,0.02,1,0.25,62831.51,314.16,2
LN003969,CUST003969,Mortgage,45914.58,7.44,180,660,1384494.7,90,47.02,8.1,0.2,0,0.25,45914.58,2295.73,3
LN003970,CUST003970,Auto Loan,53925.16,10.83,120,713,1403607.9,0,57.57,4.53,0.02,0,0.25,53925.16,269.63,1
LN003971,CUST003971,Structured Credit,31305.13,9.88,60,626,1064752.41,60,55.28,5.83,0.08,0,0.35,31305.13,876.54,2
LN003972,CUST003972,Mortgage,53079.29,9.84,120,758,2195386.82,0,86.86,7.51,0.09,0,0.4,53079.29,1910.85,1
LN003973,CUST003973,Auto Loan,28666.53,7.28,360,562,966236.43,60,50.8,3.52,0.08,0,0.25,28666.53,573.33,2
LN003974,CUST003974,Mortgage,36372.28,10.5,180,607,461814.46,90,67.9,6.08,0.23,1,0.25,36372.28,2091.41,3
LN003975,CUST003975,Auto Loan,29963.92,11.3,360,585,931140.24,0,80.24,3.87,0.12,0,0.4,29963.92,1438.27,1
LN003976,CUST003976,Structured Credit,26369.07,6.53,360,574,1859545.48,60,97.89,6.23,0.12,0,0.5,26369.07,1582.14,2
LN003977,CUST003977,Auto Loan,22418.05,9.38,60,583,1729559.25,90,99.95,7.61,0.3,1,0.4,22418.05,2690.17,3
LN003978,CUST003978,Mortgage,50381.69,7.74,360,689,673038.6,60,97.18,4.42,0.06,0,0.4,50381.69,1209.16,2
LN003979,CUST003979,Auto Loan,90891.72,11.93,120,824,501514.67,90,83.09,8.1,0.24,0,0.4,90891.72,8725.61,3
LN003980,CUST003980,Mortgage,82435.49,8.35,36,771,1736947.96,0,84.79,5.01,0.06,0,0.4,82435.49,1978.45,1
LN003981,CUST003981,Structured Credit,15069.14,6.6,180,586,1771847.88,60,85.55,4.14,0.12,0,0.5,15069.14,904.15,2
LN003982,CUST003982,Structured Credit,89540.13,7.67,120,678,1073836.68,120,91.76,5.79,0.21,0,0.5,89540.13,9401.71,3
LN003983,CUST003983,Auto Loan,29064.97,9.58,48,767,2146303.11,0,97.11,8.26,0.09,0,0.4,29064.97,1046.34,1
LN003984,CUST003984,Auto Loan,55299.17,5.53,60,797,2450961.71,0,66.74,3.41,0.02,0,0.25,55299.17,276.5,1
LN003985,CUST003985,Structured Credit,19257.37,9.23,120,660,712701.75,0,64.99,4.97,0.02,0,0.35,19257.37,134.8,1
LN003986,CUST003986,Structured Credit,40110.2,11.52,180,769,1548404.61,0,67.63,6.92,0.02,0,0.35,40110.2,280.77,1
LN003987,CUST003987,Auto Loan,45234.09,10.95,360,745,262029.24,60,79.59,5.15,0.02,0,0.25,45234.09,226.17,2
LN003988,CUST003988,Mortgage,12845.86,5.47,180,696,1854372.39,60,86.53,3.42,0.06,0,0.4,12845.86,308.3,2
LN003989,CUST003989,Auto Loan,55591.58,11.95,48,589,1182134.76,0,92.23,4.99,0.12,0,0.4,55591.58,2668.4,1
LN003990,CUST003990,Structured Credit,93167.53,9.89,360,683,684855.76,120,67.37,7.93,0.2,0,0.35,93167.53,6521.73,3
LN003991,CUST003991,Auto Loan,32136.46,6.14,48,740,1942499.32,90,61.8,8.81,0.2,0,0.25,32136.46,1606.82,3
LN003992,CUST003992,Auto Loan,94100.41,5.09,240,712,2073959.79,120,99.0,3.24,0.21,0,0.4,94100.41,7904.43,3
LN003993,CUST003993,Mortgage,31799.78,6.2,240,610,500124.63,90,53.91,6.42,0.23,0,0.25,31799.78,1828.49,3
LN003994,CUST003994,Auto Loan,65821.98,10.87,120,554,342240.46,30,53.32,3.63,0.08,0,0.25,65821.98,1316.44,2
LN003995,CUST003995,Mortgage,7684.81,5.15,36,586,1001676.49,0,82.92,7.08,0.15,0,0.4,7684.81,461.09,1
LN003996,CUST003996,Mortgage,197431.0,6.63,360,766,1658478.55,0,50.78,3.05,0.02,0,0.25,197431.0,987.16,1
LN003997,CUST003997,Auto Loan,103447.63,10.3,180,774,2035193.94,60,63.96,3.09,0.02,0,0.25,103447.63,517.24,2
LN003998,CUST003998,Auto Loan,29755.29,9.1,36,765,1478640.62,120,57.54,7.66,0.2,0,0.25,29755.29,1487.76,3
LN003999,CUST003999,Mortgage,9131.98,10.48,360,688,1556684.75,120,50.12,3.45,0.17,0,0.25,9131.98,388.11,3
LN004000,CUST004000,Auto Loan,44427.76,10.22,360,655,2049681.0,120,74.78,4.83,0.17,0,0.25,44427.76,1888.18,3
LN004001,CUST004001,Mortgage,13216.91,5.35,360,648,1439897.59,60,62.41,8.75,0.11,0,0.25,13216.91,363.47,2
LN004002,CUST004002,Structured Credit,49582.71,11.25,360,717,1625097.6,120,67.73,8.91,0.2,0,0.35,49582.71,3470.79,3
LN004003,CUST004003,Mortgage,48440.72,6.59,36,813,1411489.01,60,51.75,3.97,0.02,0,0.25,48440.72,242.2,2
LN004004,CUST004004,Auto Loan,18788.83,8.87,120,636,2231031.03,120,86.07,6.37,0.27,0,0.4,18788.83,2029.19,3
LN004005,CUST004005,Auto Loan,79592.64,9.51,60,633,779912.39,60,58.88,6.35,0.08,0,0.25,79592.64,1591.85,2
LN004006,CUST004006,Auto Loan,63825.13,6.18,60,773,843985.57,0,60.56,5.71,0.02,0,0.25,63825.13,319.13,1
LN004007,CUST004007,Auto Loan,71903.22,11.83,60,560,537913.29,60,55.13,8.55,0.11,0,0.25,71903.22,1977.34,2
LN004008,CUST004008,Mortgage,36541.37,8.42,48,735,2093800.19,60,66.06,7.52,0.05,0,0.25,36541.37,456.77,2
LN004009,CUST004009,Mortgage,13482.3,5.4,360,780,1176498.9,0,67.81,7.59,0.05,0,0.25,13482.3,168.53,1
LN004010,CUST004010,Auto Loan,72006.42,11.56,360,690,1032761.37,30,71.78,4.62,0.02,0,0.25,72006.42,360.03,2
LN004011,CUST004011,Auto Loan,30053.67,9.1,180,655,2458034.61,90,98.05,5.61,0.21,0,0.4,30053.67,2524.51,3
LN004012,CUST004012,Auto Loan,13727.47,9.89,48,802,2335307.57,0,94.28,5.92,0.06,0,0.4,13727.47,329.46,1
LN004013,CUST004013,Mortgage,93566.49,8.68,180,598,2436972.28,60,76.56,4.79,0.08,0,0.25,93566.49,1871.33,2
LN004014,CUST004014,Auto Loan,157879.17,10.84,240,812,570172.74,90,42.33,3.57,0.17,0,0.25,157879.17,6709.86,3
LN004015,CUST004015,Mortgage,35281.93,5.23,180,754,2255316.58,60,76.74,3.76,0.02,0,0.25,35281.93,176.41,2
LN004016,CUST004016,Auto Loan,164618.31,6.88,180,600,989596.6,0,45.38,4.08,0.08,0,0.25,164618.31,3292.37,1
LN004017,CUST004017,Structured Credit,38712.6,8.29,120,724,278477.73,0,82.62,4.22,0.06,0,0.5,38712.6,1161.38,1
LN004018,CUST004018,Structured Credit,27824.74,5.54,60,774,1130421.26,0,63.4,4.45,0.02,0,0.35,27824.74,194.77,1
LN004019,CUST004019,Auto Loan,23357.63,9.94,360,810,1395691.79,120,90.26,4.53,0.21,0,0.4,23357.63,1962.04,3
LN004020,CUST004020,Auto Loan,114228.68,7.76,48,771,493495.95,60,96.55,5.73,0.06,0,0.4,114228.68,2741.49,2
LN004021,CUST004021,Mortgage,21034.08,6.91,240,772,1459774.64,120,65.03,6.06,0.17,1,0.25,21034.08,893.95,3
LN004022,CUST004022,Auto Loan,60760.09,5.02,48,818,2093793.06,30,67.63,4.85,0.02,0,0.25,60760.09,303.8,2
LN004023,CUST004023,Mortgage,24552.9,10.04,360,847,1099714.64,0,75.41,8.44,0.05,0,0.25,24552.9,306.91,1
LN004024,CUST004024,Structured Credit,26312.13,10.84,120,623,1043450.81,30,51.83,6.32,0.08,0,0.35,26312.13,736.74,2
LN004025,CUST004025,Mortgage,74695.47,7.77,180,663,1012323.45,30,95.64,7.72,0.09,0,0.4,74695.47,2689.04,2
LN004026,CUST004026,Structured Credit,27832.9,8.95,240,768,2326962.5,60,65.98,8.55,0.05,0,0.35,27832.9,487.08,2
LN004027,CUST004027,Auto Loan,27354.69,6.59,60,603,359705.72,30,50.01,3.98,0.08,0,0.25,27354.69,547.09,2
LN004028,CUST004028,Auto Loan,80254.92,9.36,360,749,1251421.32,0,85.76,5.57,0.06,0,0.4,80254.92,1926.12,1
LN004029,CUST004029,Mortgage,111099.13,5.08,36,680,845348.77,0,53.15,5.6,0.02,0,0.25,111099.13,555.5,1
LN004030,CUST004030,Auto Loan,57027.16,8.42,36,741,2261065.81,0,48.61,5.13,0.02,0,0.25,57027.16,285.14,1
LN004031,CUST004031,Mortgage,22963.5,9.51,120,728,466117.59,30,73.77,3.05,0.02,0,0.25,22963.5,114.82,2
LN004032,CUST004032,Auto Loan,25401.77,11.43,60,836,1175746.23,90,80.29,7.9,0.24,0,0.4,25401.77,2438.57,3
LN004033,CUST004033,Auto Loan,38404.91,7.67,36,789,1165336.34,60,74.17,3.67,0.02,0,0.25,38404.91,192.02,2
LN004034,CUST004034,Structured Credit,45462.86,10.36,36,794,2248887.44,0,79.39,8.97,0.05,0,0.35,45462.86,795.6,1
LN004035,CUST004035,Auto Loan,18187.57,9.18,360,666,734860.25,30,46.93,7.64,0.05,0,0.25,18187.57,227.34,2
LN004036,CUST004036,Structured Credit,60242.09,11.49,240,757,1701014.67,90,68.56,6.48,0.17,0,0.35,60242.09,3584.4,3
LN004037,CUST004037,Structured Credit,38555.7,7.79,240,761,552413.79,120,61.42,3.93,0.17,0,0.35,38555.7,2294.06,3
LN004038,CUST004038,Mortgage,10927.13,7.23,360,808,2396445.36,0,98.4,6.09,0.06,0,0.4,10927.13,262.25,1
LN004039,CUST004039,Mortgage,18953.64,11.21,48,712,1584283.66,30,42.98,4.57,0.02,0,0.25,18953.64,94.77,2
LN004040,CUST004040,Mortgage,25517.25,5.34,360,775,1659077.64,0,57.9,4.51,0.02,0,0.25,25517.25,127.59,1
LN004041,CUST004041,Structured Credit,34509.83,5.95,60,613,1225990.15,90,96.51,7.98,0.3,1,0.5,34509.83,5176.47,3
LN004042,CUST004042,Auto Loan,136283.85,5.58,36,795,1020136.1,0,99.01,5.28,0.06,0,0.4,136283.85,3270.81,1
LN004043,CUST004043,Mortgage,42903.98,10.9,240,567,728521.97,0,89.49,5.7,0.12,0,0.4,42903.98,2059.39,1
LN004044,CUST004044,Mortgage,20160.08,5.07,360,583,1608972.45,0,44.56,8.06,0.11,0,0.25,20160.08,554.4,1
LN004045,CUST004045,Mortgage,42380.41,11.03,240,730,2397763.93,60,73.68,3.53,0.02,0,0.25,42380.41,211.9,2
LN004046,CUST004046,Mortgage,28382.8,8.16,240,743,1059529.65,0,64.01,6.57,0.02,0,0.25,28382.8,141.91,1
LN004047,CUST004047,Auto Loan,45584.85,5.03,48,741,2237103.0,0,88.39,6.47,0.06,0,0.4,45584.85,1094.04,1
LN004048,CUST004048,Mortgage,54524.06,7.81,60,616,584746.7,90,43.3,5.55,0.23,0,0.25,54524.06,3135.13,3
LN004049,CUST004049,Structured Credit,84665.33,6.31,180,758,2356283.55,0,51.83,7.98,0.05,0,0.35,84665.33,1481.64,1
LN004050,CUST004050,Auto Loan,35703.34,9.37,240,716,1038594.14,0,69.35,8.66,0.05,0,0.25,35703.34,446.29,1
LN004051,CUST004051,Structured Credit,114378.95,9.76,60,795,1104386.23,0,49.46,5.79,0.02,0,0.35,114378.95,800.65,1
LN004052,CUST004052,Mortgage,68570.37,8.41,120,794,1291395.08,0,81.56,5.74,0.06,0,0.4,68570.37,1645.69,1
LN004053,CUST004053,Structured Credit,22132.28,5.28,48,715,1866049.61,30,89.25,6.01,0.06,0,0.5,22132.28,663.97,2
LN004054,CUST004054,Mortgage,170569.64,9.59,180,845,1869220.23,0,82.27,7.34,0.09,0,0.4,170569.64,6140.51,1
LN004055,CUST004055,Mortgage,45656.27,10.89,240,760,1329074.32,0,66.42,7.01,0.05,0,0.25,45656.27,570.7,1
LN004056,CUST004056,Auto Loan,20239.93,10.04,360,682,1427094.02,0,92.7,4.34,0.06,0,0.4,20239.93,485.76,1
LN004057,CUST004057,Structured Credit,115501.54,10.81,240,746,317523.6,0,48.26,3.38,0.02,0,0.35,115501.54,808.51,1
LN004058,CUST004058,Auto Loan,155506.73,6.4,48,598,934667.58,0,55.62,8.7,0.11,0,0.25,155506.73,4276.44,1
LN004059,CUST004059,Structured Credit,35485.6,11.22,48,613,1028538.42,30,69.37,4.57,0.08,0,0.35,35485.6,993.6,2
LN004060,CUST004060,Structured Credit,25525.8,7.26,36,661,1507136.35,0,43.68,6.83,0.02,0,0.35,25525.8,178.68,1
LN004061,CUST004061,Auto Loan,32187.63,5.09,240,734,1506174.48,30,45.74,7.97,0.05,0,0.25,32187.63,402.35,2
LN004062,CUST004062,Auto Loan,59892.84,10.9,60,653,1847274.54,0,63.85,4.8,0.02,0,0.25,59892.84,299.46,1
LN004063,CUST004063,Mortgage,88831.77,11.59,48,762,1863311.42,120,96.63,6.81,0.21,1,0.4,88831.77,7461.87,3
LN004064,CUST004064,Auto Loan,54140.68,9.59,48,554,779224.13,0,94.5,3.65,0.12,0,0.4,54140.68,2598.75,1
LN004065,CUST004065,Structured Credit,38995.68,6.62,120,668,1982921.09,90,67.96,8.82,0.2,0,0.35,38995.68,2729.7,3
LN004066,CUST004066,Auto Loan,103632.7,6.76,120,798,294108.03,0,48.53,3.35,0.02,0,0.25,103632.7,518.16,1
LN004067,CUST004067,Auto Loan,29173.45,8.27,120,716,1861364.24,0,50.69,5.63,0.02,0,0.25,29173.45,145.87,1
LN004068,CUST004068,Structured Credit,74730.5,11.28,48,791,479637.48,60,62.65,6.22,0.02,0,0.35,74730.5,523.11,2
LN004069,CUST004069,Mortgage,29683.78,6.05,180,829,1891708.47,90,52.6,7.74,0.2,0,0.25,29683.78,1484.19,3
LN004070,CUST004070,Structured Credit,49105.0,10.78,60,787,1436015.7,90,44.98,3.73,0.17,0,0.35,49105.0,2921.75,3
LN004071,CUST004071,Auto Loan,33540.41,7.04,48,754,1233822.63,90,80.43,5.64,0.21,1,0.4,33540.41,2817.39,3
LN004072,CUST004072,Mortgage,34923.09,10.66,360,550,1803999.38,0,74.89,4.8,0.08,0,0.25,34923.09,698.46,1
LN004073,CUST004073,Mortgage,27884.59,11.44,360,720,331834.38,30,57.48,4.87,0.02,0,0.25,27884.59,139.42,2
LN004074,CUST004074,Mortgage,93097.05,7.99,36,716,752808.23,30,86.74,7.67,0.09,0,0.4,93097.05,3351.49,2
LN004075,CUST004075,Mortgage,21740.93,7.56,360,807,1636990.32,90,86.56,3.03,0.21,1,0.4,21740.93,1826.24,3
LN004076,CUST004076,Mortgage,21630.02,10.62,240,612,2156234.66,90,69.46,7.49,0.26,1,0.25,21630.02,1405.95,3
LN004077,CUST004077,Mortgage,160282.87,8.71,180,821,1107492.18,0,45.79,7.86,0.05,0,0.25,160282.87,2003.54,1
LN004078,CUST004078,Auto Loan,72005.18,9.79,180,586,832213.31,0,95.11,8.41,0.15,0,0.4,72005.18,4320.31,1
LN004079,CUST004079,Mortgage,6839.16,9.36,60,565,1417156.98,90,80.12,6.76,0.27,0,0.4,6839.16,738.63,3
LN004080,CUST004080,Auto Loan,24448.37,6.07,180,803,1650209.32,0,54.82,5.0,0.02,0,0.25,24448.37,122.24,1
LN004081,CUST004081,Mortgage,10214.95,10.91,60,576,1195231.82,120,76.63,5.56,0.23,1,0.25,10214.95,587.36,3
LN004082,CUST004082,Auto Loan,18667.07,6.37,360,660,2222599.04,90,64.3,8.82,0.2,1,0.25,18667.07,933.35,3
LN004083,CUST004083,Mortgage,4036.12,11.53,180,782,1427737.09,0,78.12,8.29,0.05,0,0.25,4036.12,50.45,1
LN004084,CUST004084,Mortgage,32994.87,6.75,240,613,330603.07,90,68.43,5.78,0.23,0,0.25,32994.87,1897.21,3
LN004085,CUST004085,Auto Loan,16328.07,10.14,60,646,751871.4,30,69.13,8.66,0.11,0,0.25,16328.07,449.02,2
LN004086,CUST004086,Auto Loan,37870.73,6.99,120,816,1263955.82,120,84.15,7.94,0.24,0,0.4,37870.73,3635.59,3
LN004087,CUST004087,Auto Loan,11642.47,7.22,120,781,1819882.42,0,76.82,8.41,0.05,0,0.25,11642.47,145.53,1
LN004088,CUST004088,Mortgage,38485.56,7.17,180,597,744442.55,30,44.8,7.1,0.11,1,0.25,38485.56,1058.35,2
LN004089,CUST004089,Structured Credit,27161.58,10.24,180,759,2446579.24,0,43.92,8.15,0.05,0,0.35,27161.58,475.33,1
LN004090,CUST004090,Auto Loan,103919.0,8.9,360,625,966756.08,30,58.3,8.35,0.11,0,0.25,103919.0,2857.77,2
LN004091,CUST004091,Mortgage,97533.36,11.18,60,796,1448080.47,60,65.81,3.55,0.02,0,0.25,97533.36,487.67,2
LN004092,CUST004092,Auto Loan,62927.71,7.15,360,617,292674.37,30,56.51,8.79,0.11,0,0.25,62927.71,1730.51,2
LN004093,CUST004093,Mortgage,28893.45,9.84,60,613,2241004.12,120,79.09,5.0,0.23,0,0.25,28893.45,1661.37,3
LN004094,CUST004094,Structured Credit,145767.22,10.27,240,731,2024877.97,120,51.71,5.64,0.17,1,0.35,145767.22,8673.15,3
LN004095,CUST004095,Auto Loan,12245.03,6.06,48,629,689780.51,0,82.25,7.75,0.15,1,0.4,12245.03,734.7,1
LN004096,CUST004096,Mortgage,13595.7,7.8,120,752,2349782.56,0,86.39,6.99,0.06,0,0.4,13595.7,326.3,1
LN004097,CUST004097,Auto Loan,34246.92,8.38,48,731,960639.47,0,47.46,8.36,0.05,0,0.25,34246.92,428.09,1
LN004098,CUST004098,Auto Loan,175927.4,7.49,48,763,1807419.15,60,79.05,5.4,0.02,0,0.25,175927.4,879.64,2
LN004099,CUST004099,Auto Loan,31519.53,7.25,36,669,2092696.72,0,97.69,5.24,0.06,0,0.4,31519.53,756.47,1
LN004100,CUST004100,Auto Loan,31943.64,9.8,60,790,1917057.54,60,51.57,3.19,0.02,0,0.25,31943.64,159.72,2
LN004101,CUST004101,Mortgage,13235.56,6.51,36,751,2314561.26,0,94.56,5.78,0.06,0,0.4,13235.56,317.65,1
LN004102,CUST004102,Mortgage,70414.23,9.97,36,841,2194618.21,0,76.36,7.34,0.05,0,0.25,70414.23,880.18,1
LN004103,CUST004103,Mortgage,70772.33,11.55,48,603,2487875.91,0,75.46,4.81,0.08,0,0.25,70772.33,1415.45,1
LN004104,CUST004104,Auto Loan,63092.21,8.96,36,694,660875.68,90,43.12,5.78,0.17,0,0.25,63092.21,2681.42,3
LN004105,CUST004105,Auto Loan,23377.88,9.28,240,635,935714.05,30,84.9,4.32,0.12,0,0.4,23377.88,1122.14,2
LN004106,CUST004106,Mortgage,22143.63,5.48,60,571,1681508.2,120,68.7,7.64,0.26,0,0.25,22143.63,1439.34,3
LN004107,CUST004107,Structured Credit,14688.42,11.05,48,841,1899356.17,0,83.27,3.36,0.06,0,0.5,14688.42,440.65,1
LN004108,CUST004108,Auto Loan,38511.45,7.0,60,785,1452861.37,90,88.55,7.23,0.24,1,0.4,38511.45,3697.1,3
LN004109,CUST004109,Structured Credit,17046.75,9.31,240,578,416338.82,0,71.43,5.27,0.08,0,0.35,17046.75,477.31,1
LN004110,CUST004110,Mortgage,15927.6,11.85,180,732,2143589.26,0,55.82,3.25,0.02,0,0.25,15927.6,79.64,1
LN004111,CUST004111,Mortgage,26995.26,9.17,36,709,2411967.3,30,48.49,8.12,0.05,0,0.25,26995.26,337.44,2
LN004112,CUST004112,Mortgage,25786.1,10.07,48,567,1162412.9,0,49.63,5.93,0.08,0,0.25,25786.1,515.72,1
LN004113,CUST004113,Auto Loan,24919.73,8.12,120,587,755828.08,0,92.02,6.6,0.12,0,0.4,24919.73,1196.15,1
LN004114,CUST004114,Auto Loan,50337.78,5.42,60,650,293455.95,0,47.41,7.39,0.05,0,0.25,50337.78,629.22,1
LN004115,CUST004115,Mortgage,38381.6,10.58,360,839,783922.83,60,63.08,6.93,0.02,0,0.25,38381.6,191.91,2
LN004116,CUST004116,Auto Loan,29681.84,5.24,240,722,1824817.24,0,60.06,7.39,0.05,0,0.25,29681.84,371.02,1
LN004117,CUST004117,Structured Credit,41278.99,9.9,36,616,2301076.12,120,91.93,7.57,0.3,0,0.5,41278.99,6191.85,3
LN004118,CUST004118,Mortgage,18141.02,5.16,60,740,460404.4,0,68.66,6.53,0.02,0,0.25,18141.02,90.71,1
LN004119,CUST004119,Auto Loan,39092.86,11.04,240,592,1494833.17,30,99.79,5.19,0.12,0,0.4,39092.86,1876.46,2
LN004120,CUST004120,Mortgage,40353.03,6.1,60,672,1814945.31,0,84.22,4.46,0.06,1,0.4,40353.03,968.47,1
LN004121,CUST004121,Auto Loan,12681.09,8.6,180,827,871856.85,0,91.06,8.42,0.09,0,0.4,12681.09,456.52,1
LN004122,CUST004122,Mortgage,72910.33,9.18,360,745,1532268.34,60,45.92,8.82,0.05,0,0.25,72910.33,911.38,2
LN004123,CUST004123,Mortgage,19594.35,8.2,240,674,1859308.96,0,55.19,5.15,0.02,0,0.25,19594.35,97.97,1
LN004124,CUST004124,Structured Credit,38685.37,7.39,60,645,2134868.3,120,48.13,3.67,0.23,1,0.35,38685.37,3114.17,3
LN004125,CUST004125,Mortgage,82050.34,8.27,360,706,1268124.66,0,67.82,4.34,0.02,0,0.25,82050.34,410.25,1
LN004126,CUST004126,Mortgage,69423.02,7.18,180,589,1932678.74,60,83.1,7.02,0.15,0,0.4,69423.02,4165.38,2
LN004127,CUST004127,Mortgage,37198.86,8.07,180,722,929011.69,0,50.14,4.04,0.02,0,0.25,37198.86,185.99,1
LN004128,CUST004128,Structured Credit,28176.7,7.51,180,722,729355.18,0,47.81,7.68,0.05,0,0.35,28176.7,493.09,1
LN004129,CUST004129,Auto Loan,70492.27,8.96,36,669,671455.93,30,76.88,8.54,0.05,0,0.25,70492.27,881.15,2
LN004130,CUST004130,Auto Loan,58237.6,6.67,240,822,1057463.65,120,53.82,8.78,0.2,0,0.25,58237.6,2911.88,3
LN004131,CUST004131,Auto Loan,23556.2,11.92,60,810,330729.28,60,68.76,3.06,0.02,0,0.25,23556.2,117.78,2
LN004132,CUST004132,Auto Loan,20818.02,8.51,60,830,886731.63,60,43.07,8.75,0.05,0,0.25,20818.02,260.23,2
LN004133,CUST004133,Mortgage,8513.01,6.36,360,673,1717501.35,0,80.84,7.44,0.09,0,0.4,8513.01,306.47,1
LN004134,CUST004134,Mortgage,40450.01,8.34,360,827,1707817.86,0,72.48,3.5,0.02,0,0.25,40450.01,202.25,1
LN004135,CUST004135,Mortgage,34272.95,11.06,240,642,415496.06,120,78.85,5.49,0.23,0,0.25,34272.95,1970.69,3
LN004136,CUST004136,Auto Loan,80445.4,5.15,180,584,896685.14,0,56.52,7.2,0.11,0,0.25,80445.4,2212.25,1
LN004137,CUST004137,Mortgage,46692.49,9.76,60,677,1531504.75,90,56.72,8.74,0.2,0,0.25,46692.49,2334.62,3
LN004138,CUST004138,Auto Loan,92407.22,8.84,60,569,966742.31,60,88.08,3.98,0.12,0,0.4,92407.22,4435.55,2
LN004139,CUST004139,Mortgage,22288.92,6.19,180,810,1190473.05,0,83.11,3.77,0.06,1,0.4,22288.92,534.93,1
LN004140,CUST004140,Mortgage,80555.79,10.72,120,716,1853824.2,0,74.78,5.83,0.02,0,0.25,80555.79,402.78,1
LN004141,CUST004141,Auto Loan,25078.31,7.58,120,785,270850.37,90,77.69,8.81,0.2,0,0.25,25078.31,1253.92,3
LN004142,CUST004142,Auto Loan,62587.27,7.06,180,581,871885.47,0,45.64,8.83,0.11,0,0.25,62587.27,1721.15,1
LN004143,CUST004143,Auto Loan,13080.39,10.8,360,780,570337.55,0,91.37,4.37,0.06,0,0.4,13080.39,313.93,1
LN004144,CUST004144,Structured Credit,42812.9,9.47,36,740,537120.66,120,86.19,4.92,0.21,0,0.5,42812.9,4495.35,3
LN004145,CUST004145,Structured Credit,9051.8,11.29,360,694,2407840.49,90,75.43,8.45,0.2,0,0.35,9051.8,633.63,3
LN004146,CUST004146,Mortgage,30121.78,9.41,360,650,1097260.75,120,95.12,7.41,0.24,0,0.4,30121.78,2891.69,3
LN004147,CUST004147,Auto Loan,49426.79,10.19,60,628,1435949.32,0,50.12,8.83,0.11,0,0.25,49426.79,1359.24,1
LN004148,CUST004148,Mortgage,25218.22,10.86,360,709,1901099.25,120,81.2,8.36,0.24,1,0.4,25218.22,2420.95,3
LN004149,CUST004149,Mortgage,17408.15,5.38,60,804,356756.82,0,97.78,4.29,0.06,0,0.4,17408.15,417.8,1
LN004150,CUST004150,Mortgage,65662.48,10.43,120,828,792300.94,30,58.6,7.56,0.05,0,0.25,65662.48,820.78,2
LN004151,CUST004151,Auto Loan,33778.37,9.3,360,737,2122332.52,60,40.92,3.29,0.02,0,0.25,33778.37,168.89,2
LN004152,CUST004152,Auto Loan,25778.61,5.49,180,759,2189478.88,0,84.09,7.91,0.09,0,0.4,25778.61,928.03,1
LN004153,CUST004153,Mortgage,37396.3,8.56,240,790,1089139.57,0,40.42,6.61,0.02,0,0.25,37396.3,186.98,1
LN004154,CUST004154,Auto Loan,229961.78,5.58,240,605,1093438.6,0,92.35,8.74,0.15,0,0.4,229961.78,13797.71,1
LN004155,CUST004155,Auto Loan,81426.17,10.15,360,686,1953017.97,60,43.38,8.76,0.05,0,0.25,81426.17,1017.83,2
LN004156,CUST004156,Auto Loan,81944.84,8.83,36,655,913908.01,0,79.17,3.3,0.02,0,0.25,81944.84,409.72,1
LN004157,CUST004157,Mortgage,49260.73,11.68,360,618,513461.68,90,62.63,3.96,0.23,1,0.25,49260.73,2832.49,3
LN004158,CUST004158,Structured Credit,40804.18,6.28,180,739,829454.76,0,52.2,5.91,0.02,0,0.35,40804.18,285.63,1
LN004159,CUST004159,Structured Credit,6786.85,9.24,120,741,1121525.65,0,93.9,8.28,0.09,0,0.5,6786.85,305.41,1
LN004160,CUST004160,Mortgage,22577.6,6.48,120,827,367460.6,0,84.77,7.89,0.09,0,0.4,22577.6,812.79,1
LN004161,CUST004161,Mortgage,25941.46,9.3,360,581,1327030.57,60,60.43,8.79,0.11,0,0.25,25941.46,713.39,2
LN004162,CUST004162,Auto Loan,9774.92,10.06,60,724,1915016.9,120,57.05,6.71,0.17,0,0.25,9774.92,415.43,3
LN004163,CUST004163,Mortgage,16152.16,10.06,48,807,1405926.58,60,84.16,4.54,0.06,0,0.4,16152.16,387.65,2
LN004164,CUST004164,Auto Loan,9076.23,10.71,36,672,411764.52,0,90.19,3.15,0.06,0,0.4,9076.23,217.83,1
LN004165,CUST004165,Mortgage,35354.23,10.97,36,634,1240336.67,0,82.95,4.34,0.12,0,0.4,35354.23,1697.0,1
LN004166,CUST004166,Auto Loan,64417.21,5.54,48,765,1845035.37,0,78.4,7.05,0.05,0,0.25,64417.21,805.22,1
LN004167,CUST004167,Auto Loan,78805.82,7.4,240,765,380717.47,60,53.68,8.56,0.05,0,0.25,78805.82,985.07,2
LN004168,CUST004168,Auto Loan,48549.98,9.81,240,563,384656.18,0,91.17,4.93,0.12,0,0.4,48549.98,2330.4,1
LN004169,CUST004169,Auto Loan,18501.79,8.49,240,586,1083853.16,120,84.98,8.25,0.3,0,0.4,18501.79,2220.21,3
LN004170,CUST004170,Auto Loan,9391.44,6.33,120,576,688668.92,0,71.04,5.37,0.08,0,0.25,9391.44,187.83,1
LN004171,CUST004171,Auto Loan,10616.79,8.87,180,701,2353256.78,0,70.7,4.85,0.02,0,0.25,10616.79,53.08,1
LN004172,CUST004172,Structured Credit,14938.73,7.85,36,613,1558023.11,0,74.15,6.05,0.08,0,0.35,14938.73,418.28,1
LN004173,CUST004173,Mortgage,19492.76,7.73,48,619,896482.15,120,89.7,5.65,0.27,1,0.4,19492.76,2105.22,3
LN004174,CUST004174,Mortgage,32473.38,10.67,60,703,1835747.64,0,84.54,8.48,0.09,0,0.4,32473.38,1169.04,1
LN004175,CUST004175,Structured Credit,17855.82,7.85,360,802,1093590.37,120,91.37,5.81,0.21,1,0.5,17855.82,1874.86,3
LN004176,CUST004176,Structured Credit,46040.79,5.19,60,820,547260.2,90,70.44,4.66,0.17,0,0.35,46040.79,2739.43,3
LN004177,CUST004177,Mortgage,30865.94,5.41,360,578,783772.52,0,77.48,8.06,0.11,0,0.25,30865.94,848.81,1
LN004178,CUST004178,Structured Credit,36584.58,10.99,120,623,1696181.39,0,91.27,8.99,0.15,0,0.5,36584.58,2743.84,1
LN004179,CUST004179,Auto Loan,80674.3,11.72,36,833,366721.24,0,53.94,6.89,0.02,0,0.25,80674.3,403.37,1
LN004180,CUST004180,Auto Loan,15896.24,9.82,180,608,863550.34,0,66.64,4.5,0.08,0,0.25,15896.24,317.92,1
LN004181,CUST004181,Mortgage,48683.39,7.55,36,792,718700.82,60,77.24,4.43,0.02,0,0.25,48683.39,243.42,2
LN004182,CUST004182,Mortgage,35962.02,11.57,360,698,702554.0,90,94.91,3.35,0.21,0,0.4,35962.02,3020.81,3
LN004183,CUST004183,Mortgage,28754.79,9.64,240,559,1786215.43,90,40.95,3.46,0.23,0,0.25,28754.79,1653.4,3
LN004184,CUST004184,Auto Loan,67486.27,10.91,60,681,2108088.06,0,52.75,8.49,0.05,0,0.25,67486.27,843.58,1
LN004185,CUST004185,Auto Loan,67192.03,10.36,36,611,1860699.87,0,54.07,3.58,0.08,0,0.25,67192.03,1343.84,1
LN004186,CUST004186,Mortgage,18722.03,7.65,60,811,1702887.59,120,59.6,5.91,0.17,0,0.25,18722.03,795.69,3
LN004187,CUST004187,Auto Loan,31967.9,8.35,48,767,2312016.49,60,56.91,7.19,0.05,0,0.25,31967.9,399.6,2
LN004188,CUST004188,Mortgage,44216.27,6.3,48,781,381382.86,0,75.41,8.1,0.05,0,0.25,44216.27,552.7,1
LN004189,CUST004189,Mortgage,29998.28,7.04,60,621,626836.94,0,93.14,4.03,0.12,0,0.4,29998.28,1439.92,1
LN004190,CUST004190,Mortgage,54694.31,10.45,180,565,1182415.43,0,78.22,5.63,0.08,0,0.25,54694.31,1093.89,1
LN004191,CUST004191,Mortgage,44215.66,11.26,180,587,1088016.2,90,54.49,4.51,0.23,0,0.25,44215.66,2542.4,3
LN004192,CUST004192,Structured Credit,130979.08,10.07,36,726,1190616.11,60,91.83,4.53,0.06,0,0.5,130979.08,3929.37,2
LN004193,CUST004193,Mortgage,12441.65,8.26,60,632,714523.54,0,77.92,4.82,0.08,0,0.25,12441.65,248.83,1
LN004194,CUST004194,Mortgage,33332.72,5.61,120,566,586382.46,0,53.14,6.52,0.08,0,0.25,33332.72,666.65,1
LN004195,CUST004195,Mortgage,19226.57,5.4,180,705,1395684.81,90,61.7,3.1,0.17,0,0.25,19226.57,817.13,3
LN004196,CUST004196,Auto Loan,55429.94,7.62,360,721,2338118.18,0,87.4,5.45,0.06,0,0.4,55429.94,1330.32,1
LN004197,CUST004197,Auto Loan,11707.44,8.25,180,619,1131931.29,0,84.34,4.12,0.12,0,0.4,11707.44,561.96,1
LN004198,CUST004198,Auto Loan,46277.86,9.26,240,620,347544.73,0,74.59,8.8,0.11,0,0.25,46277.86,1272.64,1
LN004199,CUST004199,Mortgage,23364.34,5.05,48,804,1838876.52,0,48.69,6.5,0.02,0,0.25,23364.34,116.82,1
LN004200,CUST004200,Mortgage,21722.13,11.93,180,680,904986.04,0,88.2,8.21,0.09,0,0.4,21722.13,782.0,1
LN004201,CUST004201,Structured Credit,13193.13,7.55,360,598,801463.77,120,58.45,4.17,0.23,1,0.35,13193.13,1062.05,3
LN004202,CUST004202,Auto Loan,26224.43,10.94,180,570,979580.5,0,86.3,7.86,0.15,0,0.4,26224.43,1573.47,1
LN004203,CUST004203,Auto Loan,77586.63,8.74,360,769,1878584.93,0,78.85,5.49,0.02,0,0.25,77586.63,387.93,1
LN004204,CUST004204,Structured Credit,35680.8,5.91,240,736,2092343.62,0,55.85,4.07,0.02,0,0.35,35680.8,249.77,1
LN004205,CUST004205,Auto Loan,56352.18,10.58,360,581,1573126.15,0,52.74,7.57,0.11,0,0.25,56352.18,1549.68,1
LN004206,CUST004206,Mortgage,116453.73,9.97,180,752,975577.2,30,47.85,7.57,0.05,0,0.25,116453.73,1455.67,2
LN004207,CUST004207,Mortgage,43679.27,8.69,240,825,948576.02,0,54.52,8.98,0.05,0,0.25,43679.27,545.99,1
LN004208,CUST004208,Mortgage,24559.16,8.6,60,791,529693.79,0,49.47,7.69,0.05,0,0.25,24559.16,306.99,1
LN004209,CUST004209,Auto Loan,50366.25,5.61,60,565,2349927.36,0,77.02,3.87,0.08,0,0.25,50366.25,1007.32,1
LN004210,CUST004210,Auto Loan,24809.77,9.59,48,722,1685813.65,90,75.93,4.94,0.17,0,0.25,24809.77,1054.42,3
LN004211,CUST004211,Auto Loan,25512.0,11.38,36,686,310692.89,120,75.17,5.71,0.17,0,0.25,25512.0,1084.26,3
LN004212,CUST004212,Mortgage,12532.43,5.65,240,728,1740325.96,30,78.51,3.76,0.02,0,0.25,12532.43,62.66,2
LN004213,CUST004213,Mortgage,69451.24,6.84,180,610,1256095.2,0,88.89,7.73,0.15,0,0.4,69451.24,4167.07,1
LN004214,CUST004214,Auto Loan,27716.92,11.32,36,653,2438255.42,0,94.81,6.16,0.06,0,0.4,27716.92,665.21,1
LN004215,CUST004215,Mortgage,41252.57,6.99,60,744,2092904.86,0,53.82,8.67,0.05,0,0.25,41252.57,515.66,1
LN004216,CUST004216,Structured Credit,17585.44,9.58,180,805,635460.45,30,75.27,6.54,0.02,0,0.35,17585.44,123.1,2
LN004217,CUST004217,Auto Loan,49274.57,8.74,36,625,1870250.02,90,44.7,6.14,0.23,0,0.25,49274.57,2833.29,3
LN004218,CUST004218,Mortgage,21303.81,9.17,240,820,1342523.51,0,47.21,3.43,0.02,0,0.25,21303.81,106.52,1
LN004219,CUST004219,Mortgage,32886.05,7.91,240,730,670851.62,120,79.26,3.9,0.17,0,0.25,32886.05,1397.66,3
LN004220,CUST004220,Auto Loan,67136.17,7.1,36,681,1822164.79,120,69.19,8.1,0.2,0,0.25,67136.17,3356.81,3
LN004221,CUST004221,Auto Loan,63166.64,5.34,360,700,1481622.05,0,85.5,8.94,0.09,0,0.4,63166.64,2274.0,1
LN004222,CUST004222,Mortgage,35759.78,10.21,240,704,318341.23,90,65.54,5.49,0.17,0,0.25,35759.78,1519.79,3
LN004223,CUST004223,Structured Credit,10533.42,10.22,120,784,1704822.89,0,47.66,7.86,0.05,0,0.35,10533.42,184.33,1
LN004224,CUST004224,Structured Credit,295069.85,9.7,60,797,1678720.95,0,92.32,6.77,0.06,0,0.5,295069.85,8852.1,1
LN004225,CUST004225,Mortgage,123266.17,9.51,48,714,574191.61,0,44.97,8.75,0.05,0,0.25,123266.17,1540.83,1
LN004226,CUST004226,Mortgage,60226.78,6.71,48,754,1035222.39,0,51.34,4.43,0.02,0,0.25,60226.78,301.13,1
LN004227,CUST004227,Auto Loan,21434.51,5.16,120,714,1568272.68,90,56.62,6.27,0.17,0,0.25,21434.51,910.97,3
LN004228,CUST004228,Mortgage,33539.71,10.66,36,762,562261.78,0,99.72,5.45,0.06,0,0.4,33539.71,804.95,1
LN004229,CUST004229,Mortgage,24824.98,8.44,240,803,2168627.6,60,65.01,6.25,0.02,0,0.25,24824.98,124.12,2
LN004230,CUST004230,Auto Loan,87965.43,7.15,120,706,311843.6,0,70.1,4.61,0.02,0,0.25,87965.43,439.83,1
LN004231,CUST004231,Mortgage,43640.99,5.71,120,726,481384.18,90,86.18,5.99,0.21,0,0.4,43640.99,3665.84,3
LN004232,CUST004232,Mortgage,20974.97,5.44,240,624,511240.57,60,78.18,6.75,0.08,0,0.25,20974.97,419.5,2
LN004233,CUST004233,Auto Loan,26120.39,7.44,60,727,1438241.03,120,90.49,3.49,0.21,1,0.4,26120.39,2194.11,3
LN004234,CUST004234,Structured Credit,79604.96,10.63,240,833,1645256.53,30,69.19,7.46,0.05,0,0.35,79604.96,1393.09,2
LN004235,CUST004235,Auto Loan,111309.34,11.43,240,682,1158416.79,60,98.33,7.24,0.09,0,0.4,111309.34,4007.14,2
LN004236,CUST004236,Auto Loan,105855.7,11.28,360,674,899500.36,0,87.81,8.28,0.09,0,0.4,105855.7,3810.81,1
LN004237,CUST004237,Auto Loan,61692.8,11.44,180,676,2070964.1,120,64.08,5.56,0.17,0,0.25,61692.8,2621.94,3
LN004238,CUST004238,Mortgage,30429.34,11.35,36,774,403643.46,0,62.88,3.37,0.02,0,0.25,30429.34,152.15,1
LN004239,CUST004239,Mortgage,3755.36,8.69,48,566,880656.69,120,95.77,5.77,0.27,0,0.4,3755.36,405.58,3
LN004240,CUST004240,Auto Loan,44712.66,6.54,48,795,338010.05,0,81.06,3.83,0.06,0,0.4,44712.66,1073.1,1
LN004241,CUST004241,Mortgage,36269.04,10.59,120,686,281252.8,0,77.29,6.88,0.02,0,0.25,36269.04,181.35,1
LN004242,CUST004242,Auto Loan,40054.15,6.5,360,766,1045104.75,0,85.47,3.28,0.06,0,0.4,40054.15,961.3,1
LN004243,CUST004243,Mortgage,37711.79,6.87,120,745,688353.24,60,73.65,5.24,0.02,0,0.25,37711.79,188.56,2
LN004244,CUST004244,Mortgage,14351.6,6.63,120,750,853823.17,120,49.55,3.5,0.17,0,0.25,14351.6,609.94,3
LN004245,CUST004245,Mortgage,53647.28,8.6,36,756,2097131.1,120,59.15,3.02,0.17,0,0.25,53647.28,2280.01,3
LN004246,CUST004246,Structured Credit,56531.39,7.25,120,565,616705.22,90,73.48,8.76,0.26,0,0.35,56531.39,5144.36,3
LN004247,CUST004247,Auto Loan,58550.05,6.08,120,562,2005525.08,90,41.09,8.98,0.26,1,0.25,58550.05,3805.75,3
LN004248,CUST004248,Auto Loan,70446.15,8.17,180,627,1768863.9,120,66.24,6.33,0.23,0,0.25,70446.15,4050.65,3
LN004249,CUST004249,Mortgage,55427.78,11.12,36,763,984502.43,30,85.35,4.43,0.06,0,0.4,55427.78,1330.27,2
LN004250,CUST004250,Structured Credit,27254.65,8.99,60,668,1479751.33,0,49.85,8.47,0.05,0,0.35,27254.65,476.96,1
LN004251,CUST004251,Auto Loan,34558.69,11.15,360,730,1249980.12,0,43.87,8.54,0.05,0,0.25,34558.69,431.98,1
LN004252,CUST004252,Auto Loan,38707.45,6.37,60,686,538889.46,0,90.16,8.13,0.09,0,0.4,38707.45,1393.47,1
LN004253,CUST004253,Auto Loan,39159.16,6.17,240,728,2291166.97,0,77.04,6.27,0.02,0,0.25,39159.16,195.8,1
LN004254,CUST004254,Mortgage,73039.26,9.03,180,757,1531640.43,0,50.59,3.45,0.02,0,0.25,73039.26,365.2,1
LN004255,CUST004255,Auto Loan,56986.41,8.24,48,603,2230540.1,0,88.38,3.53,0.12,0,0.4,56986.41,2735.35,1
LN004256,CUST004256,Mortgage,155459.48,9.62,240,628,2103609.65,0,79.49,8.38,0.11,0,0.25,155459.48,4275.14,1
LN004257,CUST004257,Structured Credit,170165.76,10.56,60,820,429495.83,90,60.05,8.25,0.2,0,0.35,170165.76,11911.6,3
LN004258,CUST004258,Mortgage,38397.77,10.26,36,667,716359.0,0,62.57,5.61,0.02,0,0.25,38397.77,191.99,1
LN004259,CUST004259,Auto Loan,2475.86,11.6,48,655,576837.51,90,49.35,4.97,0.17,0,0.25,2475.86,105.22,3
LN004260,CUST004260,Mortgage,86317.08,7.79,120,654,2119253.95,90,90.12,6.86,0.21,1,0.4,86317.08,7250.63,3
LN004261,CUST004261,Auto Loan,24877.94,6.44,36,667,2190504.91,60,70.54,7.84,0.05,0,0.25,24877.94,310.97,2
LN004262,CUST004262,Structured Credit,20722.21,8.86,48,778,1437935.9,0,73.42,7.39,0.05,0,0.35,20722.21,362.64,1
LN004263,CUST004263,Mortgage,27476.55,5.78,60,697,484400.66,0,93.01,6.69,0.06,0,0.4,27476.55,659.44,1
LN004264,CUST004264,Auto Loan,26565.0,7.02,240,699,555137.39,60,40.95,4.39,0.02,0,0.25,26565.0,132.82,2
LN004265,CUST004265,Mortgage,55747.56,6.46,120,805,2080484.83,120,44.02,4.58,0.17,0,0.25,55747.56,2369.27,3
LN004266,CUST004266,Mortgage,12190.29,7.78,120,631,2340677.81,0,49.69,7.34,0.11,0,0.25,12190.29,335.23,1
LN004267,CUST004267,Mortgage,17078.84,5.78,360,565,698820.29,0,41.8,7.82,0.11,0,0.25,17078.84,469.67,1
LN004268,CUST004268,Auto Loan,46175.79,5.22,36,742,275059.55,0,79.49,3.7,0.02,0,0.25,46175.79,230.88,1
LN004269,CUST004269,Structured Credit,56165.66,9.6,240,760,994644.04,0,78.03,4.12,0.02,0,0.35,56165.66,393.16,1
LN004270,CUST004270,Structured Credit,56901.62,9.27,120,623,318623.63,0,52.65,7.08,0.11,0,0.35,56901.62,2190.71,1
LN004271,CUST004271,Mortgage,20932.84,9.96,48,826,2112943.56,0,48.96,5.33,0.02,1,0.25,20932.84,104.66,1
LN004272,CUST004272,Structured Credit,18310.21,9.62,360,610,1355902.58,0,48.74,6.38,0.08,1,0.35,18310.21,512.69,1
LN004273,CUST004273,Auto Loan,25472.52,5.8,360,573,1694186.75,0,97.19,6.69,0.12,0,0.4,25472.52,1222.68,1
LN004274,CUST004274,Mortgage,42955.11,7.04,180,572,1175840.97,0,81.61,7.66,0.15,0,0.4,42955.11,2577.31,1
LN004275,CUST004275,Mortgage,102727.4,5.91,60,807,1027391.98,0,75.13,7.83,0.05,0,0.25,102727.4,1284.09,1
LN004276,CUST004276,Mortgage,8662.81,10.9,36,747,749950.93,0,59.35,4.68,0.02,0,0.25,8662.81,43.31,1
LN004277,CUST004277,Mortgage,31116.39,10.23,240,602,1983698.23,60,65.98,6.25,0.08,0,0.25,31116.39,622.33,2
LN004278,CUST004278,Auto Loan,14287.28,6.41,180,688,1814982.06,0,45.36,3.74,0.02,0,0.25,14287.28,71.44,1
LN004279,CUST004279,Auto Loan,11423.53,7.39,180,820,1061640.22,0,99.89,8.05,0.09,0,0.4,11423.53,411.25,1
LN004280,CUST004280,Auto Loan,71458.32,11.77,36,750,972511.3,0,85.31,8.07,0.09,0,0.4,71458.32,2572.5,1
LN004281,CUST004281,Auto Loan,53169.34,9.16,48,713,252796.48,0,77.29,4.8,0.02,0,0.25,53169.34,265.85,1
LN004282,CUST004282,Mortgage,49741.93,10.61,240,641,392992.29,90,75.27,3.96,0.23,0,0.25,49741.93,2860.16,3
LN004283,CUST004283,Auto Loan,69197.37,6.85,60,572,1652324.93,120,70.26,3.42,0.23,0,0.25,69197.37,3978.85,3
LN004284,CUST004284,Auto Loan,25957.0,6.47,36,637,1407866.45,30,55.45,6.45,0.08,0,0.25,25957.0,519.14,2
LN004285,CUST004285,Mortgage,26826.72,10.49,240,731,1228307.21,120,53.58,3.55,0.17,0,0.25,26826.72,1140.14,3
LN004286,CUST004286,Mortgage,167713.33,9.8,180,832,2111880.04,0,72.97,7.08,0.05,0,0.25,167713.33,2096.42,1
LN004287,CUST004287,Structured Credit,30558.56,9.77,180,570,1383770.96,0,44.21,7.07,0.11,0,0.35,30558.56,1176.5,1
LN004288,CUST004288,Mortgage,60754.26,8.87,36,598,1115110.56,120,44.47,6.68,0.23,0,0.25,60754.26,3493.37,3
LN004289,CUST004289,Auto Loan,36478.09,8.95,240,739,612826.78,0,73.65,8.26,0.05,0,0.25,36478.09,455.98,1
LN004290,CUST004290,Structured Credit,9958.87,10.15,180,754,2096548.02,0,95.19,5.27,0.06,0,0.5,9958.87,298.77,1
LN004291,CUST004291,Mortgage,8679.85,6.89,36,593,1546558.56,90,94.86,8.41,0.3,0,0.4,8679.85,1041.58,3
LN004292,CUST004292,Auto Loan,24214.6,7.47,360,849,458034.92,120,40.65,3.22,0.17,0,0.25,24214.6,1029.12,3
LN004293,CUST004293,Mortgage,76059.47,11.1,36,677,1710021.4,60,46.44,3.68,0.02,0,0.25,76059.47,380.3,2
LN004294,CUST004294,Structured Credit,63057.62,7.16,60,738,1206409.18,30,74.98,5.47,0.02,0,0.35,63057.62,441.4,2
LN004295,CUST004295,Auto Loan,68861.6,8.82,36,719,2075619.0,90,90.91,6.56,0.21,0,0.4,68861.6,5784.37,3
LN004296,CUST004296,Auto Loan,18198.01,9.92,360,828,2317557.84,120,97.27,3.19,0.21,0,0.4,18198.01,1528.63,3
LN004297,CUST004297,Auto Loan,112545.26,12.0,240,750,1601048.08,0,91.63,6.4,0.06,0,0.4,112545.26,2701.09,1
LN004298,CUST004298,Auto Loan,18482.41,8.05,240,674,1896128.84,0,80.66,4.84,0.06,0,0.4,18482.41,443.58,1
LN004299,CUST004299,Mortgage,42149.46,8.0,180,841,377329.41,0,52.03,8.32,0.05,0,0.25,42149.46,526.87,1
LN004300,CUST004300,Mortgage,36053.29,10.9,120,565,1510574.77,60,44.36,6.2,0.08,0,0.25,36053.29,721.07,2
LN004301,CUST004301,Auto Loan,32153.88,10.64,60,823,1949514.95,0,42.85,6.53,0.02,0,0.25,32153.88,160.77,1
LN004302,CUST004302,Structured Credit,92689.87,10.12,240,843,1367714.84,0,76.72,8.67,0.05,0,0.35,92689.87,1622.07,1
LN004303,CUST004303,Mortgage,22168.39,8.24,180,569,1585487.7,0,42.17,7.59,0.11,0,0.25,22168.39,609.63,1
LN004304,CUST004304,Mortgage,14118.99,7.27,180,568,2272633.42,90,84.35,5.63,0.27,0,0.4,14118.99,1524.85,3
LN004305,CUST004305,Structured Credit,36827.38,9.26,60,562,695724.04,0,82.75,5.86,0.12,1,0.5,36827.38,2209.64,1
LN004306,CUST004306,Auto Loan,27450.0,11.13,60,566,471054.64,30,44.78,6.89,0.08,0,0.25,27450.0,549.0,2
LN004307,CUST004307,Mortgage,386222.17,11.19,180,755,1803948.13,0,94.4,4.2,0.06,0,0.4,386222.17,9269.33,1
LN004308,CUST004308,Mortgage,58311.54,5.76,360,579,2101410.04,60,71.32,3.53,0.08,0,0.25,58311.54,1166.23,2
LN004309,CUST004309,Structured Credit,27267.79,8.0,120,848,2163602.92,120,94.27,4.87,0.21,0,0.5,27267.79,2863.12,3
LN004310,CUST004310,Mortgage,17339.14,8.25,360,592,1693700.12,60,94.1,7.67,0.15,0,0.4,17339.14,1040.35,2
LN004311,CUST004311,Auto Loan,9738.07,11.84,48,642,2124730.19,0,51.82,4.54,0.08,0,0.25,9738.07,194.76,1
LN004312,CUST004312,Structured Credit,17718.18,9.75,360,615,1826494.46,0,62.83,3.78,0.08,0,0.35,17718.18,496.11,1
LN004313,CUST004313,Auto Loan,39358.19,7.85,180,668,446598.06,120,48.08,4.31,0.17,0,0.25,39358.19,1672.72,3
LN004314,CUST004314,Structured Credit,98629.93,5.18,60,621,1964597.89,60,86.5,7.07,0.15,0,0.5,98629.93,7397.24,2
LN004315,CUST004315,Structured Credit,79632.88,8.96,36,711,653559.3,60,70.25,6.68,0.02,0,0.35,79632.88,557.43,2
LN004316,CUST004316,Auto Loan,42632.25,5.67,36,818,782371.02,0,95.73,7.13,0.09,0,0.4,42632.25,1534.76,1
LN004317,CUST004317,Mortgage,28963.24,10.84,60,767,1137963.91,0,52.49,4.93,0.02,0,0.25,28963.24,144.82,1
LN004318,CUST004318,Auto Loan,43834.16,10.27,360,803,957775.9,120,81.3,8.41,0.24,0,0.4,43834.16,4208.08,3
LN004319,CUST004319,Mortgage,25259.39,8.22,60,608,973716.41,90,99.35,5.71,0.27,0,0.4,25259.39,2728.01,3
LN004320,CUST004320,Mortgage,120916.41,8.0,48,581,630833.93,60,79.92,6.08,0.08,0,0.25,120916.41,2418.33,2
LN004321,CUST004321,Mortgage,31810.98,11.28,240,669,911209.86,60,44.13,8.69,0.05,0,0.25,31810.98,397.64,2
LN004322,CUST004322,Structured Credit,34185.73,7.02,60,551,294240.83,60,75.31,8.88,0.11,0,0.35,34185.73,1316.15,2
LN004323,CUST004323,Mortgage,7699.6,6.74,36,667,1314049.63,0,50.79,6.97,0.02,0,0.25,7699.6,38.5,1
LN004324,CUST004324,Mortgage,31672.23,11.57,120,586,1979329.66,60,41.83,8.67,0.11,0,0.25,31672.23,870.99,2
LN004325,CUST004325,Structured Credit,65221.14,10.66,60,646,2190056.58,0,60.1,6.25,0.08,0,0.35,65221.14,1826.19,1
LN004326,CUST004326,Structured Credit,17198.79,10.74,48,806,2095964.26,0,55.97,4.84,0.02,0,0.35,17198.79,120.39,1
LN004327,CUST004327,Auto Loan,21471.8,6.37,120,677,1187029.87,0,87.33,4.89,0.06,0,0.4,21471.8,515.32,1
LN004328,CUST004328,Structured Credit,63252.99,6.0,48,705,1893459.58,0,62.42,6.35,0.02,0,0.35,63252.99,442.77,1
LN004329,CUST004329,Auto Loan,12917.52,5.18,120,694,897754.24,0,83.98,6.63,0.06,0,0.4,12917.52,310.02,1
LN004330,CUST004330,Structured Credit,76150.03,6.66,60,606,375015.56,0,40.97,5.64,0.08,0,0.35,76150.03,2132.2,1
LN004331,CUST004331,Auto Loan,25021.71,10.42,36,619,1770935.93,120,40.89,8.3,0.26,0,0.25,25021.71,1626.41,3
LN004332,CUST004332,Auto Loan,27667.18,6.68,120,593,1709791.37,0,41.76,5.56,0.08,0,0.25,27667.18,553.34,1
LN004333,CUST004333,Mortgage,16535.83,10.1,180,761,2053666.14,90,53.16,4.64,0.17,0,0.25,16535.83,702.77,3
LN004334,CUST004334,Mortgage,47317.35,6.76,240,724,1636238.97,0,62.44,3.05,0.02,0,0.25,47317.35,236.59,1
LN004335,CUST004335,Auto Loan,203192.77,7.77,48,690,603006.16,0,76.47,8.82,0.05,0,0.25,203192.77,2539.91,1
LN004336,CUST004336,Auto Loan,62758.42,11.88,120,625,2169615.38,0,99.15,7.95,0.15,0,0.4,62758.42,3765.51,1
LN004337,CUST004337,Mortgage,19830.97,6.71,48,707,1661318.77,30,61.26,6.69,0.02,0,0.25,19830.97,99.15,2
LN004338,CUST004338,Structured Credit,80413.26,7.63,36,634,2067121.82,60,43.34,7.98,0.11,0,0.35,80413.26,3095.91,2
LN004339,CUST004339,Auto Loan,29095.08,7.11,48,567,1991741.02,60,51.69,7.86,0.11,0,0.25,29095.08,800.11,2
LN004340,CUST004340,Auto Loan,95048.21,5.77,48,833,920195.1,0,93.87,8.59,0.09,0,0.4,95048.21,3421.74,1
LN004341,CUST004341,Mortgage,63874.37,8.43,180,591,417744.19,0,81.96,5.32,0.12,0,0.4,63874.37,3065.97,1
LN004342,CUST004342,Auto Loan,4627.63,7.65,48,683,647134.92,30,87.41,6.33,0.06,0,0.4,4627.63,111.06,2
LN004343,CUST004343,Structured Credit,17982.32,9.86,120,651,458940.25,60,47.45,3.59,0.02,0,0.35,17982.32,125.88,2
LN004344,CUST004344,Structured Credit,70338.15,10.72,48,686,797677.97,60,48.1,8.79,0.05,0,0.35,70338.15,1230.92,2
LN004345,CUST004345,Mortgage,40382.83,8.81,60,771,1283947.61,0,46.73,8.91,0.05,0,0.25,40382.83,504.79,1
LN004346,CUST004346,Auto Loan,17736.34,5.23,48,778,2290323.86,0,91.43,7.73,0.09,0,0.4,17736.34,638.51,1
LN004347,CUST004347,Mortgage,23306.49,9.33,60,843,2212042.2,0,52.6,5.72,0.02,0,0.25,23306.49,116.53,1
LN004348,CUST004348,Mortgage,9562.79,5.39,240,668,1866849.58,90,78.59,5.98,0.17,0,0.25,9562.79,406.42,3
LN004349,CUST004349,Structured Credit,34137.05,9.31,48,648,304252.81,90,70.97,5.61,0.23,1,0.35,34137.05,2748.03,3
LN004350,CUST004350,Mortgage,170669.26,9.8,360,708,1018125.7,0,72.66,4.76,0.02,0,0.25,170669.26,853.35,1
LN004351,CUST004351,Mortgage,63796.48,6.38,240,788,1785283.96,0,51.73,6.17,0.02,0,0.25,63796.48,318.98,1
LN004352,CUST004352,Mortgage,168264.41,10.74,360,738,540315.02,30,78.11,3.32,0.02,0,0.25,168264.41,841.32,2
LN004353,CUST004353,Mortgage,67351.33,11.38,48,798,2052447.66,0,42.59,8.95,0.05,0,0.25,67351.33,841.89,1
LN004354,CUST004354,Structured Credit,74550.76,10.69,120,575,2307790.78,0,99.61,5.54,0.12,0,0.5,74550.76,4473.05,1
LN004355,CUST004355,Mortgage,144618.58,7.14,360,738,1046735.0,120,41.61,8.56,0.2,0,0.25,144618.58,7230.93,3
LN004356,CUST004356,Mortgage,47291.43,9.11,60,689,1838146.89,0,43.01,7.35,0.05,0,0.25,47291.43,591.14,1
LN004357,CUST004357,Auto Loan,31854.72,11.4,240,730,583459.3,0,59.48,4.74,0.02,0,0.25,31854.72,159.27,1
LN004358,CUST004358,Mortgage,74821.48,7.24,240,570,1804337.01,0,89.9,4.33,0.12,1,0.4,74821.48,3591.43,1
LN004359,CUST004359,Mortgage,100477.41,10.74,60,712,298274.68,0,55.43,8.97,0.05,0,0.25,100477.41,1255.97,1
LN004360,CUST004360,Auto Loan,25952.54,5.07,180,620,589235.89,60,68.32,7.63,0.11,0,0.25,25952.54,713.69,2
LN004361,CUST004361,Auto Loan,21914.45,5.03,48,631,1847233.25,90,41.08,4.5,0.23,0,0.25,21914.45,1260.08,3
LN004362,CUST004362,Mortgage,40022.59,10.32,48,704,1851663.0,30,44.73,3.4,0.02,0,0.25,40022.59,200.11,2
LN004363,CUST004363,Mortgage,64993.93,10.33,120,596,1692616.09,0,76.48,7.18,0.11,0,0.25,64993.93,1787.33,1
LN004364,CUST004364,Mortgage,63491.65,10.52,180,743,1324069.05,90,51.66,4.82,0.17,0,0.25,63491.65,2698.4,3
LN004365,CUST004365,Auto Loan,13400.97,11.51,180,773,1768543.21,0,81.66,4.33,0.06,0,0.4,13400.97,321.62,1
LN004366,CUST004366,Mortgage,138430.58,5.83,360,786,1991051.8,0,87.12,7.41,0.09,0,0.4,138430.58,4983.5,1
LN004367,CUST004367,Auto Loan,23183.23,6.62,120,829,2424583.73,60,91.02,7.08,0.09,0,0.4,23183.23,834.6,2
LN004368,CUST004368,Mortgage,30165.51,11.33,240,559,2249442.32,0,48.03,5.89,0.08,0,0.25,30165.51,603.31,1
LN004369,CUST004369,Auto Loan,19305.44,6.24,60,701,2037701.96,0,67.33,8.66,0.05,1,0.25,19305.44,241.32,1
LN004370,CUST004370,Auto Loan,240104.66,9.78,240,653,1813204.41,0,96.82,7.08,0.09,0,0.4,240104.66,8643.77,1
LN004371,CUST004371,Auto Loan,43021.25,8.71,36,673,1541849.98,120,86.33,8.36,0.24,0,0.4,43021.25,4130.04,3
LN004372,CUST004372,Auto Loan,20016.6,5.58,120,734,521369.85,120,47.02,4.14,0.17,0,0.25,20016.6,850.71,3
LN004373,CUST004373,Auto Loan,66485.99,7.0,60,839,622502.89,120,70.15,4.78,0.17,0,0.25,66485.99,2825.65,3
LN004374,CUST004374,Auto Loan,62217.72,8.64,240,590,2095629.01,0,95.34,3.63,0.12,0,0.4,62217.72,2986.45,1
LN004375,CUST004375,Mortgage,31843.58,10.97,240,560,2057454.05,90,66.4,4.83,0.23,0,0.25,31843.58,1831.01,3
LN004376,CUST004376,Mortgage,65409.63,9.95,180,767,1632532.58,30,90.25,8.83,0.09,0,0.4,65409.63,2354.75,2
LN004377,CUST004377,Auto Loan,20379.72,9.35,120,550,1237390.3,0,69.75,8.78,0.11,0,0.25,20379.72,560.44,1
LN004378,CUST004378,Structured Credit,25718.28,8.47,36,720,308573.46,60,46.41,7.56,0.05,1,0.35,25718.28,450.07,2
LN004379,CUST004379,Auto Loan,8891.48,7.09,48,831,986148.12,90,48.87,6.13,0.17,0,0.25,8891.48,377.89,3
LN004380,CUST004380,Mortgage,14374.83,5.83,120,602,1196439.23,0,42.8,7.68,0.11,0,0.25,14374.83,395.31,1
LN004381,CUST004381,Auto Loan,128713.15,7.86,36,674,1343086.64,0,51.72,6.32,0.02,0,0.25,128713.15,643.57,1
LN004382,CUST004382,Auto Loan,114576.73,5.2,36,724,2340980.35,90,93.62,3.02,0.21,0,0.4,114576.73,9624.45,3
LN004383,CUST004383,Mortgage,38027.01,6.48,120,814,494596.15,60,79.01,6.01,0.02,1,0.25,38027.01,190.14,2
LN004384,CUST004384,Mortgage,116314.38,8.03,60,814,1417450.57,0,84.33,6.59,0.06,0,0.4,116314.38,2791.55,1
LN004385,CUST004385,Structured Credit,32465.97,7.93,120,748,1077825.17,0,77.3,4.59,0.02,0,0.35,32465.97,227.26,1
LN004386,CUST004386,Mortgage,30626.25,5.31,240,805,2477720.77,90,63.19,4.22,0.17,1,0.25,30626.25,1301.62,3
LN004387,CUST004387,Structured Credit,37780.84,9.12,360,721,2189194.04,0,53.01,4.64,0.02,0,0.35,37780.84,264.47,1
LN004388,CUST004388,Auto Loan,33274.78,8.85,180,608,1237268.17,90,95.54,6.74,0.27,1,0.4,33274.78,3593.68,3
LN004389,CUST004389,Auto Loan,31237.13,5.55,240,655,2499315.12,90,70.89,3.88,0.17,0,0.25,31237.13,1327.58,3
LN004390,CUST004390,Auto Loan,80852.25,11.6,36,674,1406642.3,30,68.87,7.32,0.05,0,0.25,80852.25,1010.65,2
LN004391,CUST004391,Auto Loan,40339.84,5.7,36,565,626015.04,0,99.77,5.54,0.12,0,0.4,40339.84,1936.31,1
LN004392,CUST004392,Mortgage,59798.58,10.98,48,587,1500718.06,120,63.04,5.12,0.23,0,0.25,59798.58,3438.42,3
LN004393,CUST004393,Mortgage,74754.63,5.0,36,792,758962.97,0,91.25,7.84,0.09,0,0.4,74754.63,2691.17,1
LN004394,CUST004394,Auto Loan,47654.39,11.18,360,759,1681703.89,0,91.74,6.04,0.06,0,0.4,47654.39,1143.71,1
LN004395,CUST004395,Structured Credit,18412.96,5.14,48,834,2359240.39,30,53.96,5.27,0.02,0,0.35,18412.96,128.89,2
LN004396,CUST004396,Structured Credit,14086.81,10.3,36,717,2018946.8,0,45.69,8.27,0.05,1,0.35,14086.81,246.52,1
LN004397,CUST004397,Auto Loan,40301.6,7.53,36,813,864618.3,60,98.54,5.21,0.06,0,0.4,40301.6,967.24,2
LN004398,CUST004398,Auto Loan,32212.85,10.17,120,647,917931.91,0,65.55,8.15,0.11,0,0.25,32212.85,885.85,1
LN004399,CUST004399,Auto Loan,38606.43,7.81,120,683,405898.46,120,40.13,6.03,0.17,0,0.25,38606.43,1640.77,3
LN004400,CUST004400,Auto Loan,35909.68,5.5,180,730,893202.63,0,69.94,4.25,0.02,0,0.25,35909.68,179.55,1
LN004401,CUST004401,Auto Loan,221571.71,10.37,240,771,458405.8,0,77.16,6.68,0.02,0,0.25,221571.71,1107.86,1
LN004402,CUST004402,Mortgage,14311.83,5.5,60,698,1373759.62,0,86.57,4.71,0.06,0,0.4,14311.83,343.48,1
LN004403,CUST004403,Auto Loan,9018.54,11.45,180,793,1843780.93,90,96.58,3.88,0.21,0,0.4,9018.54,757.56,3
LN004404,CUST004404,Auto Loan,45828.61,5.36,36,625,1940157.61,0,94.91,3.52,0.12,0,0.4,45828.61,2199.77,1
LN004405,CUST004405,Structured Credit,27903.41,8.36,180,811,383940.77,120,96.41,4.45,0.21,0,0.5,27903.41,2929.86,3
LN004406,CUST004406,Mortgage,45308.39,10.06,120,780,1014900.77,60,41.93,7.42,0.05,0,0.25,45308.39,566.35,2
LN004407,CUST004407,Structured Credit,54650.74,7.75,240,740,898386.47,0,82.71,8.03,0.09,1,0.5,54650.74,2459.28,1
LN004408,CUST004408,Auto Loan,89221.14,6.52,36,683,484675.73,60,53.55,8.17,0.05,0,0.25,89221.14,1115.26,2
LN004409,CUST004409,Auto Loan,12644.05,10.31,36,801,1065560.45,120,51.25,4.62,0.17,0,0.25,12644.05,537.37,3
LN004410,CUST004410,Mortgage,24594.98,10.49,180,794,923470.25,0,88.02,6.97,0.06,0,0.4,24594.98,590.28,1
LN004411,CUST004411,Auto Loan,49027.32,11.46,240,814,1677623.27,0,65.03,4.38,0.02,0,0.25,49027.32,245.14,1
LN004412,CUST004412,Auto Loan,62275.57,7.63,360,553,2237430.99,30,95.0,6.74,0.12,0,0.4,62275.57,2989.23,2
LN004413,CUST004413,Mortgage,168621.98,8.54,48,586,1273393.87,0,42.55,8.32,0.11,1,0.25,168621.98,4637.1,1
LN004414,CUST004414,Mortgage,70897.67,7.54,360,620,1929996.64,120,88.13,3.25,0.27,0,0.4,70897.67,7656.95,3
LN004415,CUST004415,Mortgage,34900.21,6.8,60,811,578523.33,0,48.21,8.91,0.05,0,0.25,34900.21,436.25,1
LN004416,CUST004416,Mortgage,19471.26,10.26,240,786,2263674.35,0,50.59,7.96,0.05,0,0.25,19471.26,243.39,1
LN004417,CUST004417,Mortgage,24464.96,7.38,180,727,593338.16,60,68.64,7.57,0.05,0,0.25,24464.96,305.81,2
LN004418,CUST004418,Auto Loan,23983.18,8.0,360,645,682227.66,0,63.74,7.15,0.11,0,0.25,23983.18,659.54,1
LN004419,CUST004419,Auto Loan,57449.61,7.83,180,776,489543.56,60,69.17,7.62,0.05,0,0.25,57449.61,718.12,2
LN004420,CUST004420,Auto Loan,43473.13,9.99,60,560,946778.88,0,96.4,8.97,0.15,1,0.4,43473.13,2608.39,1
LN004421,CUST004421,Auto Loan,14377.87,11.42,36,815,1492923.51,0,79.44,7.62,0.05,0,0.25,14377.87,179.72,1
LN004422,CUST004422,Structured Credit,26765.5,9.67,36,738,2472986.75,0,57.42,5.11,0.02,0,0.35,26765.5,187.36,1
LN004423,CUST004423,Mortgage,67123.08,8.3,48,758,2035078.08,0,50.37,6.68,0.02,0,0.25,67123.08,335.62,1
LN004424,CUST004424,Mortgage,46451.48,10.45,180,562,1105980.56,0,65.2,5.02,0.08,0,0.25,46451.48,929.03,1
LN004425,CUST004425,Auto Loan,54070.89,9.49,60,711,1545653.63,0,67.1,8.82,0.05,0,0.25,54070.89,675.89,1
LN004426,CUST004426,Auto Loan,47479.11,5.42,180,609,1652443.07,90,76.08,8.4,0.26,0,0.25,47479.11,3086.14,3
LN004427,CUST004427,Auto Loan,113380.14,5.67,120,554,2101136.25,120,55.96,6.41,0.23,0,0.25,113380.14,6519.36,3
LN004428,CUST004428,Auto Loan,42840.11,5.27,180,751,1907016.52,30,86.05,7.69,0.09,0,0.4,42840.11,1542.24,2
LN004429,CUST004429,Auto Loan,27716.52,8.2,180,561,1530905.04,0,45.91,8.46,0.11,0,0.25,27716.52,762.2,1
LN004430,CUST004430,Mortgage,19129.2,10.78,120,789,1755661.81,0,73.63,4.46,0.02,0,0.25,19129.2,95.65,1
LN004431,CUST004431,Mortgage,43248.88,7.19,120,774,1928314.62,0,77.41,6.48,0.02,0,0.25,43248.88,216.24,1
LN004432,CUST004432,Mortgage,6578.14,7.69,360,731,549574.13,0,52.41,5.89,0.02,0,0.25,6578.14,32.89,1
LN004433,CUST004433,Mortgage,31920.31,11.37,60,846,701024.79,0,89.56,7.63,0.09,1,0.4,31920.31,1149.13,1
LN004434,CUST004434,Structured Credit,31442.38,10.86,360,727,1799314.65,120,76.93,5.27,0.17,0,0.35,31442.38,1870.82,3
LN004435,CUST004435,Auto Loan,13972.84,9.66,36,667,2163457.51,0,78.74,7.25,0.05,0,0.25,13972.84,174.66,1
LN004436,CUST004436,Auto Loan,18962.41,6.87,48,625,1170840.14,60,69.86,5.42,0.08,0,0.25,18962.41,379.25,2
LN004437,CUST004437,Auto Loan,64007.8,5.82,360,595,2454753.23,0,94.58,3.67,0.12,0,0.4,64007.8,3072.37,1
LN004438,CUST004438,Mortgage,42680.53,5.11,120,776,736161.4,120,81.64,3.64,0.21,1,0.4,42680.53,3585.16,3
LN004439,CUST004439,Structured Credit,38997.46,5.75,36,843,1187573.38,90,62.91,3.71,0.17,1,0.35,38997.46,2320.35,3
LN004440,CUST004440,Auto Loan,45001.15,7.05,60,789,1101676.85,0,54.32,3.2,0.02,0,0.25,45001.15,225.01,1
LN004441,CUST004441,Structured Credit,38748.19,8.86,240,690,2343165.87,30,44.26,6.2,0.02,0,0.35,38748.19,271.24,2
LN004442,CUST004442,Structured Credit,86682.2,5.45,180,753,892101.66,120,49.92,7.03,0.2,0,0.35,86682.2,6067.75,3
LN004443,CUST004443,Auto Loan,39592.72,5.95,60,699,1309279.25,30,99.56,3.76,0.06,0,0.4,39592.72,950.23,2
LN004444,CUST004444,Auto Loan,13085.38,6.27,60,679,671276.14,120,64.41,6.67,0.17,0,0.25,13085.38,556.13,3
LN004445,CUST004445,Mortgage,113674.11,9.42,120,818,1422849.04,30,93.92,6.59,0.06,0,0.4,113674.11,2728.18,2
LN004446,CUST004446,Structured Credit,47062.8,9.31,48,686,2179159.38,0,50.23,3.88,0.02,0,0.35,47062.8,329.44,1
LN004447,CUST004447,Auto Loan,24041.15,8.86,360,665,934088.79,0,65.52,5.42,0.02,0,0.25,24041.15,120.21,1
LN004448,CUST004448,Mortgage,15102.55,6.75,120,710,2074282.16,90,97.63,7.53,0.24,1,0.4,15102.55,1449.84,3
LN004449,CUST004449,Auto Loan,47912.9,7.6,180,704,2300451.06,30,45.47,3.1,0.02,0,0.25,47912.9,239.56,2
LN004450,CUST004450,Mortgage,33455.77,5.68,120,722,414155.25,120,75.64,3.88,0.17,0,0.25,33455.77,1421.87,3
LN004451,CUST004451,Mortgage,109305.58,6.59,180,679,1951955.21,120,95.15,8.97,0.24,0,0.4,109305.58,10493.34,3
LN004452,CUST004452,Mortgage,28505.86,11.28,120,628,824522.73,120,96.98,7.4,0.3,1,0.4,28505.86,3420.7,3
LN004453,CUST004453,Structured Credit,20207.99,11.86,240,606,644487.24,60,90.76,5.78,0.12,0,0.5,20207.99,1212.48,2
LN004454,CUST004454,Structured Credit,67986.02,9.53,48,606,1602525.38,120,91.36,6.78,0.27,0,0.5,67986.02,9178.11,3
LN004455,CUST004455,Structured Credit,69403.83,11.42,240,683,1837605.89,120,79.13,8.08,0.2,1,0.35,69403.83,4858.27,3
LN004456,CUST004456,Auto Loan,40866.09,9.5,36,563,1138212.22,0,53.23,8.05,0.11,0,0.25,40866.09,1123.82,1
LN004457,CUST004457,Mortgage,58305.4,5.23,48,832,338140.84,0,83.84,4.95,0.06,0,0.4,58305.4,1399.33,1
LN004458,CUST004458,Auto Loan,35369.99,11.98,360,843,2294585.18,0,98.7,5.95,0.06,0,0.4,35369.99,848.88,1
LN004459,CUST004459,Mortgage,42774.85,5.69,120,696,1894180.56,120,71.56,6.83,0.17,1,0.25,42774.85,1817.93,3
LN004460,CUST004460,Mortgage,82083.61,9.78,60,676,861250.32,0,55.64,3.43,0.02,0,0.25,82083.61,410.42,1
LN004461,CUST004461,Mortgage,56259.09,6.77,36,809,1367943.68,0,74.41,8.67,0.05,0,0.25,56259.09,703.24,1
LN004462,CUST004462,Mortgage,32257.57,7.74,60,767,312533.78,0,81.44,5.6,0.06,1,0.4,32257.57,774.18,1
LN004463,CUST004463,Structured Credit,93587.66,9.52,240,782,1013386.26,90,52.5,5.23,0.17,1,0.35,93587.66,5568.47,3
LN004464,CUST004464,Auto Loan,6936.84,8.06,360,717,1425704.28,0,83.15,8.44,0.09,0,0.4,6936.84,249.73,1
LN004465,CUST004465,Mortgage,152733.72,6.75,48,692,1413753.13,0,75.25,3.71,0.02,0,0.25,152733.72,763.67,1
LN004466,CUST004466,Auto Loan,11001.96,7.34,360,809,718415.98,0,76.74,3.24,0.02,0,0.25,11001.96,55.01,1
LN004467,CUST004467,Auto Loan,23412.73,7.39,36,767,1997681.57,0,58.36,7.11,0.05,0,0.25,23412.73,292.66,1
LN004468,CUST004468,Auto Loan,35290.1,11.72,240,695,922439.86,0,49.32,5.31,0.02,0,0.25,35290.1,176.45,1
LN004469,CUST004469,Structured Credit,32776.38,10.59,120,648,1555922.55,0,77.41,7.59,0.11,0,0.35,32776.38,1261.89,1
LN004470,CUST004470,Structured Credit,73459.37,8.21,60,731,860925.01,0,75.17,3.41,0.02,0,0.35,73459.37,514.22,1
LN004471,CUST004471,Structured Credit,17318.22,6.4,120,718,1206627.71,60,60.28,5.3,0.02,0,0.35,17318.22,121.23,2
LN004472,CUST004472,Structured Credit,43587.98,10.68,180,782,716907.91,0,57.75,4.41,0.02,0,0.35,43587.98,305.12,1
LN004473,CUST004473,Auto Loan,24227.69,6.1,360,642,1674267.53,0,60.83,7.44,0.11,0,0.25,24227.69,666.26,1
LN004474,CUST004474,Auto Loan,44649.51,6.47,36,666,1207564.81,60,69.39,4.36,0.02,0,0.25,44649.51,223.25,2
LN004475,CUST004475,Mortgage,34705.71,7.56,60,553,286263.94,30,98.49,5.75,0.12,1,0.4,34705.71,1665.87,2
LN004476,CUST004476,Mortgage,38756.55,11.16,48,634,313371.24,0,85.81,7.91,0.15,1,0.4,38756.55,2325.39,1
LN004477,CUST004477,Mortgage,24712.21,5.92,48,716,1310052.22,0,91.1,8.49,0.09,0,0.4,24712.21,889.64,1
LN004478,CUST004478,Auto Loan,25411.45,5.86,48,556,662258.2,0,70.34,7.34,0.11,0,0.25,25411.45,698.81,1
LN004479,CUST004479,Mortgage,44404.26,8.46,240,781,1566344.61,60,71.57,5.58,0.02,0,0.25,44404.26,222.02,2
LN004480,CUST004480,Mortgage,70305.19,6.93,48,800,1168431.51,0,52.26,6.43,0.02,0,0.25,70305.19,351.53,1
LN004481,CUST004481,Auto Loan,23889.74,8.98,60,634,1722444.63,60,83.26,7.14,0.15,0,0.4,23889.74,1433.38,2
LN004482,CUST004482,Mortgage,19768.85,8.16,360,742,2392889.14,60,65.3,8.25,0.05,0,0.25,19768.85,247.11,2
LN004483,CUST004483,Mortgage,55794.03,8.04,360,672,1439656.3,90,84.55,8.33,0.24,0,0.4,55794.03,5356.23,3
LN004484,CUST004484,Mortgage,35498.56,5.78,360,638,2021601.86,0,64.54,8.59,0.11,0,0.25,35498.56,976.21,1
LN004485,CUST004485,Auto Loan,64948.42,5.99,240,644,1944342.24,0,46.51,7.86,0.11,1,0.25,64948.42,1786.08,1
LN004486,CUST004486,Mortgage,19263.01,10.75,180,849,2324029.98,0,50.38,3.88,0.02,0,0.25,19263.01,96.32,1
LN004487,CUST004487,Auto Loan,10450.37,11.2,48,594,731540.2,0,88.69,7.49,0.15,1,0.4,10450.37,627.02,1
LN004488,CUST004488,Auto Loan,25006.65,6.64,360,802,2111485.68,90,55.52,7.89,0.2,0,0.25,25006.65,1250.33,3
LN004489,CUST004489,Mortgage,21238.12,5.79,48,600,2287420.85,120,55.86,8.27,0.26,0,0.25,21238.12,1380.48,3
LN004490,CUST004490,Mortgage,34366.86,5.37,240,614,1133716.71,0,95.76,8.55,0.15,0,0.4,34366.86,2062.01,1
LN004491,CUST004491,Auto Loan,23253.44,9.26,48,603,956086.44,0,79.46,6.05,0.08,0,0.25,23253.44,465.07,1
LN004492,CUST004492,Mortgage,61005.05,10.01,180,771,2392080.8,90,46.86,6.93,0.17,0,0.25,61005.05,2592.71,3
LN004493,CUST004493,Mortgage,29681.96,7.61,240,621,1662173.85,90,48.62,3.06,0.23,0,0.25,29681.96,1706.71,3
LN004494,CUST004494,Mortgage,40349.41,9.76,240,717,1106522.09,90,56.34,6.44,0.17,0,0.25,40349.41,1714.85,3
LN004495,CUST004495,Mortgage,40552.15,9.99,36,735,2031612.37,120,75.64,5.84,0.17,1,0.25,40552.15,1723.47,3
LN004496,CUST004496,Mortgage,41625.51,11.55,240,692,935066.28,90,85.17,8.77,0.24,0,0.4,41625.51,3996.05,3
LN004497,CUST004497,Mortgage,35707.27,5.45,48,568,646917.07,0,56.47,8.41,0.11,0,0.25,35707.27,981.95,1
LN004498,CUST004498,Auto Loan,51917.98,6.35,240,559,1473931.68,0,92.24,7.79,0.15,0,0.4,51917.98,3115.08,1
LN004499,CUST004499,Auto Loan,20806.93,5.48,48,821,1523977.1,90,46.55,3.34,0.17,0,0.25,20806.93,884.29,3
LN004500,CUST004500,Mortgage,96721.65,11.08,48,720,2107929.59,0,52.46,5.41,0.02,0,0.25,96721.65,483.61,1
LN004501,CUST004501,Mortgage,30773.95,10.55,360,565,1278311.55,30,98.23,7.18,0.15,0,0.4,30773.95,1846.44,2
LN004502,CUST004502,Mortgage,14500.17,9.02,240,629,2082819.71,0,48.08,3.18,0.08,0,0.25,14500.17,290.0,1
LN004503,CUST004503,Auto Loan,41425.48,5.59,36,833,950476.03,60,93.29,4.41,0.06,0,0.4,41425.48,994.21,2
LN004504,CUST004504,Auto Loan,20013.73,6.91,48,739,1544578.45,90,82.24,8.33,0.24,0,0.4,20013.73,1921.32,3
LN004505,CUST004505,Mortgage,57857.26,7.08,360,697,719063.75,0,44.39,3.78,0.02,0,0.25,57857.26,289.29,1
LN004506,CUST004506,Auto Loan,170539.79,8.93,36,712,1117253.39,30,69.02,3.31,0.02,0,0.25,170539.79,852.7,2
LN004507,CUST004507,Mortgage,20939.65,6.81,36,814,2179464.32,90,71.14,6.48,0.17,0,0.25,20939.65,889.94,3
LN004508,CUST004508,Auto Loan,45828.46,5.51,240,687,735973.44,30,95.93,8.68,0.09,0,0.4,45828.46,1649.82,2
LN004509,CUST004509,Mortgage,10626.92,10.12,120,850,2073038.79,0,65.27,8.01,0.05,0,0.25,10626.92,132.84,1
LN004510,CUST004510,Structured Credit,49897.87,7.09,360,579,886461.23,120,66.81,8.85,0.26,1,0.35,49897.87,4540.71,3
LN004511,CUST004511,Auto Loan,19535.73,8.17,120,717,327601.87,0,46.75,7.52,0.05,0,0.25,19535.73,244.2,1
LN004512,CUST004512,Mortgage,23449.77,5.89,48,640,497352.78,0,78.35,5.62,0.08,0,0.25,23449.77,469.0,1
LN004513,CUST004513,Auto Loan,16799.42,10.62,60,640,1928228.98,0,52.65,8.68,0.11,0,0.25,16799.42,461.98,1
LN004514,CUST004514,Mortgage,60627.62,8.96,120,760,839659.58,120,44.65,5.56,0.17,0,0.25,60627.62,2576.67,3
LN004515,CUST004515,Mortgage,73505.32,11.31,360,849,1721827.58,0,99.82,5.1,0.06,0,0.4,73505.32,1764.13,1
LN004516,CUST004516,Mortgage,36914.87,8.47,240,723,1823197.53,0,56.18,5.69,0.02,0,0.25,36914.87,184.57,1
LN004517,CUST004517,Mortgage,19829.01,11.59,360,683,1026516.54,0,48.46,7.88,0.05,0,0.25,19829.01,247.86,1
LN004518,CUST004518,Structured Credit,110488.43,11.24,240,573,1318567.72,0,81.97,8.51,0.15,0,0.5,110488.43,8286.63,1
LN004519,CUST004519,Auto Loan,21476.46,9.04,120,750,1158475.95,60,89.3,5.15,0.06,0,0.4,21476.46,515.44,2
LN004520,CUST004520,Auto Loan,7995.05,11.54,60,768,2381535.24,0,43.84,5.77,0.02,0,0.25,7995.05,39.98,1
LN004521,CUST004521,Structured Credit,50054.73,7.26,180,556,969884.94,60,46.32,8.39,0.11,0,0.35,50054.73,1927.11,2
LN004522,CUST004522,Mortgage,16758.45,7.56,48,555,662476.85,30,45.41,3.28,0.08,0,0.25,16758.45,335.17,2
LN004523,CUST004523,Structured Credit,72549.63,5.32,360,667,1072583.9,30,42.82,7.7,0.05,0,0.35,72549.63,1269.62,2
LN004524,CUST004524,Mortgage,27811.46,9.12,180,710,1756410.34,60,79.57,5.73,0.02,0,0.25,27811.46,139.06,2
LN004525,CUST004525,Structured Credit,55414.65,10.05,180,634,1819066.05,30,75.3,5.26,0.08,0,0.35,55414.65,1551.61,2
LN004526,CUST004526,Mortgage,96862.74,10.41,36,797,2329128.96,60,79.77,5.68,0.02,0,0.25,96862.74,484.31,2
LN004527,CUST004527,Mortgage,15580.86,6.05,36,715,2233947.59,0,70.34,5.51,0.02,0,0.25,15580.86,77.9,1
LN004528,CUST004528,Structured Credit,24436.76,8.11,48,694,898721.17,0,89.05,7.54,0.09,0,0.5,24436.76,1099.65,1
LN004529,CUST004529,Mortgage,34441.94,6.24,60,580,1274117.31,60,72.8,8.57,0.11,0,0.25,34441.94,947.15,2
LN004530,CUST004530,Auto Loan,106541.08,9.63,36,769,1931355.22,0,95.12,5.95,0.06,0,0.4,106541.08,2556.99,1
LN004531,CUST004531,Auto Loan,22905.49,6.11,360,682,2312208.88,0,69.14,8.0,0.05,1,0.25,22905.49,286.32,1
LN004532,CUST004532,Auto Loan,23952.97,11.33,360,613,1008621.28,120,87.44,7.39,0.3,0,0.4,23952.97,2874.36,3
LN004533,CUST004533,Auto Loan,50751.6,6.61,120,625,1249993.23,0,64.44,4.98,0.08,0,0.25,50751.6,1015.03,1
LN004534,CUST004534,Auto Loan,24244.37,7.04,360,680,2273826.11,60,66.11,6.52,0.02,0,0.25,24244.37,121.22,2
LN004535,CUST004535,Mortgage,40407.4,10.96,48,587,1056588.71,30,90.94,7.0,0.12,1,0.4,40407.4,1939.56,2
LN004536,CUST004536,Mortgage,12257.87,8.21,240,603,1331154.22,120,46.46,3.14,0.23,0,0.25,12257.87,704.83,3
LN004537,CUST004537,Mortgage,171104.71,5.17,180,679,2285134.32,0,73.9,5.38,0.02,0,0.25,171104.71,855.52,1
LN004538,CUST004538,Mortgage,14137.75,8.46,360,767,2055047.24,0,83.58,8.96,0.09,0,0.4,14137.75,508.96,1
LN004539,CUST004539,Auto Loan,28991.94,5.59,48,551,797719.58,120,85.03,6.82,0.27,1,0.4,28991.94,3131.13,3
LN004540,CUST004540,Auto Loan,35499.12,11.9,240,795,980788.9,120,75.49,5.01,0.17,0,0.25,35499.12,1508.71,3
LN004541,CUST004541,Auto Loan,138535.47,9.12,240,689,1044157.14,0,66.88,4.5,0.02,0,0.25,138535.47,692.68,1
LN004542,CUST004542,Mortgage,14365.83,6.8,36,845,2303661.57,0,55.65,4.26,0.02,0,0.25,14365.83,71.83,1
LN004543,CUST004543,Auto Loan,145596.28,8.95,240,807,2497600.91,0,94.57,5.41,0.06,0,0.4,145596.28,3494.31,1
LN004544,CUST004544,Auto Loan,61699.05,5.54,60,654,1991509.68,0,62.19,4.16,0.02,0,0.25,61699.05,308.5,1
LN004545,CUST004545,Mortgage,48628.58,10.6,240,734,1339734.18,60,87.94,3.81,0.06,1,0.4,48628.58,1167.09,2
LN004546,CUST004546,Structured Credit,18228.77,11.48,240,793,272891.09,90,41.9,5.18,0.17,0,0.35,18228.77,1084.61,3
LN004547,CUST004547,Auto Loan,54165.47,11.12,180,713,1819348.13,0,53.93,6.64,0.02,0,0.25,54165.47,270.83,1
LN004548,CUST004548,Mortgage,21885.06,7.39,60,681,1126062.62,120,60.74,3.88,0.17,1,0.25,21885.06,930.12,3
LN004549,CUST004549,Mortgage,88138.34,7.28,48,752,1674219.56,90,80.29,3.27,0.21,1,0.4,88138.34,7403.62,3
LN004550,CUST004550,Mortgage,18402.77,5.25,60,759,1615061.42,0,59.16,3.21,0.02,0,0.25,18402.77,92.01,1
LN004551,CUST004551,Structured Credit,33549.9,9.56,60,650,1331872.13,30,42.48,4.6,0.02,0,0.35,33549.9,234.85,2
LN004552,CUST004552,Auto Loan,24619.86,8.74,48,820,2374871.64,0,50.43,4.14,0.02,0,0.25,24619.86,123.1,1
LN004553,CUST004553,Auto Loan,18191.94,8.22,180,598,302079.28,90,55.55,6.24,0.23,0,0.25,18191.94,1046.04,3
LN004554,CUST004554,Structured Credit,61017.98,11.35,360,788,1852298.09,0,50.56,5.73,0.02,0,0.35,61017.98,427.13,1
LN004555,CUST004555,Mortgage,52829.29,6.18,240,764,1172139.7,30,52.22,4.95,0.02,0,0.25,52829.29,264.15,2
LN004556,CUST004556,Mortgage,84652.26,5.07,60,840,1856028.51,0,86.14,8.0,0.09,0,0.4,84652.26,3047.48,1
LN004557,CUST004557,Mortgage,10447.18,5.51,60,829,1769244.21,0,64.72,6.03,0.02,0,0.25,10447.18,52.24,1
LN004558,CUST004558,Mortgage,76490.32,6.56,360,626,273035.51,0,64.31,3.55,0.08,1,0.25,76490.32,1529.81,1
LN004559,CUST004559,Structured Credit,209779.91,5.23,48,700,892011.61,120,98.0,4.77,0.21,0,0.5,209779.91,22026.89,3
LN004560,CUST004560,Structured Credit,26472.22,8.52,120,846,675455.92,0,66.8,8.84,0.05,0,0.35,26472.22,463.26,1
LN004561,CUST004561,Mortgage,136844.98,7.2,360,706,625719.29,120,95.66,8.86,0.24,1,0.4,136844.98,13137.12,3
LN004562,CUST004562,Auto Loan,30205.74,6.26,60,747,1889072.54,90,57.94,4.53,0.17,0,0.25,30205.74,1283.74,3
LN004563,CUST004563,Structured Credit,13895.4,10.25,36,836,788990.54,0,64.04,4.0,0.02,0,0.35,13895.4,97.27,1
LN004564,CUST004564,Auto Loan,29320.94,6.43,240,573,1318159.63,60,63.78,5.97,0.08,0,0.25,29320.94,586.42,2
LN004565,CUST004565,Auto Loan,75640.17,9.81,240,558,805725.24,120,72.76,5.89,0.23,1,0.25,75640.17,4349.31,3
LN004566,CUST004566,Structured Credit,20196.74,7.44,360,681,1555526.1,120,75.05,5.46,0.17,0,0.35,20196.74,1201.71,3
LN004567,CUST004567,Auto Loan,23855.33,8.58,180,626,1871290.98,0,54.89,6.18,0.08,0,0.25,23855.33,477.11,1
LN004568,CUST004568,Auto Loan,55021.41,11.54,360,775,994918.16,120,87.62,4.39,0.21,0,0.4,55021.41,4621.8,3
LN004569,CUST004569,Auto Loan,36393.38,5.26,60,680,1606796.91,60,69.79,3.69,0.02,0,0.25,36393.38,181.97,2
LN004570,CUST004570,Structured Credit,54679.06,8.5,48,639,2105923.24,60,40.42,6.42,0.08,0,0.35,54679.06,1531.01,2
LN004571,CUST004571,Mortgage,42893.72,10.98,36,666,462004.64,90,75.48,8.6,0.2,0,0.25,42893.72,2144.69,3
LN004572,CUST004572,Mortgage,50804.37,9.12,360,659,1849008.85,0,87.88,3.83,0.06,0,0.4,50804.37,1219.3,1
LN004573,CUST004573,Auto Loan,26833.04,6.94,48,820,977076.12,90,55.03,7.23,0.2,0,0.25,26833.04,1341.65,3
LN004574,CUST004574,Mortgage,42710.99,7.78,360,776,525962.4,60,42.27,5.63,0.02,0,0.25,42710.99,213.55,2
LN004575,CUST004575,Mortgage,18974.27,9.76,60,793,1477721.97,90,88.43,4.76,0.21,0,0.4,18974.27,1593.84,3
LN004576,CUST004576,Auto Loan,89491.91,11.24,36,604,759090.22,30,98.58,8.12,0.15,1,0.4,89491.91,5369.51,2
LN004577,CUST004577,Mortgage,23295.32,5.29,180,586,2098064.03,0,44.59,5.74,0.08,0,0.25,23295.32,465.91,1
LN004578,CUST004578,Auto Loan,80032.91,5.5,180,604,346515.8,0,96.28,6.5,0.12,0,0.4,80032.91,3841.58,1
LN004579,CUST004579,Structured Credit,30837.14,7.28,360,561,471969.02,60,61.56,5.66,0.08,0,0.35,30837.14,863.44,2
LN004580,CUST004580,Mortgage,41831.27,6.63,180,734,1422241.28,0,96.49,3.49,0.06,0,0.4,41831.27,1003.95,1
LN004581,CUST004581,Structured Credit,25681.47,6.85,120,786,1575119.01,90,78.93,6.57,0.17,0,0.35,25681.47,1528.05,3
LN004582,CUST004582,Auto Loan,17832.95,6.55,48,842,1892245.0,0,93.41,5.51,0.06,1,0.4,17832.95,427.99,1
LN004583,CUST004583,Mortgage,10707.16,6.37,60,753,833336.64,30,87.15,3.52,0.06,0,0.4,10707.16,256.97,2
LN004584,CUST004584,Mortgage,17348.7,5.91,36,760,2143960.92,30,41.68,6.57,0.02,0,0.25,17348.7,86.74,2
LN004585,CUST004585,Mortgage,28948.21,11.54,360,775,2394570.26,0,43.93,3.06,0.02,0,0.25,28948.21,144.74,1
LN004586,CUST004586,Structured Credit,42121.58,6.01,360,556,1372838.43,0,71.54,4.25,0.08,0,0.35,42121.58,1179.4,1
LN004587,CUST004587,Auto Loan,73663.71,6.43,240,769,1961195.57,0,47.78,7.69,0.05,0,0.25,73663.71,920.8,1
LN004588,CUST004588,Auto Loan,26581.47,6.72,240,577,1430908.8,30,67.66,3.23,0.08,0,0.25,26581.47,531.63,2
LN004589,CUST004589,Mortgage,19587.12,11.53,48,842,406300.82,0,97.28,6.88,0.06,0,0.4,19587.12,470.09,1
LN004590,CUST004590,Mortgage,13228.11,10.29,60,761,983750.9,0,57.69,8.7,0.05,0,0.25,13228.11,165.35,1
LN004591,CUST004591,Mortgage,50819.96,10.53,120,738,446845.05,30,69.33,4.03,0.02,0,0.25,50819.96,254.1,2
LN004592,CUST004592,Auto Loan,95629.46,5.73,60,624,2474978.02,0,63.06,5.5,0.08,0,0.25,95629.46,1912.59,1
LN004593,CUST004593,Mortgage,88117.92,10.85,48,791,765308.3,0,77.79,6.45,0.02,0,0.25,88117.92,440.59,1
LN004594,CUST004594,Auto Loan,59691.98,7.86,60,663,1680775.94,0,51.63,5.7,0.02,0,0.25,59691.98,298.46,1
LN004595,CUST004595,Mortgage,56782.32,6.84,240,716,889776.48,120,55.6,6.72,0.17,0,0.25,56782.32,2413.25,3
LN004596,CUST004596,Mortgage,119173.61,9.03,240,655,1719803.98,0,91.53,5.42,0.06,0,0.4,119173.61,2860.17,1
LN004597,CUST004597,Mortgage,45819.13,10.76,36,700,723403.8,0,88.68,3.89,0.06,0,0.4,45819.13,1099.66,1
LN004598,CUST004598,Auto Loan,57084.66,10.45,120,633,2016857.65,30,87.35,3.53,0.12,0,0.4,57084.66,2740.06,2
LN004599,CUST004599,Mortgage,29011.61,11.23,240,761,499326.11,60,86.26,7.47,0.09,0,0.4,29011.61,1044.42,2
LN004600,CUST004600,Auto Loan,13996.6,11.5,36,816,2264088.4,0,67.57,4.43,0.02,0,0.25,13996.6,69.98,1
LN004601,CUST004601,Auto Loan,22500.79,6.67,120,818,2140948.81,0,83.73,8.08,0.09,0,0.4,22500.79,810.03,1
LN004602,CUST004602,Mortgage,36083.42,7.97,240,726,1777316.52,0,63.23,7.46,0.05,0,0.25,36083.42,451.04,1
LN004603,CUST004603,Structured Credit,37894.06,5.1,120,820,401682.91,30,46.04,3.3,0.02,0,0.35,37894.06,265.26,2
LN004604,CUST004604,Auto Loan,139860.41,11.16,60,731,719280.31,30,63.6,4.21,0.02,0,0.25,139860.41,699.3,2
LN004605,CUST004605,Mortgage,38441.54,6.08,36,708,2183563.59,0,49.52,4.75,0.02,0,0.25,38441.54,192.21,1
LN004606,CUST004606,Structured Credit,82883.43,11.03,120,738,524442.48,60,63.45,6.57,0.02,0,0.35,82883.43,580.18,2
LN004607,CUST004607,Structured Credit,26780.95,7.31,360,735,600847.22,0,57.85,7.86,0.05,0,0.35,26780.95,468.67,1
LN004608,CUST004608,Auto Loan,29197.16,7.58,120,795,1474007.48,120,75.95,3.36,0.17,0,0.25,29197.16,1240.88,3
LN004609,CUST004609,Structured Credit,14324.04,5.27,60,591,866899.24,30,61.69,4.5,0.08,0,0.35,14324.04,401.07,2
LN004610,CUST004610,Auto Loan,21598.31,7.29,240,834,749670.32,90,82.34,5.26,0.21,0,0.4,21598.31,1814.26,3
LN004611,CUST004611,Auto Loan,52516.73,11.22,240,849,1545580.22,0,70.73,4.1,0.02,0,0.25,52516.73,262.58,1
LN004612,CUST004612,Auto Loan,36508.2,5.18,360,843,1088297.52,0,95.17,6.27,0.06,0,0.4,36508.2,876.2,1
LN004613,CUST004613,Mortgage,70266.96,7.84,48,730,566259.77,0,45.46,5.87,0.02,0,0.25,70266.96,351.33,1
LN004614,CUST004614,Auto Loan,41228.2,5.22,48,731,1453420.98,60,81.26,4.9,0.06,0,0.4,41228.2,989.48,2
LN004615,CUST004615,Auto Loan,28375.53,7.6,240,767,1120777.91,0,80.34,6.1,0.06,0,0.4,28375.53,681.01,1
LN004616,CUST004616,Auto Loan,163375.71,6.21,360,712,1902662.74,0,97.04,5.13,0.06,0,0.4,163375.71,3921.02,1
LN004617,CUST004617,Structured Credit,34005.16,6.77,180,595,481199.75,0,62.29,5.06,0.08,0,0.35,34005.16,952.14,1
LN004618,CUST004618,Structured Credit,81969.35,11.14,180,641,1646379.8,0,58.33,4.59,0.08,1,0.35,81969.35,2295.14,1
LN004619,CUST004619,Auto Loan,27423.44,8.05,360,654,1232109.99,30,50.34,6.24,0.02,0,0.25,27423.44,137.12,2
LN004620,CUST004620,Structured Credit,59678.05,6.92,120,756,1163639.22,0,55.92,5.66,0.02,0,0.35,59678.05,417.75,1
LN004621,CUST004621,Structured Credit,69536.77,9.13,240,688,772647.3,0,70.11,4.18,0.02,0,0.35,69536.77,486.76,1
LN004622,CUST004622,Mortgage,42021.82,5.99,48,578,318458.56,0,90.26,3.08,0.12,0,0.4,42021.82,2017.05,1
LN004623,CUST004623,Auto Loan,6987.39,6.82,120,800,2157300.69,30,57.06,3.91,0.02,0,0.25,6987.39,34.94,2
LN004624,CUST004624,Mortgage,36782.47,8.82,36,740,984422.69,0,49.46,3.26,0.02,0,0.25,36782.47,183.91,1
LN004625,CUST004625,Structured Credit,85932.9,6.66,360,596,1782454.84,30,56.33,5.59,0.08,0,0.35,85932.9,2406.12,2
LN004626,CUST004626,Mortgage,52535.09,9.75,360,800,2382071.65,0,46.06,4.35,0.02,0,0.25,52535.09,262.68,1
LN004627,CUST004627,Auto Loan,49616.92,8.44,48,812,1521228.17,0,95.6,5.52,0.06,0,0.4,49616.92,1190.81,1
LN004628,CUST004628,Mortgage,10877.16,10.4,48,613,1143580.53,0,92.36,4.98,0.12,0,0.4,10877.16,522.1,1
LN004629,CUST004629,Mortgage,21931.55,11.64,48,817,853615.52,0,58.51,6.23,0.02,0,0.25,21931.55,109.66,1
LN004630,CUST004630,Mortgage,48433.66,5.81,360,561,2351598.53,60,54.82,7.34,0.11,0,0.25,48433.66,1331.93,2
LN004631,CUST004631,Auto Loan,48400.64,7.34,180,841,1784672.84,0,94.32,5.88,0.06,0,0.4,48400.64,1161.62,1
LN004632,CUST004632,Auto Loan,84988.12,7.24,60,578,1746883.13,30,40.11,3.37,0.08,0,0.25,84988.12,1699.76,2
LN004633,CUST004633,Structured Credit,32813.43,6.06,60,688,1208856.23,0,76.03,3.11,0.02,0,0.35,32813.43,229.69,1
LN004634,CUST004634,Structured Credit,48246.42,10.67,360,634,2151359.6,0,94.96,4.28,0.12,0,0.5,48246.42,2894.79,1
LN004635,CUST004635,Auto Loan,36734.14,10.32,180,623,1855762.42,0,70.51,5.55,0.08,0,0.25,36734.14,734.68,1
LN004636,CUST004636,Structured Credit,18199.33,8.39,240,800,887162.36,0,40.18,3.27,0.02,0,0.35,18199.33,127.4,1
LN004637,CUST004637,Auto Loan,7487.17,8.76,240,773,1599051.99,0,53.13,4.97,0.02,0,0.25,7487.17,37.44,1
LN004638,CUST004638,Mortgage,49104.54,5.42,360,596,1217936.4,30,95.35,8.32,0.15,0,0.4,49104.54,2946.27,2
LN004639,CUST004639,Mortgage,41017.87,8.89,360,630,264827.87,0,41.02,3.54,0.08,0,0.25,41017.87,820.36,1
LN004640,CUST004640,Structured Credit,23559.34,10.54,180,670,2067152.72,0,63.69,8.69,0.05,0,0.35,23559.34,412.29,1
LN004641,CUST004641,Structured Credit,11691.05,9.02,180,592,526368.29,60,87.38,8.14,0.15,0,0.5,11691.05,876.83,2
LN004642,CUST004642,Auto Loan,56433.47,6.86,240,695,1397397.64,0,90.29,7.99,0.09,0,0.4,56433.47,2031.6,1
LN004643,CUST004643,Structured Credit,30147.46,9.67,60,623,1006508.93,0,68.66,8.18,0.11,0,0.35,30147.46,1160.68,1
LN004644,CUST004644,Auto Loan,53627.23,7.53,120,602,1019700.34,30,53.95,3.48,0.08,0,0.25,53627.23,1072.54,2
LN004645,CUST004645,Mortgage,133898.05,8.81,180,782,1324070.99,30,75.98,3.91,0.02,0,0.25,133898.05,669.49,2
LN004646,CUST004646,Mortgage,8111.18,8.41,120,844,2493301.98,30,55.83,3.81,0.02,0,0.25,8111.18,40.56,2
LN004647,CUST004647,Mortgage,22254.05,7.67,120,749,1168854.28,0,55.32,3.67,0.02,0,0.25,22254.05,111.27,1
LN004648,CUST004648,Auto Loan,31364.66,10.03,36,711,660240.77,30,88.46,4.97,0.06,0,0.4,31364.66,752.75,2
LN004649,CUST004649,Structured Credit,100546.78,11.19,60,586,1630614.26,120,49.26,7.98,0.26,0,0.35,100546.78,9149.76,3
LN004650,CUST004650,Auto Loan,11550.89,5.04,360,646,781647.34,0,40.33,4.51,0.08,0,0.25,11550.89,231.02,1
LN004651,CUST004651,Auto Loan,140800.98,11.54,120,598,487485.56,0,60.21,4.47,0.08,1,0.25,140800.98,2816.02,1
LN004652,CUST004652,Mortgage,39938.62,8.58,360,559,362891.89,0,69.46,7.06,0.11,0,0.25,39938.62,1098.31,1
LN004653,CUST004653,Mortgage,33955.28,9.91,360,589,301482.87,0,82.3,3.58,0.12,0,0.4,33955.28,1629.85,1
LN004654,CUST004654,Structured Credit,31614.09,10.99,60,702,1220120.46,90,86.87,5.16,0.21,0,0.5,31614.09,3319.48,3
LN004655,CUST004655,Auto Loan,26758.73,8.27,60,655,1210133.0,90,79.81,4.77,0.17,0,0.25,26758.73,1137.25,3
LN004656,CUST004656,Auto Loan,75635.55,10.84,36,590,667477.15,0,77.59,8.08,0.11,0,0.25,75635.55,2079.98,1
LN004657,CUST004657,Structured Credit,17189.18,6.24,360,713,2014042.87,0,79.94,6.09,0.02,0,0.35,17189.18,120.32,1
LN004658,CUST004658,Mortgage,46248.76,6.11,240,807,540858.91,60,56.29,6.88,0.02,0,0.25,46248.76,231.24,2
LN004659,CUST004659,Auto Loan,27752.27,9.6,60,760,2309463.68,30,62.94,3.77,0.02,0,0.25,27752.27,138.76,2
LN004660,CUST004660,Mortgage,21300.94,11.09,120,751,1572045.95,0,76.99,8.57,0.05,1,0.25,21300.94,266.26,1
LN004661,CUST004661,Mortgage,221944.5,11.25,240,744,312136.85,60,43.93,4.93,0.02,0,0.25,221944.5,1109.72,2
LN004662,CUST004662,Mortgage,48695.19,9.51,240,602,2416688.41,120,57.72,7.24,0.26,0,0.25,48695.19,3165.19,3
LN004663,CUST004663,Mortgage,55786.43,8.68,48,696,942867.83,0,64.39,8.73,0.05,0,0.25,55786.43,697.33,1
LN004664,CUST004664,Structured Credit,80534.73,7.32,120,831,1262443.66,30,72.01,6.05,0.02,0,0.35,80534.73,563.74,2
LN004665,CUST004665,Structured Credit,13427.43,11.86,120,792,889604.56,120,69.19,6.05,0.17,0,0.35,13427.43,798.93,3
LN004666,CUST004666,Mortgage,123822.5,7.24,60,600,1888947.92,0,83.09,3.7,0.12,0,0.4,123822.5,5943.48,1
LN004667,CUST004667,Auto Loan,6271.24,10.21,120,663,1342780.5,120,68.41,5.34,0.17,0,0.25,6271.24,266.53,3
LN004668,CUST004668,Structured Credit,21202.27,8.72,360,822,547839.16,0,94.25,8.11,0.09,0,0.5,21202.27,954.1,1
LN004669,CUST004669,Mortgage,26335.62,9.26,48,669,484458.89,0,62.82,3.81,0.02,0,0.25,26335.62,131.68,1
LN004670,CUST004670,Mortgage,54568.19,7.75,60,738,1882094.68,0,71.52,8.51,0.05,0,0.25,54568.19,682.1,1
LN004671,CUST004671,Auto Loan,42323.71,11.75,180,595,783433.16,0,40.19,7.0,0.08,0,0.25,42323.71,846.47,1
LN004672,CUST004672,Structured Credit,32313.15,9.0,120,792,560035.09,0,58.63,5.53,0.02,0,0.35,32313.15,226.19,1
LN004673,CUST004673,Mortgage,36011.8,11.56,120,599,1373712.09,30,91.99,6.28,0.12,0,0.4,36011.8,1728.57,2
LN004674,CUST004674,Auto Loan,18313.32,5.05,36,560,2056221.9,0,60.01,3.9,0.08,0,0.25,18313.32,366.27,1
LN004675,CUST004675,Mortgage,12732.81,9.01,180,597,877261.18,0,55.19,4.3,0.08,0,0.25,12732.81,254.66,1
LN004676,CUST004676,Structured Credit,60388.75,10.02,180,605,871971.13,60,72.61,4.72,0.08,0,0.35,60388.75,1690.88,2
LN004677,CUST004677,Auto Loan,59017.79,10.22,360,557,2126232.84,60,44.72,5.31,0.08,0,0.25,59017.79,1180.36,2
LN004678,CUST004678,Structured Credit,110100.19,11.33,48,563,582626.04,0,71.9,8.49,0.11,0,0.35,110100.19,4238.86,1
LN004679,CUST004679,Mortgage,20889.21,5.03,360,764,1637637.08,30,58.22,5.21,0.02,0,0.25,20889.21,104.45,2
LN004680,CUST004680,Mortgage,58981.0,5.0,180,794,2398780.34,120,62.99,6.14,0.17,0,0.25,58981.0,2506.69,3
LN004681,CUST004681,Auto Loan,29774.43,8.31,360,603,2142932.09,60,87.48,3.97,0.12,0,0.4,29774.43,1429.17,2
LN004682,CUST004682,Auto Loan,83561.03,5.21,360,822,389084.28,0,79.72,7.42,0.05,0,0.25,83561.03,1044.51,1
LN004683,CUST004683,Structured Credit,74263.43,11.82,36,680,969799.47,90,66.77,6.36,0.17,0,0.35,74263.43,4418.67,3
LN004684,CUST004684,Auto Loan,42101.83,6.55,48,558,570342.55,120,74.65,5.64,0.23,1,0.25,42101.83,2420.86,3
LN004685,CUST004685,Mortgage,28633.39,8.31,360,761,2385791.43,0,86.01,8.68,0.09,0,0.4,28633.39,1030.8,1
LN004686,CUST004686,Auto Loan,71157.61,5.43,360,671,2468368.52,60,84.75,8.34,0.09,0,0.4,71157.61,2561.67,2
LN004687,CUST004687,Auto Loan,57115.63,8.65,180,663,778734.3,0,51.12,6.96,0.02,0,0.25,57115.63,285.58,1
LN004688,CUST004688,Auto Loan,22491.48,7.66,48,569,1756822.85,90,58.06,8.53,0.26,0,0.25,22491.48,1461.95,3
LN004689,CUST004689,Mortgage,14336.17,5.31,180,570,2143671.4,0,60.89,6.39,0.08,0,0.25,14336.17,286.72,1
LN004690,CUST004690,Structured Credit,29674.01,7.35,180,757,775780.64,90,51.25,7.96,0.2,0,0.35,29674.01,2077.18,3
LN004691,CUST004691,Auto Loan,104902.82,7.74,360,582,672281.43,0,40.73,5.46,0.08,0,0.25,104902.82,2098.06,1
LN004692,CUST004692,Auto Loan,81027.27,11.93,240,682,275224.8,0,50.44,3.52,0.02,0,0.25,81027.27,405.14,1
LN004693,CUST004693,Auto Loan,16670.08,6.46,180,740,1176915.53,120,88.49,8.96,0.24,0,0.4,16670.08,1600.33,3
LN004694,CUST004694,Mortgage,16035.65,8.81,360,575,2273734.29,0,72.76,3.99,0.08,0,0.25,16035.65,320.71,1
LN004695,CUST004695,Mortgage,88634.7,11.91,120,638,2281704.21,0,60.5,4.51,0.08,0,0.25,88634.7,1772.69,1
LN004696,CUST004696,Structured Credit,16400.3,10.54,180,641,537422.04,0,76.5,3.98,0.08,0,0.35,16400.3,459.21,1
LN004697,CUST004697,Mortgage,51870.56,11.95,120,582,709793.08,30,84.39,5.02,0.12,0,0.4,51870.56,2489.79,2
LN004698,CUST004698,Mortgage,23594.06,11.78,60,787,1168106.49,90,61.27,4.74,0.17,0,0.25,23594.06,1002.75,3
LN004699,CUST004699,Auto Loan,112637.67,8.43,240,567,2006405.23,0,67.96,6.61,0.08,0,0.25,112637.67,2252.75,1
LN004700,CUST004700,Structured Credit,21177.67,9.87,36,823,1626665.84,0,43.85,8.98,0.05,0,0.35,21177.67,370.61,1
LN004701,CUST004701,Auto Loan,80850.18,5.77,48,838,1406161.92,0,75.83,3.32,0.02,0,0.25,80850.18,404.25,1
LN004702,CUST004702,Auto Loan,41332.36,8.09,48,576,1581846.74,90,61.38,7.67,0.26,0,0.25,41332.36,2686.6,3
LN004703,CUST004703,Mortgage,43327.22,10.66,60,657,466449.31,0,66.01,3.77,0.02,0,0.25,43327.22,216.64,1
LN004704,CUST004704,Mortgage,9143.37,8.54,180,775,1324743.2,0,65.36,3.12,0.02,0,0.25,9143.37,45.72,1
LN004705,CUST004705,Mortgage,7769.5,9.92,36,568,2482142.4,0,77.94,6.83,0.08,0,0.25,7769.5,155.39,1
LN004706,CUST004706,Mortgage,31119.93,10.22,60,772,449003.83,0,74.35,8.24,0.05,0,0.25,31119.93,389.0,1
LN004707,CUST004707,Mortgage,43167.11,6.77,60,830,1418305.02,0,65.33,4.06,0.02,0,0.25,43167.11,215.84,1
LN004708,CUST004708,Auto Loan,16520.57,11.13,48,653,915210.84,120,41.02,5.05,0.17,0,0.25,16520.57,702.12,3
LN004709,CUST004709,Structured Credit,16948.16,8.22,120,838,1464804.92,120,77.26,4.01,0.17,0,0.35,16948.16,1008.42,3
LN004710,CUST004710,Mortgage,53800.11,6.47,120,586,1541092.21,0,92.77,8.44,0.15,1,0.4,53800.11,3228.01,1
LN004711,CUST004711,Mortgage,53852.18,11.06,180,793,1549314.02,0,86.17,4.62,0.06,0,0.4,53852.18,1292.45,1
LN004712,CUST004712,Mortgage,32977.52,7.92,180,592,2167469.77,0,98.9,5.67,0.12,0,0.4,32977.52,1582.92,1
LN004713,CUST004713,Auto Loan,62701.53,10.25,360,675,1126931.68,60,48.34,8.37,0.05,0,0.25,62701.53,783.77,2
LN004714,CUST004714,Mortgage,15963.47,8.84,360,558,1411796.87,0,53.35,6.32,0.08,0,0.25,15963.47,319.27,1
LN004715,CUST004715,Mortgage,28306.47,7.67,60,563,274588.9,0,72.36,8.6,0.11,0,0.25,28306.47,778.43,1
LN004716,CUST004716,Auto Loan,115095.13,10.67,180,680,2026488.85,0,54.15,8.56,0.05,1,0.25,115095.13,1438.69,1
LN004717,CUST004717,Mortgage,38094.51,9.09,120,733,833847.34,0,42.07,5.77,0.02,0,0.25,38094.51,190.47,1
LN004718,CUST004718,Structured Credit,39672.71,7.73,36,831,2087248.8,90,64.14,6.49,0.17,0,0.35,39672.71,2360.53,3
LN004719,CUST004719,Mortgage,182437.44,5.77,48,602,847687.0,0,57.26,4.38,0.08,0,0.25,182437.44,3648.75,1
LN004720,CUST004720,Structured Credit,13635.89,11.27,120,590,274274.12,90,55.83,8.94,0.26,0,0.35,13635.89,1240.87,3
LN004721,CUST004721,Auto Loan,63417.89,5.25,360,570,598370.47,0,97.19,4.67,0.12,0,0.4,63417.89,3044.06,1
LN004722,CUST004722,Auto Loan,116400.3,11.04,240,844,2467786.53,0,54.31,7.7,0.05,0,0.25,116400.3,1455.0,1
LN004723,CUST004723,Auto Loan,28928.99,7.52,180,757,969552.8,120,47.77,4.88,0.17,0,0.25,28928.99,1229.48,3
LN004724,CUST004724,Mortgage,66286.5,9.48,48,700,494853.78,0,47.52,4.88,0.02,0,0.25,66286.5,331.43,1
LN004725,CUST004725,Auto Loan,18262.16,11.46,240,618,517207.31,60,88.38,3.62,0.12,0,0.4,18262.16,876.58,2
LN004726,CUST004726,Auto Loan,22455.42,6.06,48,850,948271.11,120,82.89,6.36,0.21,1,0.4,22455.42,1886.26,3
LN004727,CUST004727,Structured Credit,47547.12,8.97,60,576,334701.34,0,47.77,4.47,0.08,1,0.35,47547.12,1331.32,1
LN004728,CUST004728,Structured Credit,63512.8,10.35,180,665,1400849.32,120,53.19,3.89,0.17,0,0.35,63512.8,3779.01,3
LN004729,CUST004729,Mortgage,79590.94,10.3,60,691,730917.06,0,84.84,4.36,0.06,0,0.4,79590.94,1910.18,1
LN004730,CUST004730,Auto Loan,108960.42,8.68,48,590,1418448.94,60,56.48,4.51,0.08,0,0.25,108960.42,2179.21,2
LN004731,CUST004731,Auto Loan,34640.8,9.37,60,655,566719.49,0,98.89,6.02,0.06,0,0.4,34640.8,831.38,1
LN004732,CUST004732,Auto Loan,83744.71,10.3,180,623,1217178.77,90,72.43,5.32,0.23,0,0.25,83744.71,4815.32,3
LN004733,CUST004733,Mortgage,28577.83,10.89,120,609,1595312.93,120,51.52,3.45,0.23,1,0.25,28577.83,1643.23,3
LN004734,CUST004734,Structured Credit,68286.26,10.33,36,847,389499.86,0,91.53,6.22,0.06,0,0.5,68286.26,2048.59,1
LN004735,CUST004735,Mortgage,41992.33,7.48,240,671,1147185.95,60,59.17,7.73,0.05,0,0.25,41992.33,524.9,2
LN004736,CUST004736,Auto Loan,49611.33,11.98,120,752,930678.6,0,57.33,6.45,0.02,0,0.25,49611.33,248.06,1
LN004737,CUST004737,Mortgage,48847.36,8.04,48,560,790809.59,0,59.65,8.85,0.11,0,0.25,48847.36,1343.3,1
LN004738,CUST004738,Auto Loan,11810.05,5.17,120,696,1610202.91,120,86.09,3.59,0.21,1,0.4,11810.05,992.04,3
LN004739,CUST004739,Auto Loan,16533.02,7.54,60,765,1574219.47,90,50.39,7.93,0.2,0,0.25,16533.02,826.65,3
LN004740,CUST004740,Mortgage,39018.03,5.89,180,563,1669074.57,0,62.91,6.03,0.08,0,0.25,39018.03,780.36,1
LN004741,CUST004741,Mortgage,11146.77,5.85,120,616,607486.01,90,41.85,6.13,0.23,1,0.25,11146.77,640.94,3
LN004742,CUST004742,Auto Loan,64980.84,6.97,120,729,892845.8,120,89.6,6.11,0.21,1,0.4,64980.84,5458.39,3
LN004743,CUST004743,Auto Loan,66842.15,5.37,180,791,721777.25,30,60.44,4.95,0.02,0,0.25,66842.15,334.21,2
LN004744,CUST004744,Structured Credit,45661.89,9.82,60,709,1466133.11,0,54.89,4.95,0.02,0,0.35,45661.89,319.63,1
LN004745,CUST004745,Auto Loan,16567.63,5.52,36,559,1287397.8,90,74.79,6.79,0.23,1,0.25,16567.63,952.64,3
LN004746,CUST004746,Auto Loan,95425.13,6.42,120,673,993160.91,60,82.3,3.27,0.06,1,0.4,95425.13,2290.2,2
LN004747,CUST004747,Auto Loan,151152.94,5.65,240,822,2018533.32,0,88.77,6.53,0.06,0,0.4,151152.94,3627.67,1
LN004748,CUST004748,Auto Loan,40253.56,5.44,48,790,461440.92,0,60.87,7.35,0.05,1,0.25,40253.56,503.17,1
LN004749,CUST004749,Auto Loan,51915.61,6.87,360,692,2443517.55,0,88.74,5.14,0.06,1,0.4,51915.61,1245.97,1
LN004750,CUST004750,Structured Credit,41823.64,9.0,60,716,512224.18,120,67.89,4.3,0.17,0,0.35,41823.64,2488.51,3
LN004751,CUST004751,Auto Loan,52641.41,11.75,60,606,1989409.33,60,46.07,4.28,0.08,0,0.25,52641.41,1052.83,2
LN004752,CUST004752,Mortgage,33399.92,11.13,120,687,1078517.93,120,90.78,3.49,0.21,0,0.4,33399.92,2805.59,3
LN004753,CUST004753,Mortgage,35447.39,11.13,240,566,2196840.02,90,72.86,3.54,0.23,0,0.25,35447.39,2038.22,3
LN004754,CUST004754,Mortgage,68459.82,6.23,360,822,416882.38,0,76.15,4.0,0.02,0,0.25,68459.82,342.3,1
LN004755,CUST004755,Structured Credit,187575.54,6.85,180,552,1093123.85,0,96.25,3.12,0.12,0,0.5,187575.54,11254.53,1
LN004756,CUST004756,Structured Credit,13628.93,5.53,360,792,1004747.66,120,73.55,4.6,0.17,0,0.35,13628.93,810.92,3
LN004757,CUST004757,Auto Loan,33770.11,10.45,120,657,2484603.34,0,40.34,4.84,0.02,0,0.25,33770.11,168.85,1
LN004758,CUST004758,Mortgage,15893.69,5.49,120,600,2467485.24,0,92.24,8.97,0.15,0,0.4,15893.69,953.62,1
LN004759,CUST004759,Mortgage,110682.1,8.9,180,723,677058.91,0,57.09,8.95,0.05,0,0.25,110682.1,1383.53,1
LN004760,CUST004760,Structured Credit,24066.68,6.74,48,665,1667380.66,60,70.11,4.12,0.02,0,0.35,24066.68,168.47,2
LN004761,CUST004761,Mortgage,13223.61,6.7,180,732,1454918.69,30,52.29,4.28,0.02,0,0.25,13223.61,66.12,2
LN004762,CUST004762,Structured Credit,56768.16,11.94,120,703,597340.36,0,57.82,5.95,0.02,0,0.35,56768.16,397.38,1
LN004763,CUST004763,Mortgage,123132.68,10.3,36,796,627504.34,90,81.2,3.89,0.21,0,0.4,123132.68,10343.15,3
LN004764,CUST004764,Auto Loan,57786.96,10.86,180,625,2475816.39,120,65.77,6.02,0.23,1,0.25,57786.96,3322.75,3
LN004765,CUST004765,Mortgage,41913.3,9.0,48,793,1268642.49,90,77.63,5.4,0.17,1,0.25,41913.3,1781.32,3
LN004766,CUST004766,Structured Credit,48358.57,11.1,180,630,533052.91,30,89.41,4.95,0.12,0,0.5,48358.57,2901.51,2
LN004767,CUST004767,Structured Credit,97771.51,9.52,180,778,733277.59,30,60.45,7.94,0.05,0,0.35,97771.51,1711.0,2
LN004768,CUST004768,Auto Loan,19693.83,11.62,60,621,853783.15,120,74.1,7.97,0.26,0,0.25,19693.83,1280.1,3
LN004769,CUST004769,Mortgage,33580.71,6.97,60,767,1399563.84,30,86.66,8.93,0.09,0,0.4,33580.71,1208.91,2
LN004770,CUST004770,Auto Loan,26452.79,9.17,120,792,1004983.29,90,82.91,4.34,0.21,0,0.4,26452.79,2222.03,3
LN004771,CUST004771,Auto Loan,16034.44,9.83,120,627,1273776.52,120,72.39,8.33,0.26,0,0.25,16034.44,1042.24,3
LN004772,CUST004772,Mortgage,28857.85,7.75,360,707,624623.99,60,63.0,6.23,0.02,0,0.25,28857.85,144.29,2
LN004773,CUST004773,Auto Loan,78858.06,11.16,180,597,985139.55,30,64.45,6.55,0.08,0,0.25,78858.06,1577.16,2
LN004774,CUST004774,Structured Credit,53993.64,11.86,36,847,408212.33,0,65.99,8.38,0.05,0,0.35,53993.64,944.89,1
LN004775,CUST004775,Auto Loan,57012.02,8.46,240,573,2251848.12,0,60.93,8.66,0.11,0,0.25,57012.02,1567.83,1
LN004776,CUST004776,Structured Credit,40236.62,7.73,120,659,697193.07,0,81.94,7.36,0.09,1,0.5,40236.62,1810.65,1
LN004777,CUST004777,Auto Loan,52382.44,8.3,180,601,1953025.3,120,47.52,5.09,0.23,0,0.25,52382.44,3011.99,3
LN004778,CUST004778,Auto Loan,20735.17,10.97,180,839,1036491.52,30,98.05,5.94,0.06,0,0.4,20735.17,497.64,2
LN004779,CUST004779,Auto Loan,29241.47,9.52,240,808,1317393.97,30,86.74,6.69,0.06,0,0.4,29241.47,701.8,2
LN004780,CUST004780,Auto Loan,41539.62,5.31,180,688,905337.34,0,57.89,7.97,0.05,0,0.25,41539.62,519.25,1
LN004781,CUST004781,Auto Loan,44102.03,8.8,240,824,1816992.86,120,42.55,6.95,0.17,0,0.25,44102.03,1874.34,3
LN004782,CUST004782,Auto Loan,45439.25,5.12,240,593,2150229.44,120,82.68,5.19,0.27,0,0.4,45439.25,4907.44,3
LN004783,CUST004783,Mortgage,32963.8,10.45,360,808,894107.92,90,84.06,5.51,0.21,0,0.4,32963.8,2768.96,3
LN004784,CUST004784,Auto Loan,27883.87,7.3,180,662,794989.7,90,97.82,3.3,0.21,0,0.4,27883.87,2342.25,3
LN004785,CUST004785,Mortgage,331187.48,8.3,360,776,1783240.6,120,55.22,8.55,0.2,0,0.25,331187.48,16559.37,3
LN004786,CUST004786,Auto Loan,68511.1,10.59,180,614,689094.39,120,44.96,3.53,0.23,1,0.25,68511.1,3939.39,3
LN004787,CUST004787,Structured Credit,48494.38,5.33,60,712,1689639.47,0,94.91,6.48,0.06,0,0.5,48494.38,1454.83,1
LN004788,CUST004788,Structured Credit,30845.74,6.11,240,713,462463.18,90,55.52,8.23,0.2,0,0.35,30845.74,2159.2,3
LN004789,CUST004789,Mortgage,26480.05,7.79,48,715,1645308.61,90,83.29,5.53,0.21,0,0.4,26480.05,2224.32,3
LN004790,CUST004790,Auto Loan,33138.12,6.61,240,588,1405165.15,0,43.64,7.8,0.11,0,0.25,33138.12,911.3,1
LN004791,CUST004791,Auto Loan,44577.31,7.37,48,702,506287.86,0,85.64,7.82,0.09,0,0.4,44577.31,1604.78,1
LN004792,CUST004792,Structured Credit,9737.07,11.99,180,818,1710483.18,0,47.62,3.36,0.02,0,0.35,9737.07,68.16,1
LN004793,CUST004793,Auto Loan,12105.65,10.78,120,624,1254753.6,0,81.74,5.47,0.12,0,0.4,12105.65,581.07,1
LN004794,CUST004794,Auto Loan,23252.83,11.19,36,806,738508.86,60,71.94,7.15,0.05,0,0.25,23252.83,290.66,2
LN004795,CUST004795,Auto Loan,41982.06,11.56,360,749,1045114.35,0,97.33,5.53,0.06,0,0.4,41982.06,1007.57,1
LN004796,CUST004796,Auto Loan,30715.07,7.39,180,647,1357229.74,90,42.22,6.27,0.23,0,0.25,30715.07,1766.12,3
LN004797,CUST004797,Auto Loan,102199.79,7.08,36,653,455997.01,0,57.52,6.57,0.02,0,0.25,102199.79,511.0,1
LN004798,CUST004798,Mortgage,12865.73,6.64,60,713,2404621.34,0,44.17,3.91,0.02,0,0.25,12865.73,64.33,1
LN004799,CUST004799,Auto Loan,21462.41,10.81,48,662,1747514.85,0,92.75,5.47,0.06,0,0.4,21462.41,515.1,1
LN004800,CUST004800,Mortgage,105246.89,9.76,360,652,480703.71,0,75.63,3.17,0.02,0,0.25,105246.89,526.23,1
LN004801,CUST004801,Auto Loan,39806.42,6.65,60,586,2101439.91,60,72.1,3.9,0.08,0,0.25,39806.42,796.13,2
LN004802,CUST004802,Auto Loan,67466.73,7.64,120,655,975748.59,0,47.89,6.07,0.02,0,0.25,67466.73,337.33,1
LN004803,CUST004803,Structured Credit,152645.4,8.55,120,736,1592798.96,60,69.34,6.44,0.02,0,0.35,152645.4,1068.52,2
LN004804,CUST004804,Auto Loan,22344.53,8.7,240,570,873571.39,60,63.92,3.88,0.08,0,0.25,22344.53,446.89,2
LN004805,CUST004805,Structured Credit,33876.61,11.22,360,697,1900163.38,30,58.95,7.53,0.05,0,0.35,33876.61,592.84,2
LN004806,CUST004806,Mortgage,30010.46,7.66,360,678,1876770.19,0,86.33,5.24,0.06,0,0.4,30010.46,720.25,1
LN004807,CUST004807,Auto Loan,9244.51,11.36,360,736,1492097.78,90,43.68,8.52,0.2,0,0.25,9244.51,462.23,3
LN004808,CUST004808,Structured Credit,29223.32,8.09,180,833,792082.58,60,78.8,5.33,0.02,0,0.35,29223.32,204.56,2
LN004809,CUST004809,Auto Loan,67288.43,10.22,240,748,820833.57,30,89.38,3.9,0.06,0,0.4,67288.43,1614.92,2
LN004810,CUST004810,Structured Credit,53019.37,11.51,120,784,1111441.29,0,94.44,7.55,0.09,0,0.5,53019.37,2385.87,1
LN004811,CUST004811,Auto Loan,56014.07,11.35,120,657,576277.38,30,84.75,6.41,0.06,0,0.4,56014.07,1344.34,2
LN004812,CUST004812,Structured Credit,27921.26,5.4,240,558,1009725.35,90,56.95,5.32,0.23,0,0.35,27921.26,2247.66,3
LN004813,CUST004813,Auto Loan,22942.17,6.44,60,775,1789797.85,0,76.03,5.14,0.02,0,0.25,22942.17,114.71,1
LN004814,CUST004814,Mortgage,88298.55,8.34,36,758,2119401.88,30,48.48,3.9,0.02,0,0.25,88298.55,441.49,2
LN004815,CUST004815,Mortgage,25639.21,8.02,48,794,998310.15,30,47.02,5.05,0.02,0,0.25,25639.21,128.2,2
LN004816,CUST004816,Structured Credit,44616.43,9.49,120,837,775578.08,0,78.32,3.18,0.02,0,0.35,44616.43,312.32,1
LN004817,CUST004817,Structured Credit,40714.28,11.61,240,615,2123445.8,0,91.07,6.01,0.12,0,0.5,40714.28,2442.86,1
LN004818,CUST004818,Structured Credit,101032.94,5.79,120,702,2254084.06,90,44.03,8.38,0.2,0,0.35,101032.94,7072.31,3
LN004819,CUST004819,Structured Credit,71681.55,8.16,60,740,1172548.43,0,46.36,7.77,0.05,0,0.35,71681.55,1254.43,1
LN004820,CUST004820,Auto Loan,14666.47,6.35,360,767,310534.35,60,73.94,3.17,0.02,0,0.25,14666.47,73.33,2
LN004821,CUST004821,Auto Loan,15814.98,11.26,360,703,1813663.65,90,53.09,8.29,0.2,0,0.25,15814.98,790.75,3
LN004822,CUST004822,Auto Loan,54460.82,11.75,48,826,2014074.78,0,76.71,5.71,0.02,0,0.25,54460.82,272.3,1
LN004823,CUST004823,Auto Loan,34716.27,8.35,360,631,290554.57,0,52.87,4.15,0.08,0,0.25,34716.27,694.33,1
LN004824,CUST004824,Auto Loan,26406.88,5.73,360,770,1588819.42,0,46.99,7.51,0.05,0,0.25,26406.88,330.09,1
LN004825,CUST004825,Mortgage,73934.85,10.5,60,829,1573829.71,0,72.73,4.94,0.02,0,0.25,73934.85,369.67,1
LN004826,CUST004826,Auto Loan,41407.68,9.88,36,660,1102092.79,120,91.73,4.52,0.21,0,0.4,41407.68,3478.25,3
LN004827,CUST004827,Mortgage,37673.8,7.48,60,641,1936976.48,0,81.11,3.97,0.12,0,0.4,37673.8,1808.34,1
LN004828,CUST004828,Auto Loan,62685.16,11.21,48,561,1213402.84,0,89.12,5.92,0.12,0,0.4,62685.16,3008.89,1
LN004829,CUST004829,Auto Loan,27929.08,11.83,360,688,1772745.89,0,55.98,3.56,0.02,0,0.25,27929.08,139.65,1
LN004830,CUST004830,Mortgage,108875.82,8.9,48,704,1413513.94,120,93.16,7.71,0.24,0,0.4,108875.82,10452.08,3
LN004831,CUST004831,Mortgage,20918.03,8.96,120,572,809045.36,0,62.62,5.82,0.08,0,0.25,20918.03,418.36,1
LN004832,CUST004832,Mortgage,57517.83,7.08,36,769,1614626.94,120,91.15,5.68,0.21,0,0.4,57517.83,4831.5,3
LN004833,CUST004833,Mortgage,99080.01,9.09,180,786,1908044.11,60,68.27,3.01,0.02,0,0.25,99080.01,495.4,2
LN004834,CUST004834,Auto Loan,13847.96,8.08,120,802,2441287.77,60,56.07,7.91,0.05,0,0.25,13847.96,173.1,2
LN004835,CUST004835,Mortgage,28557.23,7.12,360,732,1105245.13,60,55.62,5.96,0.02,0,0.25,28557.23,142.79,2
LN004836,CUST004836,Auto Loan,80784.89,5.47,240,747,395063.23,0,74.06,5.64,0.02,0,0.25,80784.89,403.92,1
LN004837,CUST004837,Auto Loan,81639.72,6.77,60,719,2472935.25,0,44.74,7.57,0.05,0,0.25,81639.72,1020.5,1
LN004838,CUST004838,Mortgage,32207.45,6.38,60,672,1653564.98,0,95.8,3.38,0.06,0,0.4,32207.45,772.98,1
LN004839,CUST004839,Auto Loan,21714.39,8.79,48,583,2379513.53,0,56.29,5.2,0.08,0,0.25,21714.39,434.29,1
LN004840,CUST004840,Auto Loan,70909.17,9.21,240,552,483610.94,0,60.14,6.45,0.08,0,0.25,70909.17,1418.18,1
LN004841,CUST004841,Structured Credit,83156.89,9.26,48,555,1019576.14,0,54.0,5.76,0.08,1,0.35,83156.89,2328.39,1
LN004842,CUST004842,Structured Credit,16070.42,7.72,240,651,551357.57,0,40.18,4.09,0.02,0,0.35,16070.42,112.49,1
LN004843,CUST004843,Auto Loan,15634.89,7.95,48,741,2129897.85,30,81.55,4.8,0.06,0,0.4,15634.89,375.24,2
LN004844,CUST004844,Auto Loan,42517.87,10.84,180,562,2230771.17,30,75.43,4.8,0.08,0,0.25,42517.87,850.36,2
LN004845,CUST004845,Auto Loan,56418.5,8.33,180,585,1377951.32,60,88.58,8.95,0.15,0,0.4,56418.5,3385.11,2
LN004846,CUST004846,Auto Loan,29455.96,11.91,120,619,669863.99,30,42.46,4.96,0.08,0,0.25,29455.96,589.12,2
LN004847,CUST004847,Structured Credit,58425.38,8.08,180,838,536017.68,0,95.72,4.23,0.06,0,0.5,58425.38,1752.76,1
LN004848,CUST004848,Auto Loan,22090.53,9.55,240,654,1573369.25,60,59.85,7.94,0.05,0,0.25,22090.53,276.13,2
LN004849,CUST004849,Mortgage,8264.42,5.35,48,753,1389346.73,0,94.78,5.53,0.06,1,0.4,8264.42,198.35,1
LN004850,CUST004850,Auto Loan,26991.28,9.57,240,604,1813275.48,0,46.43,5.66,0.08,0,0.25,26991.28,539.83,1
LN004851,CUST004851,Structured Credit,37959.02,10.96,120,656,936716.34,0,84.64,6.29,0.06,0,0.5,37959.02,1138.77,1
LN004852,CUST004852,Auto Loan,29938.84,11.6,120,690,1155327.99,0,74.76,6.57,0.02,0,0.25,29938.84,149.69,1
LN004853,CUST004853,Mortgage,16138.74,11.98,360,774,298062.42,90,61.49,6.54,0.17,0,0.25,16138.74,685.9,3
LN004854,CUST004854,Auto Loan,10188.81,6.98,36,585,1622821.85,90,44.75,3.21,0.23,0,0.25,10188.81,585.86,3
LN004855,CUST004855,Mortgage,25339.96,9.03,180,682,1202072.92,90,76.28,7.91,0.2,0,0.25,25339.96,1267.0,3
LN004856,CUST004856,Auto Loan,68074.57,8.16,60,574,2319470.43,0,41.59,4.17,0.08,0,0.25,68074.57,1361.49,1
LN004857,CUST004857,Auto Loan,87495.11,8.95,60,586,1694019.17,0,70.08,4.75,0.08,0,0.25,87495.11,1749.9,1
LN004858,CUST004858,Structured Credit,83399.65,6.1,36,568,1147062.61,0,76.25,4.04,0.08,0,0.35,83399.65,2335.19,1
LN004859,CUST004859,Structured Credit,20514.01,10.99,48,584,843075.66,0,83.95,7.6,0.15,1,0.5,20514.01,1538.55,1
LN004860,CUST004860,Structured Credit,16194.15,11.37,36,555,2286891.12,0,99.48,6.5,0.12,0,0.5,16194.15,971.65,1
LN004861,CUST004861,Mortgage,51412.89,8.15,48,748,286596.42,60,55.61,7.53,0.05,0,0.25,51412.89,642.66,2
LN004862,CUST004862,Structured Credit,56645.62,6.96,180,583,985553.05,0,59.34,6.92,0.08,0,0.35,56645.62,1586.08,1
LN004863,CUST004863,Auto Loan,48055.83,5.99,180,605,2372887.56,0,60.47,3.62,0.08,0,0.25,48055.83,961.12,1
LN004864,CUST004864,Auto Loan,8867.57,9.79,120,805,1721574.27,30,83.89,4.81,0.06,0,0.4,8867.57,212.82,2
LN004865,CUST004865,Auto Loan,19794.92,7.19,120,760,1448617.91,90,95.91,6.04,0.21,0,0.4,19794.92,1662.77,3
LN004866,CUST004866,Mortgage,35568.58,11.37,120,646,707953.12,30,98.46,4.83,0.12,0,0.4,35568.58,1707.29,2
LN004867,CUST004867,Auto Loan,51075.12,9.7,120,831,2125093.24,120,96.75,4.24,0.21,0,0.4,51075.12,4290.31,3
LN004868,CUST004868,Auto Loan,62138.13,9.52,60,790,709447.89,0,92.76,8.22,0.09,0,0.4,62138.13,2236.97,1
LN004869,CUST004869,Mortgage,40174.09,8.92,360,719,808570.45,120,99.46,7.49,0.24,1,0.4,40174.09,3856.71,3
LN004870,CUST004870,Structured Credit,45777.53,5.32,120,843,681665.07,0,62.56,5.07,0.02,0,0.35,45777.53,320.44,1
LN004871,CUST004871,Auto Loan,38538.22,11.52,120,776,605836.29,60,96.9,7.59,0.09,0,0.4,38538.22,1387.38,2
LN004872,CUST004872,Auto Loan,58684.66,9.4,120,676,2394953.12,0,85.66,6.77,0.06,0,0.4,58684.66,1408.43,1
LN004873,CUST004873,Auto Loan,45206.94,11.96,48,829,1604571.09,0,50.11,3.02,0.02,0,0.25,45206.94,226.03,1
LN004874,CUST004874,Auto Loan,38025.66,8.76,240,570,1685133.55,90,42.73,5.28,0.23,0,0.25,38025.66,2186.48,3
LN004875,CUST004875,Auto Loan,30095.83,9.97,120,795,2397232.3,0,52.87,4.74,0.02,0,0.25,30095.83,150.48,1
LN004876,CUST004876,Mortgage,38441.93,5.39,36,639,768793.87,0,86.73,4.31,0.12,0,0.4,38441.93,1845.21,1
LN004877,CUST004877,Mortgage,50981.29,9.42,120,555,263314.46,0,77.9,4.51,0.08,0,0.25,50981.29,1019.63,1
LN004878,CUST004878,Mortgage,43793.15,10.35,120,815,1597488.21,0,53.46,8.65,0.05,0,0.25,43793.15,547.41,1
LN004879,CUST004879,Auto Loan,47409.53,10.45,60,646,1392650.92,120,84.52,5.92,0.27,1,0.4,47409.53,5120.23,3
LN004880,CUST004880,Structured Credit,92958.21,10.39,240,699,1324713.35,30,48.48,8.09,0.05,1,0.35,92958.21,1626.77,2
LN004881,CUST004881,Auto Loan,43722.35,6.58,120,629,389230.48,0,89.31,4.29,0.12,0,0.4,43722.35,2098.67,1
LN004882,CUST004882,Mortgage,23056.45,11.83,240,566,1272478.45,0,87.65,4.05,0.12,0,0.4,23056.45,1106.71,1
LN004883,CUST004883,Structured Credit,67408.39,11.97,48,687,897009.02,90,98.35,8.33,0.24,0,0.5,67408.39,8089.01,3
LN004884,CUST004884,Auto Loan,13955.95,5.53,180,689,867770.52,120,49.02,5.97,0.17,0,0.25,13955.95,593.13,3
LN004885,CUST004885,Auto Loan,17034.75,11.56,240,589,750358.56,120,94.4,8.37,0.3,0,0.4,17034.75,2044.17,3
LN004886,CUST004886,Structured Credit,45940.07,7.03,240,717,998188.81,0,60.47,3.38,0.02,0,0.35,45940.07,321.58,1
LN004887,CUST004887,Auto Loan,52129.05,9.82,120,623,1044549.42,90,64.96,8.5,0.26,1,0.25,52129.05,3388.39,3
LN004888,CUST004888,Mortgage,15191.09,7.37,360,623,944745.5,120,68.11,5.49,0.23,0,0.25,15191.09,873.49,3
LN004889,CUST004889,Auto Loan,27778.78,11.77,120,599,2452193.61,30,77.61,3.93,0.08,0,0.25,27778.78,555.58,2
LN004890,CUST004890,Mortgage,23759.59,5.71,120,559,2348644.94,60,99.69,7.1,0.15,0,0.4,23759.59,1425.58,2
LN004891,CUST004891,Auto Loan,25830.9,8.48,60,652,1542647.72,0,76.0,7.78,0.05,0,0.25,25830.9,322.89,1
LN004892,CUST004892,Auto Loan,70299.39,8.0,360,848,2457373.39,0,95.6,3.28,0.06,0,0.4,70299.39,1687.19,1
LN004893,CUST004893,Mortgage,59548.94,7.28,180,653,2480195.52,90,55.3,8.92,0.2,1,0.25,59548.94,2977.45,3
LN004894,CUST004894,Auto Loan,35832.64,9.52,60,839,1050864.35,120,63.9,7.18,0.2,1,0.25,35832.64,1791.63,3
LN004895,CUST004895,Auto Loan,24780.85,5.92,60,829,1251671.98,30,70.27,4.93,0.02,0,0.25,24780.85,123.9,2
LN004896,CUST004896,Auto Loan,14118.56,10.02,60,691,2407889.0,60,59.37,3.91,0.02,0,0.25,14118.56,70.59,2
LN004897,CUST004897,Auto Loan,98137.95,11.86,360,846,1619408.95,60,98.61,5.36,0.06,1,0.4,98137.95,2355.31,2
LN004898,CUST004898,Auto Loan,54966.53,10.63,48,719,729090.44,30,83.54,4.32,0.06,0,0.4,54966.53,1319.2,2
LN004899,CUST004899,Auto Loan,22144.22,11.02,180,562,1801106.5,30,68.73,5.96,0.08,0,0.25,22144.22,442.88,2
LN004900,CUST004900,Structured Credit,60097.27,7.52,48,706,712928.91,90,85.08,7.69,0.24,0,0.5,60097.27,7211.67,3
LN004901,CUST004901,Auto Loan,34573.52,7.27,48,723,1013554.92,30,68.05,6.96,0.02,0,0.25,34573.52,172.87,2
LN004902,CUST004902,Mortgage,29703.59,8.62,180,711,762010.37,0,41.03,5.62,0.02,0,0.25,29703.59,148.52,1
LN004903,CUST004903,Auto Loan,49249.18,5.32,48,681,801205.49,0,72.59,3.71,0.02,0,0.25,49249.18,246.25,1
LN004904,CUST004904,Auto Loan,21610.86,11.62,360,577,260475.06,30,77.51,8.74,0.11,0,0.25,21610.86,594.3,2
LN004905,CUST004905,Structured Credit,28548.81,6.01,180,632,2231594.87,0,98.87,4.62,0.12,0,0.5,28548.81,1712.93,1
LN004906,CUST004906,Auto Loan,39538.21,11.32,240,818,915978.61,60,42.45,4.67,0.02,0,0.25,39538.21,197.69,2
LN004907,CUST004907,Structured Credit,25600.94,5.59,240,800,444342.35,0,70.73,6.87,0.02,0,0.35,25600.94,179.21,1
LN004908,CUST004908,Auto Loan,58009.36,10.76,120,655,445721.66,90,45.89,7.62,0.2,0,0.25,58009.36,2900.47,3
LN004909,CUST004909,Mortgage,134369.21,6.06,60,810,1501041.12,60,48.94,8.9,0.05,0,0.25,134369.21,1679.62,2
LN004910,CUST004910,Mortgage,21418.09,5.27,240,563,2484071.24,120,76.63,8.81,0.26,0,0.25,21418.09,1392.18,3
LN004911,CUST004911,Structured Credit,11320.97,10.04,240,629,576300.55,0,53.89,8.48,0.11,0,0.35,11320.97,435.86,1
LN004912,CUST004912,Mortgage,8944.39,6.96,48,709,474149.01,60,84.95,5.61,0.06,0,0.4,8944.39,214.67,2
LN004913,CUST004913,Mortgage,32685.03,10.0,180,727,1236183.73,0,70.85,4.0,0.02,0,0.25,32685.03,163.43,1
LN004914,CUST004914,Auto Loan,22828.95,8.89,36,704,1517495.32,0,53.09,6.51,0.02,0,0.25,22828.95,114.14,1
LN004915,CUST004915,Auto Loan,42003.25,5.76,48,584,912355.81,30,69.63,3.1,0.08,0,0.25,42003.25,840.06,2
LN004916,CUST004916,Structured Credit,39847.64,11.52,48,808,930674.71,0,40.05,4.18,0.02,0,0.35,39847.64,278.93,1
LN004917,CUST004917,Auto Loan,11822.36,8.17,360,809,1205072.13,60,91.76,3.02,0.06,0,0.4,11822.36,283.74,2
LN004918,CUST004918,Auto Loan,10194.27,10.14,180,684,956827.63,120,40.76,4.08,0.17,0,0.25,10194.27,433.26,3
LN004919,CUST004919,Mortgage,44674.28,8.51,36,680,2309496.06,0,40.42,5.85,0.02,0,0.25,44674.28,223.37,1
LN004920,CUST004920,Auto Loan,39926.69,9.23,36,630,344397.79,0,76.69,5.36,0.08,0,0.25,39926.69,798.53,1
LN004921,CUST004921,Structured Credit,26955.09,7.12,120,608,777782.86,0,98.41,5.22,0.12,0,0.5,26955.09,1617.31,1
LN004922,CUST004922,Mortgage,11384.4,6.4,48,623,2069243.79,0,91.36,7.99,0.15,0,0.4,11384.4,683.06,1
LN004923,CUST004923,Mortgage,50512.39,8.8,360,788,2126405.78,60,55.12,7.05,0.05,0,0.25,50512.39,631.4,2
LN004924,CUST004924,Structured Credit,88462.12,8.08,60,678,500998.93,90,51.8,8.62,0.2,1,0.35,88462.12,6192.35,3
LN004925,CUST004925,Auto Loan,44116.44,7.73,240,687,2440967.76,0,77.57,5.67,0.02,0,0.25,44116.44,220.58,1
LN004926,CUST004926,Auto Loan,20065.72,9.71,48,652,1810048.41,120,89.36,4.63,0.21,1,0.4,20065.72,1685.52,3
LN004927,CUST004927,Mortgage,37465.9,9.83,60,558,863334.38,120,61.72,3.74,0.23,1,0.25,37465.9,2154.29,3
LN004928,CUST004928,Auto Loan,13956.77,5.32,60,781,1276085.2,0,65.94,7.03,0.05,0,0.25,13956.77,174.46,1
LN004929,CUST004929,Mortgage,76158.54,7.37,180,648,918561.89,120,46.93,8.05,0.26,0,0.25,76158.54,4950.31,3
LN004930,CUST004930,Structured Credit,38456.81,7.88,48,767,587550.06,120,49.17,4.1,0.17,0,0.35,38456.81,2288.18,3
LN004931,CUST004931,Mortgage,10533.23,5.68,180,786,905150.65,0,74.1,8.27,0.05,0,0.25,10533.23,131.67,1
LN004932,CUST004932,Auto Loan,29422.88,6.65,120,771,1555206.86,0,46.16,6.16,0.02,0,0.25,29422.88,147.11,1
LN004933,CUST004933,Structured Credit,50227.15,5.36,60,717,2108431.81,30,52.12,3.86,0.02,0,0.35,50227.15,351.59,2
LN004934,CUST004934,Mortgage,28763.62,11.97,36,611,1067940.42,30,54.08,6.86,0.08,0,0.25,28763.62,575.27,2
LN004935,CUST004935,Mortgage,29937.67,10.16,60,559,1032778.47,90,66.64,6.12,0.23,0,0.25,29937.67,1721.42,3
LN004936,CUST004936,Auto Loan,15412.26,5.61,120,783,1303001.58,60,42.74,3.17,0.02,0,0.25,15412.26,77.06,2
LN004937,CUST004937,Structured Credit,53991.33,5.14,60,636,1700250.1,0,69.99,5.4,0.08,0,0.35,53991.33,1511.76,1
LN004938,CUST004938,Mortgage,23065.0,10.04,180,816,1941136.59,60,95.72,7.71,0.09,0,0.4,23065.0,830.34,2
LN004939,CUST004939,Mortgage,8026.37,8.07,48,753,985298.89,0,41.47,6.33,0.02,0,0.25,8026.37,40.13,1
LN004940,CUST004940,Structured Credit,28004.48,10.51,36,790,1569293.05,0,77.86,4.69,0.02,1,0.35,28004.48,196.03,1
LN004941,CUST004941,Auto Loan,72171.81,11.46,180,605,1126061.89,0,90.15,8.57,0.15,0,0.4,72171.81,4330.31,1
LN004942,CUST004942,Mortgage,27698.94,9.2,240,659,1861899.66,0,58.75,4.43,0.02,0,0.25,27698.94,138.49,1
LN004943,CUST004943,Structured Credit,122588.62,6.31,48,598,620518.57,30,47.89,4.52,0.08,0,0.35,122588.62,3432.48,2
LN004944,CUST004944,Auto Loan,49034.41,10.48,36,792,828080.95,0,42.6,5.13,0.02,0,0.25,49034.41,245.17,1
LN004945,CUST004945,Mortgage,46033.78,11.69,120,565,1208635.94,0,78.63,8.37,0.11,0,0.25,46033.78,1265.93,1
LN004946,CUST004946,Structured Credit,33193.89,9.06,60,622,2251183.28,90,73.13,6.05,0.23,1,0.35,33193.89,2672.11,3
LN004947,CUST004947,Mortgage,34620.44,9.77,36,751,1539983.03,120,53.76,7.09,0.2,0,0.25,34620.44,1731.02,3
LN004948,CUST004948,Mortgage,30200.19,7.36,360,642,2422141.27,0,89.9,8.86,0.15,0,0.4,30200.19,1812.01,1
LN004949,CUST004949,Structured Credit,29390.05,7.67,240,686,482374.79,0,84.13,7.7,0.09,0,0.5,29390.05,1322.55,1
LN004950,CUST004950,Structured Credit,52659.77,10.14,120,582,1285394.68,90,56.59,4.04,0.23,0,0.35,52659.77,4239.11,3
LN004951,CUST004951,Auto Loan,18862.26,11.49,48,637,1192926.69,0,85.2,7.73,0.15,0,0.4,18862.26,1131.74,1
LN004952,CUST004952,Auto Loan,17100.69,9.4,360,752,1600463.9,90,54.7,7.49,0.2,1,0.25,17100.69,855.03,3
LN004953,CUST004953,Mortgage,16543.75,10.53,36,588,2076920.37,0,80.52,4.4,0.12,1,0.4,16543.75,794.1,1
LN004954,CUST004954,Mortgage,152049.01,6.2,120,663,2143258.06,120,47.11,4.95,0.17,0,0.25,152049.01,6462.08,3
LN004955,CUST004955,Mortgage,52640.45,6.48,48,796,1757937.87,90,81.53,7.26,0.24,0,0.4,52640.45,5053.48,3
LN004956,CUST004956,Mortgage,44942.74,8.72,360,757,1693456.82,0,54.33,4.43,0.02,0,0.25,44942.74,224.71,1
LN004957,CUST004957,Auto Loan,17322.12,6.24,360,846,2385316.47,60,74.35,4.25,0.02,0,0.25,17322.12,86.61,2
LN004958,CUST004958,Mortgage,56181.32,9.44,180,760,1113296.65,0,50.35,7.22,0.05,0,0.25,56181.32,702.27,1
LN004959,CUST004959,Auto Loan,33469.84,7.04,60,608,2123762.46,120,83.56,8.28,0.3,1,0.4,33469.84,4016.38,3
LN004960,CUST004960,Mortgage,42189.15,10.54,120,705,2323383.39,0,43.65,3.45,0.02,0,0.25,42189.15,210.95,1
LN004961,CUST004961,Mortgage,18331.31,10.66,360,671,1355963.3,0,49.93,5.68,0.02,0,0.25,18331.31,91.66,1
LN004962,CUST004962,Auto Loan,40627.0,8.25,180,669,1890480.8,120,51.05,6.64,0.17,0,0.25,40627.0,1726.65,3
LN004963,CUST004963,Auto Loan,26992.56,6.27,240,846,1098294.68,0,42.48,7.06,0.05,0,0.25,26992.56,337.41,1
LN004964,CUST004964,Mortgage,21249.15,9.53,240,611,607477.78,0,84.7,8.98,0.15,0,0.4,21249.15,1274.95,1
LN004965,CUST004965,Mortgage,60710.65,11.95,48,707,1569633.73,0,98.86,7.1,0.09,0,0.4,60710.65,2185.58,1
LN004966,CUST004966,Auto Loan,12377.12,9.36,360,589,692061.21,60,86.7,6.72,0.12,1,0.4,12377.12,594.1,2
LN004967,CUST004967,Structured Credit,53924.67,5.25,360,791,1279598.04,0,91.64,8.94,0.09,1,0.5,53924.67,2426.61,1
LN004968,CUST004968,Mortgage,58638.12,5.12,36,589,2213978.45,120,40.36,3.36,0.23,1,0.25,58638.12,3371.69,3
LN004969,CUST004969,Structured Credit,19618.91,7.24,360,739,443540.92,60,47.07,3.45,0.02,0,0.35,19618.91,137.33,2
LN004970,CUST004970,Mortgage,20450.65,6.37,60,783,318464.21,120,73.54,6.36,0.17,0,0.25,20450.65,869.15,3
LN004971,CUST004971,Mortgage,31066.4,10.69,48,564,1614575.16,0,98.67,5.15,0.12,0,0.4,31066.4,1491.19,1
LN004972,CUST004972,Structured Credit,44241.8,10.91,120,673,994887.98,0,79.64,3.58,0.02,0,0.35,44241.8,309.69,1
LN004973,CUST004973,Mortgage,32630.46,6.81,360,777,1190359.84,0,62.45,4.84,0.02,0,0.25,32630.46,163.15,1
LN004974,CUST004974,Mortgage,49192.37,7.28,60,829,1162848.82,0,48.77,7.05,0.05,0,0.25,49192.37,614.9,1
LN004975,CUST004975,Auto Loan,124752.34,6.65,360,597,444895.52,0,49.17,8.28,0.11,0,0.25,124752.34,3430.69,1
LN004976,CUST004976,Mortgage,25453.24,11.36,180,738,258024.47,120,61.77,3.57,0.17,0,0.25,25453.24,1081.76,3
LN004977,CUST004977,Auto Loan,10931.17,8.52,60,596,2271452.3,90,82.83,6.24,0.27,0,0.4,10931.17,1180.57,3
LN004978,CUST004978,Auto Loan,64740.78,9.59,180,733,740046.76,0,41.91,4.78,0.02,0,0.25,64740.78,323.7,1
LN004979,CUST004979,Auto Loan,117985.88,7.91,48,654,1208677.73,0,91.13,7.0,0.06,0,0.4,117985.88,2831.66,1
LN004980,CUST004980,Auto Loan,47807.5,9.42,360,796,2436833.04,0,96.49,6.3,0.06,0,0.4,47807.5,1147.38,1
LN004981,CUST004981,Structured Credit,16959.37,7.7,36,813,2110215.81,0,93.33,8.56,0.09,0,0.5,16959.37,763.17,1
LN004982,CUST004982,Auto Loan,33298.76,7.38,240,755,492844.42,0,94.78,3.23,0.06,0,0.4,33298.76,799.17,1
LN004983,CUST004983,Mortgage,16597.93,9.44,60,567,1394167.82,90,40.92,5.82,0.23,0,0.25,16597.93,954.38,3
LN004984,CUST004984,Structured Credit,56953.98,9.14,36,800,1892677.81,120,98.67,4.16,0.21,0,0.5,56953.98,5980.17,3
LN004985,CUST004985,Mortgage,14102.35,7.05,36,787,1821383.77,0,61.98,6.22,0.02,0,0.25,14102.35,70.51,1
LN004986,CUST004986,Auto Loan,29434.12,6.05,240,615,1961894.17,0,92.16,8.12,0.15,0,0.4,29434.12,1766.05,1
LN004987,CUST004987,Mortgage,17979.07,7.58,60,699,1279272.97,0,51.21,8.47,0.05,0,0.25,17979.07,224.74,1
LN004988,CUST004988,Mortgage,39686.93,7.91,360,742,645826.59,90,66.79,5.39,0.17,0,0.25,39686.93,1686.69,3
LN004989,CUST004989,Mortgage,28101.01,9.4,60,696,1295963.0,60,42.65,7.87,0.05,0,0.25,28101.01,351.26,2
LN004990,CUST004990,Mortgage,41098.77,11.4,36,732,1707746.31,0,42.4,4.68,0.02,0,0.25,41098.77,205.49,1
LN004991,CUST004991,Structured Credit,36888.14,5.25,120,655,1619332.19,90,96.6,3.04,0.21,1,0.5,36888.14,3873.25,3
LN004992,CUST004992,Mortgage,18202.95,6.71,120,785,408674.62,0,88.64,8.13,0.09,0,0.4,18202.95,655.31,1
LN004993,CUST004993,Auto Loan,56320.5,6.36,60,675,396142.98,0,71.79,3.72,0.02,0,0.25,56320.5,281.6,1
LN004994,CUST004994,Mortgage,35096.76,8.52,36,728,2421830.12,30,71.53,3.11,0.02,0,0.25,35096.76,175.48,2
LN004995,CUST004995,Auto Loan,18179.13,8.01,36,562,591562.27,120,84.93,5.12,0.27,0,0.4,18179.13,1963.35,3
LN004996,CUST004996,Structured Credit,174320.11,10.1,48,780,912540.54,0,60.5,5.28,0.02,0,0.35,174320.11,1220.24,1
LN004997,CUST004997,Auto Loan,50690.87,6.7,36,577,1977177.58,0,85.71,3.46,0.12,0,0.4,50690.87,2433.16,1
LN004998,CUST004998,Auto Loan,32621.2,9.16,240,810,1171773.42,30,69.1,7.89,0.05,0,0.25,32621.2,407.77,2
LN004999,CUST004999,Structured Credit,97796.41,11.19,120,649,658295.92,90,78.28,5.43,0.23,0,0.35,97796.41,7872.61,3
LN005000,CUST005000,Mortgage,131830.32,11.37,48,737,1301272.86,0,97.89,5.94,0.06,0,0.4,131830.32,3163.93,1
